,post_id,fact_check_id
0,2228,33
1,2228,23568
2,2228,194577
3,2229,33
4,2229,23568
5,2229,194577
6,6088,33
7,6088,23568
8,6088,194577
9,21033,33
10,21033,23568
11,21033,194577
12,3858,156
13,17393,156
14,17397,156
15,3768,214
16,3003,263
17,3003,13530
18,3003,146984
19,2303,263
20,2303,13530
21,2303,146984
22,5013,354
23,5013,66349
24,6843,354
25,6843,66349
26,20650,354
27,20650,66349
28,14457,354
29,14457,66349
30,27179,354
31,27179,66349
32,15091,354
33,15091,66349
34,10820,354
35,10820,66349
36,2986,354
37,2986,66349
38,22399,371
39,22399,107487
40,22403,371
41,22403,107487
42,22404,371
43,22404,107487
44,4876,375
45,4876,118701
46,5067,376
47,5067,11828
48,5067,109912
49,15078,376
50,15078,11828
51,15078,109912
52,10187,406
53,10187,111106
54,5131,433
55,5131,1501
56,5131,47014
57,5131,47042
58,294,433
59,294,1501
60,294,47014
61,294,47042
62,381,433
63,381,1501
64,381,47014
65,381,47042
66,5668,535
67,5668,12762
68,5668,102478
69,736,968
70,736,49925
71,8199,968
72,8199,49925
73,27280,968
74,27280,49925
75,2246,969
76,17986,969
77,14979,988
78,14979,11765
79,14979,124675
80,4897,988
81,4897,11765
82,4897,124675
83,13644,1032
84,14098,1032
85,15915,1032
86,2770,1133
87,7320,1136
88,7320,147714
89,19786,1136
90,19786,147714
91,19785,1136
92,19785,147714
93,5632,1231
94,7617,1236
95,4579,1236
96,10241,1298
97,10241,39886
98,10241,88079
99,10268,1339
100,10268,88265
101,9133,1570
102,9133,123651
103,9133,123652
104,1008,1941
105,1008,131402
106,28004,1941
107,28004,131402
108,2313,1956
109,20597,1956
110,4939,2005
111,4939,53565
112,4939,59343
113,4940,2005
114,4940,53565
115,4940,59343
116,4938,2005
117,4938,53565
118,4938,59343
119,19317,2024
120,19317,61168
121,3031,2040
122,3031,136646
123,21922,2066
124,21922,62543
125,21922,116487
126,1118,2170
127,8506,2204
128,8506,65765
129,8507,2204
130,8507,65765
131,15614,2278
132,15614,96514
133,15614,110733
134,4148,2278
135,4148,96514
136,4148,110733
137,27107,2287
138,27107,45894
139,27107,96429
140,18463,2287
141,18463,45894
142,18463,96429
143,20767,2413
144,20767,43572
145,20767,111590
146,14844,2413
147,14844,43572
148,14844,111590
149,27862,2413
150,27862,43572
151,27862,111590
152,5833,2413
153,5833,43572
154,5833,111590
155,2367,2629
156,2367,98543
157,19502,3057
158,19502,75532
159,19502,75533
160,19502,197220
161,12522,3057
162,12522,75532
163,12522,75533
164,12522,197220
165,6631,3057
166,6631,75532
167,6631,75533
168,6631,197220
169,21201,3130
170,21201,10927
171,21201,102574
172,6573,3130
173,6573,10927
174,6573,102574
175,16683,3236
176,9843,3246
177,13469,3246
178,13502,3246
179,13564,3271
180,15394,3327
181,15394,62626
182,25867,3332
183,25867,51854
184,12430,3332
185,12430,51854
186,11,3332
187,11,51854
188,13977,3351
189,21011,3493
190,21011,88107
191,21011,136005
192,18902,3493
193,18902,88107
194,18902,136005
195,11618,3493
196,11618,88107
197,11618,136005
198,5412,3694
199,5412,147561
200,12546,3721
201,12546,92155
202,4857,3721
203,4857,92155
204,6230,3721
205,6230,92155
206,28,3857
207,29,3857
208,30,3857
209,5591,3857
210,1547,3889
211,2906,3889
212,9637,3889
213,15311,3889
214,15312,3889
215,15313,3889
216,25590,3889
217,25633,3889
218,15387,3943
219,15387,35907
220,15387,108580
221,14917,3943
222,14917,35907
223,14917,108580
224,1770,3999
225,1771,3999
226,2365,3999
227,3246,3999
228,15470,3999
229,16951,4095
230,20216,4118
231,20216,53917
232,17233,4118
233,17233,53917
234,744,4118
235,744,53917
236,18913,4355
237,10440,4388
238,4533,4404
239,27749,4404
240,231,4437
241,231,41013
242,19334,4437
243,19334,41013
244,21617,4437
245,21617,41013
246,4559,4437
247,4559,41013
248,16045,4439
249,16045,66314
250,5034,4536
251,5034,18020
252,5034,118724
253,5311,4536
254,5311,18020
255,5311,118724
256,5035,4536
257,5035,18020
258,5035,118724
259,13076,4536
260,13076,18020
261,13076,118724
262,16972,4629
263,16972,88257
264,5552,4629
265,5552,88257
266,1766,94326
267,1767,4685
268,1767,40524
269,1767,93185
270,1767,96649
271,2411,4685
272,2411,40524
273,2411,93185
274,9896,4685
275,9896,40524
276,9896,93185
277,431,4685
278,431,40524
279,431,93185
280,9251,4700
281,9251,115264
282,10793,4700
283,10793,115264
284,17974,4700
285,17974,115264
286,17691,4803
287,17691,114028
288,17186,4803
289,17186,114028
290,17187,4803
291,17187,114028
292,40,4895
293,18827,4895
294,27578,4895
295,27581,4895
296,27586,4895
297,18134,4909
298,18134,41582
299,18134,41583
300,26988,4909
301,26988,41582
302,26988,41583
303,10451,4961
304,18388,4961
305,3002,5112
306,27764,5112
307,17923,5116
308,1869,5127
309,10912,5166
310,10912,85512
311,10912,119733
312,19181,5166
313,19181,85512
314,19181,119733
315,10233,5166
316,10233,85512
317,10233,119733
318,8647,5214
319,8647,131688
320,27727,5346
321,27727,102435
322,27727,102440
323,2049,5498
324,8537,5498
325,8537,84347
326,9435,6133
327,8853,6248
328,8853,26926
329,4213,6248
330,4213,26926
331,27611,6399
332,15562,6405
333,15562,146851
334,50,6424
335,50,90502
336,20781,6424
337,20781,90502
338,26978,6425
339,26978,54261
340,20943,6425
341,20943,54261
342,5767,19000
343,5767,19801
344,5767,98205
345,5767,140676
346,5767,142879
347,5767,142880
348,5767,143491
349,5767,143646
350,5767,143648
351,5767,143651
352,20946,6429
353,20946,147727
354,10351,6429
355,10351,147727
356,20945,6429
357,20945,147727
358,6408,7111
359,26986,7168
360,26986,75527
361,26986,147404
362,27339,7168
363,27339,75527
364,27339,147404
365,15551,7168
366,15551,75527
367,15551,147404
368,15637,7168
369,15637,75527
370,15637,147404
371,26940,7276
372,26940,96768
373,26939,7276
374,26939,96768
375,21505,7281
376,21505,41402
377,21505,59296
378,22870,7355
379,23682,7372
380,3275,7679
381,3275,110500
382,5701,7679
383,5701,110500
384,3447,7690
385,3666,7698
386,3667,7698
387,22128,7698
388,3886,7714
389,3903,7715
390,23053,7719
391,3912,7743
392,3919,7750
393,137,7789
394,1872,7789
395,5853,7789
396,4841,7793
397,4841,139882
398,666,7803
399,7423,7803
400,11228,7803
401,6818,7848
402,6819,7848
403,23982,7852
404,23982,72314
405,23981,7852
406,23981,72314
407,12748,7869
408,16244,7869
409,19728,7869
410,21949,78160
411,21949,78162
412,6999,7956
413,6999,54649
414,15997,7956
415,15997,54649
416,5026,7974
417,3814,8031
418,3814,67682
419,3814,139144
420,1806,8031
421,1806,67682
422,1806,139144
423,19638,8047
424,19638,154618
425,21293,8048
426,7418,8051
427,23766,8073
428,2967,8077
429,20764,8077
430,20766,8077
431,4021,8144
432,24998,8144
433,25289,8145
434,25290,8145
435,10105,8263
436,10105,51475
437,10105,80497
438,15416,8263
439,15416,51475
440,15416,80497
441,27643,115144
442,27643,141323
443,27643,141324
444,23353,8530
445,13362,8594
446,13363,8594
447,22078,138769
448,26053,138769
449,26562,138769
450,26711,138769
451,19169,8679
452,19169,117958
453,21377,8679
454,21377,117958
455,15686,8700
456,15686,8701
457,16386,8712
458,20036,8726
459,20036,137147
460,25375,8729
461,18109,8733
462,21991,8778
463,6737,8800
464,21337,8800
465,4164,8857
466,4482,8857
467,4483,8857
468,25586,8857
469,19947,8905
470,12811,8925
471,2945,8926
472,4493,8926
473,2990,8930
474,13924,8930
475,17699,8930
476,10765,8956
477,26949,8959
478,27736,8960
479,4419,8968
480,4419,71293
481,11601,8968
482,11601,71293
483,21718,8968
484,21718,71293
485,15889,9008
486,15889,126438
487,11849,9026
488,18489,9058
489,4507,9071
490,4523,9158
491,14661,9158
492,13566,9199
493,5077,9237
494,27072,9237
495,17098,9239
496,12714,39552
497,4530,9255
498,4530,59177
499,17316,9319
500,25839,9330
501,4542,9369
502,4542,151915
503,21867,9369
504,21867,151915
505,12404,9410
506,14921,9418
507,11336,9449
508,11336,154733
509,24879,9470
510,24879,144306
511,18103,9547
512,21316,9571
513,19305,9584
514,19305,41564
515,27918,144062
516,14973,9641
517,26723,105648
518,2672,132168
519,2300,15081
520,25812,15081
521,2500,104448
522,26605,104448
523,26631,104448
524,27047,9675
525,21131,9682
526,8749,9692
527,17624,9692
528,18394,9699
529,16649,9700
530,16650,9700
531,20067,9712
532,26804,9723
533,335,9728
534,9011,9758
535,9739,9758
536,21424,9758
537,9309,9759
538,10398,9759
539,11075,9759
540,18153,9759
541,18507,9789
542,18507,9790
543,18507,63129
544,18506,9789
545,18506,9790
546,18506,63129
547,4602,9902
548,4603,9902
549,27909,9902
550,23821,9922
551,24251,9922
552,24386,9922
553,3353,10030
554,3354,10030
555,7996,10030
556,9807,10045
557,219,10047
558,2940,10057
559,4620,10076
560,11519,10110
561,27470,10110
562,23406,10113
563,4071,10120
564,26117,10120
565,4631,10179
566,4631,142849
567,4541,10212
568,4541,27740
569,13479,10291
570,19691,10299
571,209,10340
572,209,71397
573,12919,10340
574,12919,71397
575,19229,10382
576,6916,10388
577,8297,10388
578,27570,10388
579,4655,10411
580,20912,10412
581,4657,10421
582,4657,10423
583,27314,10441
584,4660,10445
585,291,10453
586,20353,10454
587,20369,10454
588,7059,10497
589,4665,10498
590,5159,10512
591,12575,10512
592,17512,10520
593,3364,10537
594,2556,10545
595,8204,10564
596,3045,94961
597,26656,94961
598,4674,10613
599,9839,10637
600,13589,10639
601,13590,10639
602,6875,10640
603,11852,10640
604,2550,10652
605,14140,10666
606,14141,10666
607,14142,10666
608,12920,10695
609,310,103687
610,24192,103687
611,20733,10758
612,4686,10782
613,13272,10822
614,21716,10822
615,27317,10822
616,7125,10826
617,7125,33784
618,7125,33812
619,19208,10826
620,19208,33784
621,19208,33812
622,19207,10826
623,19207,33784
624,19207,33812
625,5400,10827
626,16656,10834
627,169,10859
628,1503,10859
629,2274,10859
630,7845,10890
631,7845,30601
632,7041,10891
633,20344,10908
634,25675,10908
635,12083,10909
636,13663,10909
637,4705,10980
638,20441,10987
639,1853,11021
640,1853,116674
641,21598,11021
642,21598,116674
643,1331,11042
644,1331,155747
645,13343,11042
646,13343,155747
647,14509,11079
648,593,11080
649,1645,11080
650,3799,11080
651,14201,11081
652,9159,11090
653,12388,11108
654,14020,11114
655,15599,11120
656,15699,11120
657,10887,11144
658,331,11149
659,25975,11437
660,23438,11501
661,576,11550
662,19201,11550
663,21162,11699
664,834,11734
665,834,27279
666,834,27280
667,18310,11734
668,18310,27279
669,18310,27280
670,24177,11744
671,24178,11744
672,20101,11758
673,20101,30847
674,20101,63973
675,3462,11758
676,3462,30847
677,3462,63973
678,9268,11758
679,9268,30847
680,9268,63972
681,9268,63973
682,3156,11764
683,8607,11764
684,19888,11764
685,1265,11780
686,1265,40417
687,5891,11797
688,6249,11797
689,15118,11808
690,15118,194416
691,17631,11808
692,17631,194416
693,21589,11808
694,21589,194416
695,1594,11815
696,15822,11815
697,18465,11815
698,18564,11847
699,19605,11847
700,4820,11873
701,7123,11875
702,7124,11875
703,11834,11875
704,7917,11896
705,7917,33833
706,9706,11972
707,4229,119212
708,12783,11978
709,12783,119212
710,4228,11978
711,4228,119212
712,687,12042
713,25652,12042
714,2123,12049
715,2123,12050
716,19934,12049
717,19934,12050
718,20194,12049
719,20194,12050
720,17206,12049
721,17206,12050
722,16176,12056
723,16176,28599
724,16176,85571
725,26873,12056
726,26873,28599
727,26873,85571
728,5841,12091
729,5841,103525
730,4467,12091
731,4467,103525
732,6713,12091
733,6713,103525
734,16642,12117
735,4180,12120
736,4180,14094
737,14761,12120
738,14761,14094
739,12036,12222
740,7172,12223
741,5766,12231
742,5766,103552
743,11014,12231
744,11014,103552
745,25630,12260
746,10357,12294
747,2159,12302
748,2159,61285
749,10375,12302
750,10375,61285
751,4834,12303
752,9091,12303
753,17205,12303
754,2328,77291
755,4146,12310
756,8482,12310
757,11222,12310
758,11256,12310
759,19127,113128
760,19128,113128
761,19126,113128
762,2812,12402
763,2812,132527
764,2812,139066
765,24054,12419
766,15196,12441
767,22486,12442
768,22490,12442
769,4844,12443
770,10383,12444
771,10385,12444
772,12159,12444
773,16372,12444
774,5078,12511
775,27723,12511
776,11351,12526
777,13843,12526
778,19684,12526
779,13941,12532
780,13941,86998
781,13941,86999
782,26966,12532
783,26966,86998
784,26966,86999
785,11314,12532
786,11314,86998
787,11314,86999
788,4864,12594
789,10914,12617
790,20054,12621
791,20054,91121
792,5692,12627
793,18362,12627
794,1532,12648
795,1532,93241
796,4946,12648
797,4946,93241
798,4947,12648
799,4947,93241
800,4868,12687
801,4869,12687
802,4870,12687
803,2907,12698
804,6426,12698
805,15388,12698
806,26905,12698
807,4871,12709
808,6499,12709
809,2778,12718
810,4872,12718
811,9728,12718
812,19192,12742
813,3325,12757
814,9014,12757
815,10020,12757
816,14213,12764
817,15617,12764
818,18815,12764
819,17038,12765
820,8145,12777
821,13130,12778
822,20625,12778
823,16950,12789
824,10475,12891
825,14431,12907
826,14431,56283
827,14431,121262
828,14432,12907
829,14432,56283
830,14432,121262
831,19275,12925
832,16907,12946
833,16907,107213
834,18925,12946
835,18925,107213
836,6035,12973
837,6035,95537
838,6035,95539
839,6035,142835
840,19640,12973
841,19640,95537
842,19640,95539
843,19640,142835
844,19816,13026
845,22393,13027
846,830,13039
847,830,71950
848,15873,13039
849,15873,71950
850,24612,13039
851,24612,71950
852,4357,13118
853,8093,13118
854,5672,13138
855,9869,13138
856,16160,13138
857,20517,13138
858,14703,13146
859,14703,90551
860,14139,13146
861,14139,90551
862,28064,13217
863,1000,13223
864,1001,13223
865,4836,13223
866,10907,13223
867,4904,13226
868,18958,13226
869,17371,13235
870,3367,13236
871,4905,13236
872,11040,13236
873,11041,13236
874,5878,13277
875,5878,24204
876,1763,13279
877,1763,24667
878,1763,120019
879,1763,139090
880,15837,13349
881,5605,13377
882,20658,13435
883,556,13440
884,2376,13440
885,2377,13440
886,2378,13440
887,5666,13440
888,10869,13440
889,557,13456
890,1813,13456
891,2342,13456
892,11579,13456
893,18966,13456
894,20513,13456
895,10382,13459
896,11493,13459
897,15810,13459
898,5309,13461
899,12538,13476
900,26775,13509
901,5376,13510
902,13645,13510
903,14206,13510
904,21774,13510
905,28082,13510
906,9004,13531
907,15181,13640
908,15181,94218
909,2055,13714
910,300,13729
911,300,13730
912,300,146962
913,13052,13729
914,13052,13730
915,13052,146962
916,19320,13745
917,19320,105692
918,5846,13745
919,5846,105692
920,21240,13745
921,21240,105692
922,14484,61816
923,19135,61816
924,3365,61816
925,25691,61816
926,1288,64798
927,6579,64798
928,16049,64798
929,8190,64798
930,18901,13824
931,2547,13856
932,2547,41333
933,9609,13883
934,9609,82636
935,682,25019
936,5824,13890
937,5824,25019
938,4010,13902
939,24644,13902
940,24658,13902
941,71,13904
942,22005,13904
943,4933,13907
944,17785,13907
945,19946,13914
946,15576,13929
947,15576,36895
948,17837,13929
949,17837,36895
950,8375,13953
951,8376,13953
952,473,13954
953,1111,13956
954,10350,14002
955,8956,14018
956,8956,47952
957,8956,47954
958,8957,14018
959,8957,47952
960,8957,47954
961,15635,14070
962,10496,14073
963,9732,14083
964,9732,45791
965,9732,45801
966,9862,14083
967,9862,45791
968,9862,45801
969,14601,14083
970,14601,45791
971,14601,45801
972,27049,14083
973,27049,45791
974,27049,45801
975,4803,14084
976,26700,14096
977,26566,14096
978,4830,14103
979,4831,14103
980,6104,14103
981,6105,14103
982,15530,14119
983,7515,80549
984,7515,80550
985,14478,14125
986,14479,14125
987,257,80549
988,257,80550
989,21892,80549
990,21892,80550
991,18251,14166
992,18251,77486
993,18252,77486
994,19492,14177
995,26908,14178
996,26908,144114
997,26909,14178
998,26909,144114
999,26910,14178
1000,26910,144114
1001,4117,14187
1002,26340,14191
1003,21217,14208
1004,15114,14210
1005,4962,14252
1006,15636,14266
1007,15636,113416
1008,16744,14266
1009,16744,113416
1010,35,14267
1011,2916,14267
1012,2917,14267
1013,2918,14267
1014,2919,14267
1015,4966,14304
1016,2295,14330
1017,2295,56981
1018,15964,14330
1019,15964,56981
1020,14842,14331
1021,19187,14331
1022,19941,14332
1023,19942,14332
1024,1684,14333
1025,2511,14333
1026,9703,14333
1027,10941,14333
1028,4398,14335
1029,16609,14335
1030,3000,14336
1031,3001,14336
1032,21597,14336
1033,1950,14339
1034,11930,14339
1035,4382,14340
1036,10479,14340
1037,12588,14340
1038,1952,14342
1039,12175,14342
1040,18701,14342
1041,822,14343
1042,1923,14344
1043,21177,14344
1044,21187,14381
1045,12644,77131
1046,15640,77131
1047,6708,77131
1048,24149,14414
1049,24149,104214
1050,24149,105762
1051,24147,14414
1052,24147,104214
1053,24147,105762
1054,9117,14495
1055,11998,14495
1056,12439,14537
1057,12440,14537
1058,4178,14545
1059,3633,14559
1060,19139,14559
1061,20622,14573
1062,16851,14576
1063,27094,14576
1064,15626,14580
1065,15626,28474
1066,10547,14593
1067,13828,14593
1068,14288,14593
1069,24688,14596
1070,24718,14596
1071,4993,14623
1072,14556,14624
1073,14556,50200
1074,215,14629
1075,5002,14742
1076,6833,14742
1077,7876,14742
1078,3407,14765
1079,18359,14765
1080,12355,14772
1081,15124,14772
1082,8678,14807
1083,22295,14821
1084,5005,14841
1085,6840,14841
1086,21756,14841
1087,22401,14841
1088,22402,14841
1089,367,14857
1090,1627,14857
1091,21906,14857
1092,8625,14874
1093,14857,14874
1094,15044,14874
1095,10764,14893
1096,10764,43276
1097,10764,95015
1098,2260,14893
1099,2260,43276
1100,2260,95015
1101,2259,14893
1102,2259,43276
1103,2259,95015
1104,27991,14922
1105,27991,72965
1106,5711,14990
1107,26021,14990
1108,11593,15041
1109,11593,23881
1110,11593,25760
1111,11593,35657
1112,11593,59999
1113,12272,15041
1114,12272,23881
1115,12272,25760
1116,12272,35657
1117,17902,59999
1118,12080,15041
1119,12080,23881
1120,12080,25760
1121,12080,35657
1122,19692,15041
1123,19692,23881
1124,19692,25760
1125,19692,35657
1126,19533,15061
1127,368,15093
1128,368,15094
1129,368,87271
1130,5011,15093
1131,5011,15094
1132,5011,87271
1133,5012,15093
1134,5012,15094
1135,5012,87271
1136,19778,15093
1137,19778,15094
1138,19778,87271
1139,3504,15093
1140,3504,15094
1141,3504,87271
1142,14421,15211
1143,27171,15245
1144,27171,19433
1145,27171,41195
1146,27171,102246
1147,11455,15245
1148,11455,19433
1149,11455,41195
1150,11455,102246
1151,14072,15298
1152,14072,87295
1153,12372,87295
1154,2527,15315
1155,23788,15315
1156,25573,15315
1157,9864,15333
1158,15439,15333
1159,22417,15357
1160,22417,59233
1161,9727,15357
1162,9727,59233
1163,10976,15397
1164,21248,15472
1165,4201,15559
1166,6931,15559
1167,5017,15603
1168,7302,15603
1169,17293,15603
1170,15691,15605
1171,21813,15605
1172,14155,15627
1173,14155,44138
1174,14155,50043
1175,14156,15627
1176,14156,44138
1177,14156,50043
1178,11144,15627
1179,11144,44138
1180,11144,50043
1181,14154,15627
1182,14154,44138
1183,14154,50043
1184,27135,15633
1185,21859,15645
1186,20740,15675
1187,20740,110100
1188,11371,15682
1189,10214,15688
1190,10214,102225
1191,3463,15688
1192,3463,102225
1193,8846,15690
1194,4941,15695
1195,28025,15776
1196,28025,102905
1197,28025,103448
1198,10240,15776
1199,10240,102905
1200,10240,103448
1201,12331,15776
1202,12331,102905
1203,12331,103448
1204,11975,15781
1205,11975,68337
1206,2175,15784
1207,24028,15784
1208,1464,15788
1209,13936,15793
1210,19836,15794
1211,4851,15808
1212,12137,59407
1213,12138,59407
1214,11543,15830
1215,263,59447
1216,264,59447
1217,7044,59447
1218,510,15839
1219,513,15839
1220,12600,15839
1221,22958,15846
1222,23848,15848
1223,3267,15908
1224,3267,91944
1225,8786,15908
1226,8786,91944
1227,20169,15959
1228,20169,68998
1229,20169,104913
1230,20169,136408
1231,20170,15959
1232,20170,68998
1233,20170,104913
1234,20170,136408
1235,15789,15970
1236,15789,62388
1237,15307,15970
1238,15307,62388
1239,15790,15970
1240,15790,62388
1241,26314,15970
1242,26314,62388
1243,19570,15994
1244,19570,21711
1245,19570,68575
1246,19570,106154
1247,19570,132124
1248,21574,15994
1249,21574,21711
1250,21574,68575
1251,21574,106154
1252,21574,132124
1253,19912,15994
1254,19912,21711
1255,19912,68575
1256,19912,106154
1257,19912,132124
1258,18356,15994
1259,18356,21711
1260,18356,68575
1261,18356,106154
1262,18356,132124
1263,4545,16020
1264,11965,16033
1265,11966,16033
1266,11967,16033
1267,17382,16033
1268,21075,62891
1269,16340,16188
1270,27645,17368
1271,27645,150293
1272,20122,17368
1273,20122,150293
1274,23771,17430
1275,2258,17530
1276,2258,25903
1277,26974,17530
1278,26974,25903
1279,12081,17563
1280,12081,34734
1281,19656,17633
1282,15867,17636
1283,16601,17639
1284,16601,106412
1285,10403,17639
1286,10403,106412
1287,12875,17652
1288,3464,17654
1289,17167,17654
1290,18829,17654
1291,20806,17654
1292,4866,17672
1293,4867,17672
1294,4981,17672
1295,8161,17672
1296,17609,17672
1297,18727,17672
1298,5062,17675
1299,5063,17675
1300,11032,17678
1301,20665,17678
1302,21290,17687
1303,21290,142409
1304,21290,144994
1305,3778,17716
1306,20796,17770
1307,20796,61405
1308,12274,17779
1309,23062,17799
1310,12012,17804
1311,12012,87426
1312,24339,17878
1313,24340,17878
1314,24341,17878
1315,1652,17917
1316,7372,17918
1317,16741,17918
1318,870,17920
1319,871,17920
1320,6904,17920
1321,799,17934
1322,799,114260
1323,4390,17934
1324,4390,114260
1325,11261,17934
1326,11261,114260
1327,563,18010
1328,563,47489
1329,563,70000
1330,16634,18010
1331,16634,47489
1332,16634,70000
1333,21194,18010
1334,21194,47489
1335,21194,70000
1336,8509,18014
1337,8509,196493
1338,25700,18014
1339,25700,196493
1340,370,18017
1341,5031,18017
1342,5032,18017
1343,7989,18017
1344,19108,18017
1345,16571,18072
1346,16571,65485
1347,16571,69245
1348,16571,103072
1349,16571,103382
1350,16571,104273
1351,16570,18072
1352,16570,65485
1353,16570,69245
1354,16570,103072
1355,16570,103382
1356,16570,104273
1357,17864,18089
1358,19395,18135
1359,11059,18212
1360,14101,18212
1361,21067,18212
1362,16911,74571
1363,11404,18354
1364,19667,18384
1365,11757,18430
1366,5466,18449
1367,5466,49082
1368,23928,18477
1369,5934,18533
1370,17332,18533
1371,16298,18557
1372,17657,18557
1373,18087,18557
1374,1538,18560
1375,16066,18561
1376,16066,147830
1377,16068,18561
1378,16068,147830
1379,16069,18561
1380,16069,147830
1381,20232,18563
1382,20233,18563
1383,20234,18563
1384,28007,18564
1385,16060,18565
1386,1557,18570
1387,2808,18570
1388,1044,18571
1389,1045,18571
1390,20504,18578
1391,5115,18603
1392,5115,41507
1393,5115,140179
1394,20719,18603
1395,20719,41507
1396,20719,140179
1397,14955,18605
1398,18199,18605
1399,8604,18606
1400,8604,76950
1401,8604,118366
1402,8604,139349
1403,9090,18606
1404,9090,76950
1405,9090,118366
1406,9090,139349
1407,9867,18606
1408,9867,76950
1409,9867,118366
1410,9867,139349
1411,12705,18606
1412,12705,76950
1413,12705,118366
1414,12705,139349
1415,12707,18606
1416,12707,76950
1417,12707,118366
1418,12707,139349
1419,20455,18606
1420,20455,76950
1421,20455,118366
1422,20455,139349
1423,26993,18606
1424,26993,76950
1425,26993,118366
1426,26993,139349
1427,8304,18606
1428,8304,76950
1429,8304,118366
1430,8304,139349
1431,23536,18607
1432,20646,18785
1433,2665,18790
1434,26476,18790
1435,18051,18819
1436,18051,144097
1437,21079,140369
1438,20009,140369
1439,20008,140369
1440,21078,140369
1441,23043,18832
1442,23044,18832
1443,23045,18832
1444,18344,18841
1445,12105,101514
1446,11064,18848
1447,21288,18848
1448,19228,18857
1449,3700,18858
1450,3700,130567
1451,3700,143480
1452,1155,18876
1453,13455,18876
1454,23251,18886
1455,23252,18886
1456,5572,18964
1457,18610,18972
1458,18610,21452
1459,19927,18973
1460,10911,19033
1461,10911,142955
1462,6400,134314
1463,20172,19141
1464,20172,140313
1465,20172,143499
1466,20172,143674
1467,4892,19157
1468,4892,136387
1469,21224,19228
1470,21224,142150
1471,12320,19228
1472,12320,142150
1473,17866,19405
1474,17737,19590
1475,17737,57945
1476,17737,140587
1477,17737,144435
1478,11073,19720
1479,11073,103955
1480,7966,19731
1481,7966,69011
1482,7966,69268
1483,7966,69725
1484,7966,104370
1485,8669,19731
1486,8669,69011
1487,8669,69268
1488,8669,69725
1489,8669,104370
1490,20739,19808
1491,20739,57957
1492,18180,19808
1493,18180,57957
1494,20738,19808
1495,20738,57957
1496,14279,19816
1497,14279,142954
1498,11225,19816
1499,11225,142954
1500,10568,19851
1501,11971,19873
1502,19381,19873
1503,5864,19952
1504,17958,19952
1505,23834,19957
1506,23835,19957
1507,23836,19957
1508,7421,19987
1509,2538,20033
1510,23870,20037
1511,23870,86293
1512,5121,20071
1513,26483,20071
1514,26484,20071
1515,10421,20097
1516,23859,20190
1517,23859,20220
1518,23859,20708
1519,18014,20190
1520,18014,20220
1521,18014,20708
1522,23871,20190
1523,23871,20220
1524,23871,20708
1525,23858,20190
1526,23858,20220
1527,23858,20708
1528,23878,20190
1529,23878,20220
1530,23878,20708
1531,5171,20410
1532,15859,20410
1533,12089,20482
1534,22288,20487
1535,9391,20493
1536,12369,20493
1537,15352,20493
1538,16751,20494
1539,16751,51365
1540,16752,20494
1541,16752,51365
1542,419,20496
1543,9225,20496
1544,9354,20496
1545,9806,20496
1546,14586,20498
1547,5214,20500
1548,5216,20500
1549,22303,20503
1550,22196,20505
1551,16198,20508
1552,9060,20510
1553,3739,20511
1554,9773,20511
1555,15260,20511
1556,15719,20512
1557,17240,20512
1558,3100,20513
1559,5786,20513
1560,7782,20513
1561,5540,20517
1562,19762,20518
1563,21469,20518
1564,3077,20533
1565,12441,20607
1566,5296,20626
1567,4022,20642
1568,5318,20642
1569,24958,20642
1570,27629,20642
1571,1127,20654
1572,19255,20654
1573,7234,20739
1574,6482,20752
1575,6546,20752
1576,17580,20783
1577,26046,20783
1578,21242,20793
1579,5380,20801
1580,129,20820
1581,10289,20851
1582,17971,20851
1583,17973,20851
1584,890,20859
1585,1565,20859
1586,18817,20859
1587,18834,20859
1588,9236,20895
1589,12517,20895
1590,15171,20896
1591,22307,20896
1592,5134,20898
1593,5135,20898
1594,5136,20898
1595,9245,20898
1596,74,20932
1597,2564,20932
1598,24720,20932
1599,80,21053
1600,78,21054
1601,2257,21055
1602,19665,21055
1603,20388,21055
1604,26306,21056
1605,7887,21057
1606,7888,21057
1607,1164,21058
1608,1164,34522
1609,11421,21058
1610,11421,34522
1611,11733,21058
1612,11733,34522
1613,13729,21058
1614,13729,34522
1615,1063,21059
1616,1063,114957
1617,10205,21059
1618,10205,114957
1619,139,21060
1620,140,21060
1621,2347,21060
1622,4524,21060
1623,10407,21060
1624,15908,21060
1625,378,21061
1626,2326,21061
1627,7014,21061
1628,19538,21061
1629,6300,21168
1630,8423,21174
1631,5784,21199
1632,5784,32242
1633,18301,21199
1634,18301,32242
1635,10925,21345
1636,10925,34241
1637,3646,21350
1638,3646,39500
1639,18922,21350
1640,18922,39500
1641,27574,21386
1642,27574,54459
1643,27574,137302
1644,27574,147275
1645,19241,21450
1646,21848,21457
1647,21848,136868
1648,13842,21472
1649,5951,21498
1650,10812,21498
1651,10813,21498
1652,17403,21505
1653,5448,21553
1654,5449,21553
1655,11010,21553
1656,2429,21562
1657,2429,42668
1658,12862,21562
1659,12862,42668
1660,21606,21562
1661,21606,42668
1662,2690,21608
1663,3181,21617
1664,7157,21617
1665,3312,21632
1666,3313,21632
1667,12211,21641
1668,12838,21641
1669,21775,21663
1670,10417,21666
1671,25955,21666
1672,14933,21671
1673,2000,21682
1674,22420,21682
1675,12434,21689
1676,1328,21704
1677,1328,80348
1678,16126,21704
1679,16126,80348
1680,3352,21708
1681,3352,144709
1682,22274,21722
1683,15244,21728
1684,15244,59219
1685,26814,21741
1686,26815,21741
1687,9790,21743
1688,27249,21743
1689,28087,21743
1690,5472,21769
1691,25518,21769
1692,24566,21772
1693,24566,106111
1694,24567,21772
1695,24567,106111
1696,25577,21779
1697,19797,21781
1698,13102,21784
1699,14577,21784
1700,5465,21785
1701,10070,21785
1702,9669,21786
1703,10120,21786
1704,16357,21786
1705,3520,21787
1706,8725,21797
1707,8760,21797
1708,26953,21797
1709,10072,21800
1710,15951,21800
1711,17808,21801
1712,20804,21801
1713,15501,21805
1714,6444,21808
1715,3777,21816
1716,11639,21816
1717,21012,21817
1718,2185,21832
1719,8312,21832
1720,5481,21866
1721,16382,21866
1722,24038,21957
1723,24038,72206
1724,24037,21957
1725,24037,72206
1726,7970,21981
1727,6044,21986
1728,16724,21986
1729,3282,21987
1730,25875,21987
1731,4295,21996
1732,4720,21996
1733,7664,21996
1734,7829,21996
1735,10155,22004
1736,14655,22018
1737,14655,53799
1738,18413,22050
1739,3300,22060
1740,13133,22060
1741,16320,22061
1742,16320,100378
1743,13111,22078
1744,13111,81842
1745,16297,22078
1746,16297,81842
1747,7551,22093
1748,19650,107214
1749,21243,107214
1750,15338,22134
1751,3935,22146
1752,5554,22146
1753,23597,22146
1754,12124,22184
1755,20773,22184
1756,3579,22186
1757,11278,22186
1758,18241,22186
1759,2128,22188
1760,5950,22188
1761,11305,22188
1762,12690,22188
1763,14166,22188
1764,14166,118568
1765,15708,22188
1766,21059,22188
1767,21059,118568
1768,18247,22189
1769,5558,22190
1770,18177,22195
1771,19559,22195
1772,5561,22218
1773,6533,22219
1774,6956,22219
1775,6957,22219
1776,5562,22220
1777,4381,22228
1778,25971,22255
1779,23822,22598
1780,23822,141529
1781,23822,143209
1782,19627,22598
1783,19627,141529
1784,19627,143209
1785,23885,22598
1786,23885,141529
1787,23885,143209
1788,7595,22612
1789,21350,22612
1790,23424,22635
1791,23424,173580
1792,20392,22677
1793,12074,22678
1794,14722,22678
1795,5608,22679
1796,26124,22680
1797,2898,22683
1798,2898,22694
1799,2898,50133
1800,2898,50134
1801,2898,102429
1802,2898,141672
1803,5610,22683
1804,5610,22694
1805,5610,50133
1806,5610,102429
1807,5610,141672
1808,6890,22683
1809,6890,22694
1810,11832,102429
1811,11832,141672
1812,18434,22683
1813,18434,22694
1814,7007,50133
1815,7007,50134
1816,19782,50133
1817,19782,50134
1818,4898,22685
1819,9189,22690
1820,9190,22690
1821,9191,22690
1822,4204,22697
1823,7117,22697
1824,7118,22697
1825,7119,22697
1826,7402,22697
1827,10207,22697
1828,9266,22698
1829,14400,22698
1830,776,22725
1831,776,61729
1832,777,22725
1833,777,61729
1834,18382,22725
1835,18382,61729
1836,21174,22725
1837,21174,61729
1838,22014,22725
1839,22014,61729
1840,27255,22727
1841,14881,22728
1842,5364,22729
1843,5612,22730
1844,17540,22730
1845,5183,22731
1846,9335,22733
1847,9052,22734
1848,17002,22735
1849,9394,22736
1850,14865,22737
1851,17244,22737
1852,721,22738
1853,916,22738
1854,14446,22738
1855,17811,22738
1856,11445,22742
1857,15796,22752
1858,15796,82609
1859,27153,22752
1860,27153,82609
1861,12048,22787
1862,12048,52729
1863,12048,54411
1864,26886,22787
1865,26886,52729
1866,26886,54411
1867,3808,22787
1868,3808,52729
1869,26885,22787
1870,26885,52729
1871,11726,22787
1872,11726,52729
1873,13860,22787
1874,13860,54411
1875,246,22822
1876,5617,22837
1877,5617,22838
1878,5617,70097
1879,450,22843
1880,2199,22843
1881,5619,22843
1882,8854,22843
1883,12626,22843
1884,16024,22843
1885,451,22847
1886,452,22847
1887,453,22847
1888,9840,22847
1889,14872,22847
1890,14873,22847
1891,21453,22847
1892,5185,22848
1893,5620,22848
1894,4470,22851
1895,5618,22851
1896,6127,22875
1897,6127,27397
1898,6127,60003
1899,17879,22875
1900,17879,27397
1901,17879,60003
1902,9447,22875
1903,9447,60003
1904,3276,22881
1905,5193,22881
1906,14856,22881
1907,18212,22881
1908,13314,22891
1909,5162,22903
1910,5162,26138
1911,562,22909
1912,11659,22909
1913,21301,22909
1914,27807,22932
1915,9382,22956
1916,11540,22972
1917,18919,22972
1918,11649,22973
1919,4924,22975
1920,5200,22975
1921,5640,22975
1922,25592,22975
1923,5199,22976
1924,5641,22976
1925,16874,22976
1926,10163,23000
1927,11052,23000
1928,10751,23008
1929,27902,23008
1930,14159,23033
1931,14352,142270
1932,2177,23060
1933,5700,23063
1934,20111,23084
1935,20111,135902
1936,15781,23086
1937,15781,135434
1938,12332,23145
1939,754,23178
1940,7842,23178
1941,8487,23178
1942,10829,23178
1943,19449,23179
1944,461,23206
1945,10890,23206
1946,7552,23220
1947,844,23228
1948,14363,23228
1949,14415,23316
1950,14416,23316
1951,5371,23317
1952,5596,23317
1953,5597,23317
1954,5598,23317
1955,4341,23320
1956,21720,23320
1957,1865,23335
1958,18352,23335
1959,19037,23335
1960,22081,23335
1961,151,23369
1962,9472,23374
1963,11166,23374
1964,11807,23374
1965,11808,23374
1966,27166,23374
1967,2161,23484
1968,2161,23485
1969,11099,23484
1970,11099,23485
1971,1430,23486
1972,8905,23486
1973,19779,23486
1974,11325,23490
1975,11325,23636
1976,11325,136101
1977,15238,23532
1978,6328,23533
1979,13203,23533
1980,27734,23533
1981,5801,23542
1982,5022,23547
1983,11570,23547
1984,13857,23547
1985,18653,23547
1986,7079,23549
1987,11665,23594
1988,11665,23595
1989,11665,125233
1990,11665,125260
1991,1501,23602
1992,1501,112859
1993,1501,197155
1994,1502,23602
1995,1502,112859
1996,1502,197155
1997,19199,23634
1998,19199,89229
1999,13444,43607
2000,19134,43607
2001,13445,23643
2002,13445,43607
2003,19753,23651
2004,11851,23661
2005,11851,23679
2006,13848,23677
2007,16397,23677
2008,7518,23694
2009,21776,23694
2010,259,23791
2011,259,23795
2012,6668,23791
2013,6668,23795
2014,19200,23791
2015,19200,23795
2016,27619,23791
2017,27619,23795
2018,2958,23874
2019,2959,23874
2020,15452,23882
2021,5730,23922
2022,25964,24021
2023,12229,24099
2024,12230,24099
2025,12231,24099
2026,12232,24099
2027,21046,24183
2028,21047,24183
2029,18560,24188
2030,20007,24188
2031,1781,24298
2032,1781,135940
2033,12607,24298
2034,12607,135940
2035,21305,24342
2036,5901,24362
2037,5901,56833
2038,5901,56842
2039,5972,24388
2040,17443,24388
2041,4656,24430
2042,12034,24430
2043,13721,24430
2044,406,24505
2045,18893,24505
2046,11581,24509
2047,11655,24509
2048,2344,24521
2049,10684,24521
2050,15065,24526
2051,15065,104513
2052,27095,24526
2053,27095,104513
2054,19496,24527
2055,19496,104190
2056,19496,106003
2057,19496,136398
2058,15316,24527
2059,15316,104190
2060,15316,106003
2061,15316,136398
2062,333,24529
2063,698,24529
2064,2643,24529
2065,10823,68215
2066,12209,24540
2067,12209,68215
2068,20063,24540
2069,4108,24622
2070,4108,51894
2071,4108,133812
2072,821,24622
2073,821,51894
2074,821,133812
2075,1423,24630
2076,1423,76927
2077,1423,77012
2078,2364,24630
2079,2364,76927
2080,2364,77012
2081,16932,24655
2082,19965,24657
2083,19965,112675
2084,19964,24657
2085,19964,112675
2086,5599,24657
2087,5599,112675
2088,16082,24677
2089,16082,131786
2090,16082,136386
2091,18080,24703
2092,18080,132051
2093,16651,24781
2094,19751,24781
2095,2071,24817
2096,2071,69301
2097,12415,24868
2098,12415,74401
2099,25146,193295
2100,24948,193295
2101,23902,24971
2102,5821,24997
2103,14259,24997
2104,27927,193556
2105,12140,25010
2106,12141,25010
2107,12142,25010
2108,11724,132098
2109,18276,25014
2110,6097,25016
2111,8472,25016
2112,6098,25017
2113,6098,145158
2114,14354,25017
2115,14354,145158
2116,8637,25021
2117,8713,25021
2118,5825,25022
2119,5826,25022
2120,12115,25022
2121,9684,25057
2122,24628,25058
2123,24629,25058
2124,1148,25107
2125,7800,25107
2126,8672,25107
2127,20080,25108
2128,20081,25108
2129,20069,25109
2130,9227,25179
2131,11368,25179
2132,21416,25179
2133,2455,25180
2134,7346,25180
2135,16612,25180
2136,2217,25181
2137,5863,25181
2138,6045,25181
2139,3632,25182
2140,17083,25182
2141,18120,25182
2142,2485,25183
2143,2486,25183
2144,6991,25183
2145,7708,25183
2146,7258,25184
2147,2786,25292
2148,14801,25292
2149,96,25311
2150,96,45723
2151,5378,25311
2152,5378,45723
2153,10851,25311
2154,10851,45723
2155,2994,25329
2156,2995,25329
2157,11923,25329
2158,26025,25329
2159,10891,25383
2160,21149,25383
2161,15792,25386
2162,16610,25386
2163,5881,25389
2164,5881,25392
2165,5882,25389
2166,5882,25392
2167,18346,25408
2168,18346,25409
2169,21824,25428
2170,4828,25430
2171,21605,25435
2172,6722,25440
2173,8807,25444
2174,5884,25457
2175,5885,25457
2176,8543,25517
2177,8543,25532
2178,21345,25517
2179,21345,25532
2180,3846,25518
2181,3846,25523
2182,27759,25518
2183,27759,25523
2184,5888,25519
2185,5888,25529
2186,9109,25531
2187,21203,25544
2188,21207,25544
2189,13782,25562
2190,21468,25562
2191,2615,25569
2192,24791,25569
2193,4113,25578
2194,10961,25578
2195,11848,25578
2196,7204,25595
2197,8009,25600
2198,7330,25604
2199,25638,25604
2200,7666,25631
2201,16895,25636
2202,13483,25640
2203,13483,84504
2204,8739,25646
2205,8739,56839
2206,8739,56844
2207,8739,97623
2208,10473,25646
2209,10473,56839
2210,10473,56844
2211,10473,97623
2212,19813,25646
2213,19813,56839
2214,19813,56844
2215,19813,97623
2216,22242,25647
2217,13543,25648
2218,21715,25652
2219,2255,25670
2220,7529,25670
2221,24234,25686
2222,24234,144160
2223,24232,25686
2224,24232,144160
2225,421,25696
2226,421,113903
2227,12050,25696
2228,12050,113903
2229,19536,25696
2230,19536,113903
2231,25541,25701
2232,25542,25701
2233,25178,193342
2234,25172,193545
2235,2242,25712
2236,7102,25718
2237,7370,25718
2238,5230,25747
2239,22096,25751
2240,1254,25757
2241,19811,25757
2242,6990,25763
2243,6990,194850
2244,5479,25763
2245,5479,194850
2246,18967,25769
2247,18967,55097
2248,14626,25778
2249,16748,25794
2250,1636,25796
2251,1636,96466
2252,5267,25796
2253,5267,96466
2254,1568,25796
2255,1568,96466
2256,8850,25912
2257,8851,25912
2258,8231,25915
2259,8232,25915
2260,17703,25915
2261,13831,25942
2262,9023,25957
2263,9023,154086
2264,20560,25983
2265,20560,25984
2266,20560,47593
2267,212,25983
2268,212,25984
2269,212,47593
2270,18813,25983
2271,18813,25984
2272,18813,47593
2273,8984,25983
2274,8984,25984
2275,8984,47593
2276,16163,25983
2277,16163,25984
2278,16163,47593
2279,211,25983
2280,211,25984
2281,211,47593
2282,415,26005
2283,3755,26005
2284,5037,26005
2285,20669,26005
2286,12425,26009
2287,20535,26009
2288,10463,26030
2289,10463,147464
2290,26363,26060
2291,4020,26093
2292,25039,26093
2293,25103,26093
2294,25309,193380
2295,4028,193270
2296,25230,193270
2297,25247,193270
2298,15080,26119
2299,5589,26132
2300,5168,26134
2301,5168,52598
2302,27932,26134
2303,27932,52598
2304,5244,26134
2305,5244,52598
2306,5245,26134
2307,5245,52598
2308,3664,26134
2309,3664,52598
2310,8717,26147
2311,15496,26155
2312,20714,26155
2313,2015,26156
2314,2015,26166
2315,2283,26156
2316,2283,26166
2317,2284,26156
2318,2284,26166
2319,2285,26156
2320,2285,26166
2321,18236,26156
2322,18236,26166
2323,5983,26158
2324,5984,26158
2325,5985,26158
2326,11024,26181
2327,11025,26181
2328,15597,26181
2329,10396,26225
2330,26035,26225
2331,26848,26225
2332,17251,26229
2333,20193,26229
2334,25789,26249
2335,25789,80980
2336,20296,26249
2337,20296,80980
2338,22293,26249
2339,22293,80980
2340,25790,26249
2341,25790,80980
2342,20601,26263
2343,20601,52968
2344,20601,59302
2345,19292,26271
2346,23804,26272
2347,23804,105574
2348,3133,26502
2349,20676,26503
2350,7114,26505
2351,7115,26505
2352,11913,26507
2353,4600,26512
2354,4600,118442
2355,4601,26512
2356,4601,118442
2357,6039,26512
2358,6039,118442
2359,21439,26512
2360,21439,118442
2361,484,26514
2362,428,26519
2363,6834,26519
2364,8949,26519
2365,27175,26520
2366,941,26552
2367,941,58459
2368,941,100475
2369,941,100487
2370,2372,26552
2371,2372,58459
2372,2372,100475
2373,2372,100487
2374,21052,26552
2375,21052,100475
2376,21052,100487
2377,2074,26552
2378,2074,58459
2379,2074,100475
2380,2074,100487
2381,10930,26581
2382,19446,26594
2383,23764,26596
2384,6371,26597
2385,15183,26597
2386,15184,26597
2387,4287,26614
2388,9263,26633
2389,9264,26633
2390,9341,26633
2391,13106,26634
2392,13107,26634
2393,16173,36559
2394,27986,36559
2395,27986,118131
2396,16172,36559
2397,12953,36559
2398,25648,26638
2399,23798,26661
2400,24653,26677
2401,12470,26685
2402,27413,26685
2403,1007,26693
2404,18828,26693
2405,19062,26693
2406,14730,26793
2407,3319,54027
2408,3319,59084
2409,3319,198387
2410,281,26797
2411,1898,26797
2412,7635,26797
2413,13308,26798
2414,13895,26798
2415,348,26812
2416,348,50449
2417,24156,26833
2418,24156,132081
2419,156,26833
2420,156,132081
2421,8241,26897
2422,7733,26917
2423,14392,26917
2424,26827,26917
2425,7215,26948
2426,20813,26948
2427,20814,26948
2428,1585,26955
2429,9751,26955
2430,3214,26959
2431,20815,26959
2432,20816,26959
2433,21741,26959
2434,14786,26963
2435,19742,26988
2436,17857,27024
2437,17989,27024
2438,10620,27053
2439,10620,147659
2440,10621,27053
2441,10621,147659
2442,10622,27053
2443,10622,147659
2444,6059,27056
2445,2202,27060
2446,27819,27060
2447,838,27105
2448,838,27106
2449,6446,27105
2450,6446,27106
2451,8848,27105
2452,8848,27106
2453,18129,27105
2454,18129,27106
2455,14508,27114
2456,14508,146825
2457,17317,27114
2458,17317,146825
2459,20607,27114
2460,20607,146825
2461,15467,27117
2462,27375,27118
2463,5126,27119
2464,8066,27136
2465,6068,27137
2466,5522,27138
2467,12977,27138
2468,4633,27146
2469,6070,27146
2470,20942,27147
2471,20942,147143
2472,17180,27149
2473,17180,137479
2474,21454,27149
2475,21454,137479
2476,1907,27151
2477,6082,27173
2478,6083,27173
2479,493,27179
2480,493,27180
2481,493,27181
2482,494,27179
2483,494,27180
2484,494,27181
2485,495,27179
2486,495,27180
2487,495,27181
2488,2819,27183
2489,5278,27183
2490,14580,27183
2491,15598,27206
2492,25640,27206
2493,5232,27224
2494,12318,27224
2495,20386,27224
2496,24558,27226
2497,24586,27226
2498,24650,27226
2499,2198,27231
2500,4964,27231
2501,7289,27231
2502,7906,27231
2503,10896,27231
2504,1091,27254
2505,26153,27254
2506,5462,27267
2507,15178,27269
2508,21259,27269
2509,26548,27312
2510,26653,27312
2511,26645,27312
2512,5902,27330
2513,6707,27330
2514,18261,27330
2515,18262,27330
2516,4241,27340
2517,6123,27340
2518,2973,27350
2519,15518,27350
2520,18268,27350
2521,20191,27350
2522,20192,27350
2523,25637,27350
2524,2747,27351
2525,27707,27398
2526,12999,27399
2527,12999,80973
2528,10026,27399
2529,10026,80973
2530,10054,27403
2531,21993,27404
2532,490,27406
2533,491,27406
2534,1218,27406
2535,1236,27406
2536,6074,27416
2537,5271,27417
2538,6152,27417
2539,16309,27417
2540,16310,27417
2541,20707,27418
2542,22105,27418
2543,27971,27418
2544,18822,27419
2545,10639,27422
2546,10644,27422
2547,10645,27422
2548,18329,27422
2549,6156,27423
2550,5294,27426
2551,9994,27426
2552,10798,27426
2553,13022,27426
2554,27005,27426
2555,9334,27428
2556,15248,27430
2557,11945,27433
2558,16644,27480
2559,16644,134562
2560,3665,27517
2561,20300,27529
2562,27528,27529
2563,14802,27531
2564,16773,27540
2565,16774,27540
2566,16775,27540
2567,3859,27590
2568,499,27596
2569,6303,27606
2570,6303,33309
2571,5725,33309
2572,11974,27618
2573,14752,27625
2574,6364,27653
2575,6364,59328
2576,22445,27653
2577,22445,59328
2578,16788,27654
2579,4859,27668
2580,22441,27668
2581,18308,27673
2582,6208,27687
2583,16636,27687
2584,27864,27687
2585,6652,27688
2586,6652,144188
2587,14639,27707
2588,16822,27743
2589,1631,27768
2590,17508,27768
2591,22251,27769
2592,9646,27771
2593,19928,27773
2594,2814,27774
2595,11704,27774
2596,14599,27775
2597,14458,27787
2598,1509,27813
2599,19147,27869
2600,19147,150094
2601,21169,27869
2602,21169,150094
2603,19158,27869
2604,19158,150094
2605,1549,27878
2606,1549,43866
2607,1549,43999
2608,8373,27882
2609,25755,27883
2610,27676,27883
2611,10747,27887
2612,4337,27918
2613,3421,27947
2614,15413,27947
2615,769,27955
2616,323,27967
2617,13536,27977
2618,1333,27978
2619,6258,27979
2620,11819,27991
2621,6261,28004
2622,6269,28011
2623,6269,28027
2624,507,28012
2625,508,28012
2626,4650,28029
2627,4651,28029
2628,26043,28029
2629,7358,28031
2630,11293,28042
2631,12179,28042
2632,6534,28046
2633,8652,28046
2634,21258,28052
2635,3761,28054
2636,11374,28054
2637,21566,28054
2638,6277,28056
2639,12342,28056
2640,19629,28056
2641,21072,28057
2642,5487,28058
2643,6568,28058
2644,11611,28058
2645,5340,28061
2646,6029,28061
2647,10613,28064
2648,11833,28064
2649,16967,28068
2650,16968,28068
2651,12177,28070
2652,21189,28070
2653,1817,28072
2654,5156,28072
2655,19276,28073
2656,21612,28076
2657,19510,28077
2658,11485,28078
2659,5879,28082
2660,12599,28084
2661,26081,28091
2662,26082,28091
2663,10612,28092
2664,6274,28095
2665,6274,28096
2666,6275,28095
2667,6275,28096
2668,1524,28103
2669,5509,28103
2670,19398,28104
2671,540,28108
2672,17539,28108
2673,18637,28108
2674,511,28111
2675,12221,28114
2676,26734,28115
2677,26732,28115
2678,26735,28115
2679,512,28120
2680,7754,28120
2681,3516,28121
2682,2388,28126
2683,2388,49597
2684,18563,28126
2685,18563,49597
2686,2578,28132
2687,4678,28132
2688,27428,28132
2689,515,28134
2690,27045,28137
2691,10768,28188
2692,8122,28196
2693,19569,28196
2694,1065,28206
2695,9105,28206
2696,720,28209
2697,2508,28209
2698,13922,28222
2699,13922,54144
2700,3398,28222
2701,3398,54144
2702,3398,105463
2703,3398,115478
2704,6820,28230
2705,6821,28230
2706,11752,28230
2707,5345,28234
2708,5346,28234
2709,5453,28241
2710,17275,28241
2711,19804,28241
2712,9323,28247
2713,21334,28260
2714,6299,28284
2715,20671,28285
2716,4291,28295
2717,4291,102241
2718,4291,147842
2719,15440,28295
2720,15440,102241
2721,15440,147842
2722,3479,28299
2723,3611,28299
2724,9248,28299
2725,17967,28299
2726,22354,28299
2727,6194,28310
2728,3185,28314
2729,5375,28314
2730,9114,28314
2731,6314,28325
2732,6314,28326
2733,6314,59105
2734,2637,28325
2735,2637,28326
2736,2637,59105
2737,3496,28327
2738,15704,28327
2739,27472,28327
2740,6089,28335
2741,18632,28335
2742,19668,28335
2743,6435,28368
2744,15761,28368
2745,20393,28368
2746,22007,29588
2747,6896,29588
2748,952,28389
2749,427,28395
2750,5339,28395
2751,12109,28462
2752,5806,28467
2753,5806,132451
2754,5805,28467
2755,5805,132451
2756,5800,28467
2757,5800,132451
2758,55,28496
2759,1897,28496
2760,15465,28496
2761,18443,28496
2762,19896,28496
2763,25610,28496
2764,18592,28498
2765,18592,111241
2766,18592,120683
2767,4375,28499
2768,19165,28499
2769,5998,28502
2770,520,28503
2771,3330,28503
2772,6366,28503
2773,9275,28506
2774,14728,28506
2775,27755,28506
2776,20,28606
2777,6927,28608
2778,6928,28608
2779,6951,28608
2780,528,28611
2781,529,28611
2782,4711,28611
2783,27066,28615
2784,6388,28618
2785,11320,28634
2786,11320,113496
2787,23947,28634
2788,23947,113496
2789,11318,28634
2790,11318,113496
2791,8731,28638
2792,8732,28638
2793,3090,28664
2794,24376,28743
2795,24347,28810
2796,16575,28869
2797,16575,103423
2798,16575,131705
2799,16576,28869
2800,16576,103423
2801,16576,131705
2802,4428,28909
2803,7526,28909
2804,21051,28912
2805,710,28936
2806,1051,28936
2807,4797,28936
2808,7745,28936
2809,19935,28936
2810,6673,28973
2811,6673,28974
2812,6673,195013
2813,20700,28973
2814,20700,28974
2815,20700,195013
2816,21389,28973
2817,21389,28974
2818,21389,195013
2819,24319,29073
2820,483,29091
2821,1830,29092
2822,1831,29092
2823,10782,29092
2824,27988,29092
2825,19286,105490
2826,19287,105490
2827,19546,29112
2828,27183,29112
2829,6551,29115
2830,7867,29115
2831,7868,29115
2832,17922,29115
2833,18658,29115
2834,18755,29771
2835,5715,29771
2836,6979,29126
2837,6979,103365
2838,18623,29174
2839,18624,29174
2840,26298,29175
2841,262,29187
2842,10410,29187
2843,12442,29187
2844,3754,29198
2845,17487,112121
2846,17486,112121
2847,3759,112121
2848,24943,193465
2849,4046,29201
2850,4046,193465
2851,25334,193465
2852,25268,193465
2853,2767,193465
2854,25266,193275
2855,25205,193275
2856,25878,193275
2857,6405,29238
2858,6405,103353
2859,12750,29238
2860,18977,29238
2861,19138,29238
2862,20311,29257
2863,20311,137485
2864,20783,29257
2865,20783,137485
2866,6598,29258
2867,12222,29276
2868,18729,29276
2869,19430,29276
2870,20897,29276
2871,21385,29276
2872,6600,29291
2873,6601,29293
2874,19604,29294
2875,17296,29312
2876,4928,29313
2877,13246,29313
2878,6748,29316
2879,15376,29316
2880,1082,29336
2881,19067,29336
2882,8569,29344
2883,16660,29354
2884,25051,193327
2885,6585,29380
2886,6607,29384
2887,6608,29384
2888,6626,29384
2889,12393,29390
2890,24929,193280
2891,26037,193280
2892,27704,193280
2893,2555,29420
2894,10530,29420
2895,23188,29421
2896,18370,29460
2897,3084,29461
2898,6382,29463
2899,12952,36716
2900,17349,29491
2901,17364,29491
2902,22291,29491
2903,6616,29507
2904,6460,29510
2905,15710,29519
2906,22952,164812
2907,747,29542
2908,747,103516
2909,747,103638
2910,747,104009
2911,747,104537
2912,6459,29542
2913,6459,103516
2914,6459,103638
2915,6459,104009
2916,6459,104537
2917,1266,29542
2918,1266,103516
2919,1266,103638
2920,1266,104009
2921,1266,104537
2922,6574,29542
2923,6574,103516
2924,6574,103638
2925,6574,104009
2926,6574,104537
2927,1138,29587
2928,2195,29587
2929,20442,29587
2930,21935,29587
2931,4798,29594
2932,9952,29594
2933,9953,29594
2934,9954,29594
2935,25848,29594
2936,25849,29594
2937,6022,29595
2938,14459,29595
2939,6894,29616
2940,11614,29616
2941,18573,29616
2942,6624,29631
2943,15970,29662
2944,15970,64895
2945,15970,194612
2946,18112,29671
2947,22341,29671
2948,11914,29681
2949,11915,29681
2950,22332,29693
2951,22332,53389
2952,967,29704
2953,967,36298
2954,4813,29704
2955,4813,36298
2956,104,29705
2957,8511,29709
2958,8511,29711
2959,8511,46525
2960,5534,29716
2961,5534,80771
2962,6641,29716
2963,6641,80771
2964,17770,29716
2965,17770,80771
2966,19310,29725
2967,12237,29733
2968,14574,29733
2969,1128,29750
2970,1128,62378
2971,22035,29750
2972,22035,62378
2973,11841,29750
2974,11841,62378
2975,6649,29756
2976,27204,29799
2977,27205,29799
2978,4563,29799
2979,6761,29813
2980,17427,85990
2981,17634,85990
2982,1586,29813
2983,2482,29820
2984,7217,29820
2985,17988,29820
2986,4168,29821
2987,4168,137351
2988,17771,29821
2989,17771,137351
2990,17772,29821
2991,17772,137351
2992,17773,29821
2993,17773,137351
2994,17774,29821
2995,17774,137351
2996,3083,29824
2997,5301,29824
2998,27111,29828
2999,27111,37758
3000,6391,29837
3001,7812,29837
3002,1695,29850
3003,6661,29851
3004,8901,29851
3005,9194,29851
3006,9915,29851
3007,9944,29852
3008,22100,29852
3009,26033,29853
3010,26033,54829
3011,729,29885
3012,11321,29885
3013,13731,29885
3014,19410,29885
3015,561,29926
3016,2112,29926
3017,19588,29936
3018,19588,35094
3019,19588,118059
3020,19587,29936
3021,19587,35094
3022,19587,118059
3023,2154,29943
3024,26036,29960
3025,11666,29977
3026,11666,61357
3027,26148,29977
3028,26148,61357
3029,18296,29977
3030,18296,61357
3031,4564,29977
3032,4564,61357
3033,14273,29979
3034,14273,64042
3035,10406,29979
3036,10406,64042
3037,14272,29979
3038,14272,64042
3039,117,29998
3040,117,73695
3041,117,197026
3042,5722,29999
3043,5722,45207
3044,18075,29999
3045,18075,45207
3046,6263,30439
3047,10824,30439
3048,14123,30446
3049,14123,72392
3050,14473,30446
3051,14473,72392
3052,15067,30446
3053,15067,72392
3054,16518,30447
3055,6627,30450
3056,17066,30450
3057,17067,30450
3058,3848,30477
3059,6697,30477
3060,15185,30477
3061,17793,30485
3062,9413,30486
3063,27836,30486
3064,11526,30492
3065,11526,50647
3066,13822,30492
3067,13822,50647
3068,16379,30516
3069,2223,30527
3070,18578,30527
3071,14499,30548
3072,12356,30553
3073,12356,34148
3074,12356,34206
3075,18179,30553
3076,18179,34148
3077,18179,34206
3078,19470,30553
3079,19470,34148
3080,19470,34206
3081,6717,30578
3082,7895,30587
3083,1614,30603
3084,1615,30603
3085,24847,30603
3086,19190,30654
3087,19190,30655
3088,6723,30654
3089,6723,30655
3090,10895,30693
3091,12390,30752
3092,1329,30773
3093,1329,99698
3094,1330,30773
3095,1330,99698
3096,8031,30773
3097,8031,99698
3098,16388,30773
3099,16388,99698
3100,25642,30782
3101,25642,72569
3102,6733,30784
3103,6733,136041
3104,21595,30784
3105,21595,136041
3106,1927,30795
3107,1927,103847
3108,1928,30795
3109,1928,103847
3110,1929,30795
3111,1929,103847
3112,1931,30795
3113,1931,103847
3114,2240,30795
3115,2240,103847
3116,567,30800
3117,436,30801
3118,5763,30834
3119,6738,30839
3120,6739,30839
3121,21363,30843
3122,7994,30847
3123,7994,63972
3124,7994,63973
3125,7994,71848
3126,11076,30852
3127,11076,147179
3128,11169,30852
3129,11169,147179
3130,9782,30852
3131,9782,147179
3132,3154,30853
3133,12518,30860
3134,9743,30861
3135,25598,30861
3136,25623,30861
3137,26950,30861
3138,2381,30863
3139,2381,96776
3140,19091,30863
3141,19091,96776
3142,2382,30863
3143,2382,96776
3144,2383,30863
3145,2383,96776
3146,2361,30863
3147,2361,96776
3148,9852,30863
3149,9852,96776
3150,6731,30871
3151,26365,30890
3152,19615,30893
3153,19998,30893
3154,20115,30893
3155,4814,30896
3156,13790,30896
3157,19205,30902
3158,7735,30904
3159,22056,30904
3160,10897,30907
3161,15374,30919
3162,21444,30919
3163,21445,30919
3164,4628,30921
3165,6667,30921
3166,7360,30921
3167,12584,30921
3168,18354,30921
3169,19184,30921
3170,21383,30921
3171,4083,30922
3172,12008,30936
3173,12008,116700
3174,17598,30936
3175,17598,116700
3176,18868,30936
3177,18868,116700
3178,7673,30942
3179,1095,30946
3180,1428,30946
3181,2073,30949
3182,8224,30973
3183,12813,30973
3184,18974,30978
3185,18974,109045
3186,18975,30978
3187,18975,109045
3188,19439,30978
3189,19439,109045
3190,21564,30989
3191,6760,31046
3192,18570,31075
3193,569,31115
3194,569,31130
3195,569,31251
3196,569,31373
3197,15401,31115
3198,15401,31130
3199,15401,31251
3200,15401,31373
3201,14246,31118
3202,10804,31127
3203,20505,31139
3204,20359,31141
3205,6768,31152
3206,4017,193352
3207,24989,193352
3208,5514,31192
3209,9173,31196
3210,9173,72743
3211,9066,31200
3212,17807,31200
3213,4421,31216
3214,20254,31216
3215,2787,31219
3216,1239,31229
3217,12504,31317
3218,6775,31264
3219,26343,31264
3220,26344,31264
3221,18325,31265
3222,14547,31270
3223,6771,31279
3224,20148,31292
3225,21157,31292
3226,8671,31296
3227,3153,31297
3228,13036,31297
3229,18419,31297
3230,5152,31299
3231,6964,31310
3232,1220,31311
3233,11630,31311
3234,6595,31325
3235,8919,31344
3236,6767,31359
3237,21283,31359
3238,7236,31381
3239,19551,31381
3240,11341,31411
3241,11342,31411
3242,11313,31436
3243,11313,31439
3244,11842,31436
3245,11842,31439
3246,18690,31436
3247,18690,31439
3248,24830,31447
3249,17449,31456
3250,2639,31459
3251,2639,31460
3252,3575,31507
3253,11976,31507
3254,15665,31507
3255,18983,31507
3256,20150,31508
3257,5196,31514
3258,20070,31514
3259,1940,31538
3260,1940,49938
3261,21310,31538
3262,21310,49938
3263,6786,31539
3264,6786,43889
3265,7532,31539
3266,7532,43889
3267,10749,31539
3268,10749,43889
3269,27172,31546
3270,26389,31917
3271,10800,31964
3272,11839,31964
3273,571,31972
3274,18550,31986
3275,21267,31990
3276,21267,32006
3277,24562,32022
3278,24895,193245
3279,26312,32031
3280,15706,32034
3281,3338,32052
3282,12954,32052
3283,7251,32092
3284,18694,32092
3285,27178,32092
3286,1592,32093
3287,4004,32093
3288,4005,32093
3289,24596,32093
3290,21220,32096
3291,21221,32096
3292,18227,32102
3293,7142,32138
3294,19212,32138
3295,6420,32143
3296,6610,32154
3297,6809,32155
3298,6810,32155
3299,25754,32161
3300,25754,75737
3301,26952,32161
3302,26952,75737
3303,27943,32161
3304,27943,75737
3305,16064,32161
3306,16064,75737
3307,8484,32165
3308,8484,75060
3309,8492,75060
3310,8483,75060
3311,8471,75060
3312,5756,75060
3313,4585,32168
3314,4585,87572
3315,845,32183
3316,10599,32183
3317,15952,32183
3318,14498,32191
3319,18873,32193
3320,3389,32195
3321,4262,32196
3322,27027,32200
3323,27028,32200
3324,13634,32221
3325,9279,32222
3326,14097,32222
3327,27469,32222
3328,13875,32224
3329,3686,32225
3330,6188,32256
3331,22355,32257
3332,22355,89746
3333,9509,32278
3334,10909,32283
3335,10909,32448
3336,10909,83690
3337,14809,32283
3338,14809,32448
3339,14809,83690
3340,14811,32283
3341,14811,32448
3342,14811,83690
3343,27158,32283
3344,27158,32448
3345,27158,83690
3346,6824,32300
3347,6824,147695
3348,6830,32326
3349,8642,32388
3350,19342,32388
3351,5270,32396
3352,4200,32407
3353,4200,60149
3354,4200,96738
3355,15575,32421
3356,16321,32421
3357,1382,32423
3358,1382,96748
3359,9749,32423
3360,9749,96748
3361,87,32445
3362,6450,32446
3363,12419,32446
3364,17203,32450
3365,14557,32452
3366,3623,32459
3367,3623,102169
3368,2178,32459
3369,2178,102169
3370,1169,32459
3371,1169,102169
3372,22476,32459
3373,22476,102169
3374,14038,32471
3375,14866,32501
3376,14866,147157
3377,14866,147390
3378,16936,32501
3379,16936,147157
3380,16936,147390
3381,6848,32556
3382,6848,32557
3383,13882,32556
3384,13882,32557
3385,11453,32561
3386,27809,32561
3387,5877,32578
3388,7726,32624
3389,14501,32628
3390,25605,32630
3391,26042,32630
3392,11353,32631
3393,9056,32632
3394,15350,32632
3395,17285,32633
3396,454,32634
3397,454,58971
3398,2944,32634
3399,2944,58971
3400,877,32635
3401,3164,32635
3402,19284,32638
3403,19285,32638
3404,6879,32640
3405,6879,32641
3406,13142,32640
3407,13142,32641
3408,26462,32671
3409,12541,32679
3410,28061,32679
3411,4177,32727
3412,19768,32727
3413,6599,32730
3414,12340,32730
3415,18021,32756
3416,25796,32812
3417,4630,32812
3418,11464,32828
3419,11464,147613
3420,11465,32828
3421,11465,147613
3422,19801,32828
3423,19801,147613
3424,17254,32836
3425,580,32844
3426,1047,32844
3427,20817,32844
3428,6901,32846
3429,6905,32846
3430,6470,32851
3431,6902,32852
3432,20010,32852
3433,27974,32868
3434,27974,52024
3435,27974,139352
3436,9490,32868
3437,9490,52024
3438,9490,139352
3439,9491,32868
3440,9491,52024
3441,9491,139352
3442,6900,32871
3443,4310,32898
3444,24181,32903
3445,6515,32906
3446,5334,32928
3447,5817,32928
3448,16370,32930
3449,9012,32990
3450,15928,32990
3451,6971,32997
3452,6971,32998
3453,22011,32999
3454,5728,33005
3455,5728,52284
3456,5728,82506
3457,20041,33005
3458,20041,52284
3459,20041,82506
3460,27289,33005
3461,27289,52284
3462,4427,33019
3463,5486,33019
3464,6630,33019
3465,17307,33019
3466,17305,33021
3467,18554,33021
3468,21911,33033
3469,18706,33052
3470,28020,33068
3471,28020,74620
3472,14510,33091
3473,20536,33092
3474,21296,33130
3475,5496,33177
3476,6984,33177
3477,2586,33216
3478,2587,33216
3479,2608,33217
3480,24604,33217
3481,24817,33217
3482,4099,33221
3483,19923,33221
3484,21975,33221
3485,3485,33259
3486,7019,33260
3487,8228,33264
3488,15142,33266
3489,5320,33273
3490,1546,33277
3491,8505,33277
3492,10627,33280
3493,2351,33308
3494,7530,33308
3495,10617,33310
3496,8520,33325
3497,7032,33337
3498,7032,57700
3499,7033,33337
3500,12113,33337
3501,7031,33339
3502,7034,33339
3503,7035,33339
3504,7037,33339
3505,7037,112355
3506,11084,33339
3507,19743,33365
3508,6694,33379
3509,6694,88210
3510,18602,33379
3511,18602,88210
3512,12247,33382
3513,26896,33380
3514,6699,33381
3515,6699,133374
3516,9516,33381
3517,9516,133374
3518,18786,33381
3519,18786,133374
3520,5093,33386
3521,7039,33387
3522,9987,33387
3523,7631,33402
3524,7631,101264
3525,11205,101264
3526,11206,101264
3527,24722,33405
3528,6924,33412
3529,5158,33414
3530,20769,33419
3531,12567,33421
3532,12567,89724
3533,17667,33421
3534,17667,89724
3535,4101,33426
3536,23784,33428
3537,5396,33435
3538,7748,33459
3539,13009,33595
3540,13009,80937
3541,13009,80939
3542,10269,33596
3543,4173,33619
3544,10705,33619
3545,600,33677
3546,15840,33701
3547,13110,33742
3548,20548,33760
3549,8629,33802
3550,8629,33804
3551,11637,33802
3552,11637,33804
3553,14904,33802
3554,14904,33804
3555,19422,33802
3556,19422,33804
3557,21881,33802
3558,21881,33804
3559,22064,33802
3560,22064,33804
3561,21195,33805
3562,21195,33868
3563,21195,139072
3564,22475,33806
3565,19211,33811
3566,305,33820
3567,9187,33820
3568,21938,33820
3569,17144,33821
3570,17144,84324
3571,1398,33831
3572,1398,39091
3573,15754,33831
3574,15754,39091
3575,16356,33831
3576,16356,39091
3577,19474,33831
3578,19474,39091
3579,20903,33842
3580,7127,33849
3581,19188,33859
3582,15782,33860
3583,15782,38013
3584,15782,83951
3585,15782,89552
3586,15782,129671
3587,15782,200349
3588,16882,33860
3589,16882,38013
3590,16882,83951
3591,16882,89552
3592,16882,129671
3593,16882,200349
3594,5,33862
3595,19209,33862
3596,19210,33862
3597,11506,33875
3598,12290,33875
3599,19402,33899
3600,12800,33923
3601,7137,33924
3602,2909,33925
3603,2909,45891
3604,2909,96035
3605,6779,33925
3606,6779,45891
3607,6779,96035
3608,1561,33927
3609,2910,33927
3610,7141,33927
3611,16180,33927
3612,18874,33927
3613,2843,33932
3614,10213,33932
3615,4664,33944
3616,25107,33944
3617,25279,33945
3618,20990,33953
3619,3337,33957
3620,16290,33957
3621,11663,34057
3622,11663,110237
3623,11664,34057
3624,11664,110237
3625,21378,34070
3626,21378,34138
3627,21378,34218
3628,21378,34222
3629,9434,34070
3630,9434,34138
3631,9434,34218
3632,9434,34222
3633,14640,34077
3634,598,34099
3635,9218,34099
3636,7794,34100
3637,27471,34104
3638,10307,34105
3639,10307,195261
3640,19413,34105
3641,19413,195261
3642,20995,34105
3643,20995,195261
3644,20147,34106
3645,4109,34112
3646,4109,34227
3647,4109,103598
3648,4110,34112
3649,4110,34227
3650,4110,103598
3651,15365,34112
3652,15365,34227
3653,15365,103598
3654,9479,34114
3655,9479,51910
3656,22436,34114
3657,22436,51910
3658,6165,34115
3659,6165,79767
3660,2136,34115
3661,2136,79767
3662,21534,34115
3663,21534,79767
3664,2135,34115
3665,2135,79767
3666,14944,34118
3667,21315,34118
3668,17852,34122
3669,8540,34135
3670,15211,34139
3671,15211,134205
3672,62,34139
3673,62,134205
3674,620,34140
3675,27638,34140
3676,1139,34144
3677,11524,34144
3678,18018,34161
3679,7194,34164
3680,19945,34172
3681,19581,34177
3682,19581,72816
3683,22395,34183
3684,22395,34253
3685,27048,34183
3686,27048,34253
3687,4364,34185
3688,11940,34185
3689,1336,34187
3690,1336,81234
3691,1337,34187
3692,1337,81234
3693,2806,34187
3694,2806,81234
3695,5279,34188
3696,20013,34188
3697,27061,34190
3698,27061,34238
3699,625,34201
3700,619,34204
3701,3813,34210
3702,18634,34210
3703,21844,34220
3704,21844,47166
3705,23778,34224
3706,23779,34224
3707,702,34228
3708,4525,34228
3709,7193,34239
3710,21036,34239
3711,320,34240
3712,320,34246
3713,10447,34240
3714,10447,34246
3715,26537,34240
3716,8209,34248
3717,18228,34248
3718,26921,34248
3719,7738,34252
3720,10476,34252
3721,7186,34255
3722,4930,34274
3723,11078,34274
3724,11569,34296
3725,17790,34296
3726,18950,34296
3727,18952,34296
3728,19856,34296
3729,1110,34353
3730,1110,139363
3731,1484,34353
3732,1484,139363
3733,16600,34353
3734,16600,139363
3735,438,34353
3736,438,139363
3737,2991,34404
3738,2991,41192
3739,21351,34419
3740,21351,34420
3741,21351,63804
3742,13773,34434
3743,15014,34435
3744,991,34441
3745,5903,34441
3746,10303,34441
3747,12329,34441
3748,18889,34441
3749,2623,193585
3750,24952,193585
3751,24951,193585
3752,7862,34452
3753,14998,34458
3754,14999,34458
3755,11674,34462
3756,11675,34462
3757,17606,34517
3758,36,34518
3759,5928,34518
3760,7092,34518
3761,7672,34519
3762,12763,34519
3763,5225,34540
3764,5226,34540
3765,23313,34544
3766,23314,34544
3767,23777,34544
3768,19280,34561
3769,16040,34565
3770,25962,34565
3771,10409,34568
3772,12691,34568
3773,12692,34568
3774,27266,34568
3775,12296,34592
3776,12296,114936
3777,12296,122250
3778,2398,34592
3779,2398,114936
3780,2398,122250
3781,10262,34592
3782,10262,114936
3783,10262,122250
3784,22095,34592
3785,22095,114936
3786,22095,122250
3787,25580,34628
3788,25580,34710
3789,25580,85704
3790,8744,34635
3791,8745,34635
3792,13630,34635
3793,27307,34654
3794,27307,41146
3795,27306,34654
3796,27306,41146
3797,8149,34687
3798,8149,95535
3799,20728,34712
3800,20728,85712
3801,20728,146119
3802,10904,34725
3803,10904,63740
3804,18911,34725
3805,18911,63740
3806,10934,34750
3807,10934,120237
3808,11854,34752
3809,11855,34752
3810,11856,34752
3811,20704,34773
3812,20704,106687
3813,20706,34773
3814,20706,106687
3815,20705,34773
3816,20705,106687
3817,20703,34773
3818,20703,106687
3819,5447,34773
3820,5447,106687
3821,3239,34786
3822,19397,34790
3823,11766,34814
3824,15957,34814
3825,15958,34814
3826,19178,34814
3827,19584,34814
3828,15081,34819
3829,8577,34820
3830,26274,34838
3831,26490,34838
3832,26807,34841
3833,26807,147475
3834,26807,147738
3835,20490,34841
3836,20490,147475
3837,20490,147738
3838,13802,34867
3839,13807,34895
3840,16985,34895
3841,15461,34900
3842,15461,147756
3843,7316,34900
3844,7316,147756
3845,9933,34903
3846,10159,34903
3847,11529,34903
3848,7317,34909
3849,7317,34910
3850,7321,34909
3851,7321,34910
3852,14284,34909
3853,14284,34910
3854,17170,34914
3855,20483,34938
3856,7325,34939
3857,9199,34939
3858,3825,34953
3859,11910,34961
3860,18366,34962
3861,21276,34997
3862,8871,35004
3863,8871,42128
3864,8871,42129
3865,16389,35004
3866,16389,42128
3867,16389,42129
3868,10949,35006
3869,10949,135502
3870,13520,35006
3871,13520,135502
3872,21300,35006
3873,21300,135502
3874,22317,35033
3875,27863,35033
3876,11187,35042
3877,17880,35066
3878,6943,35072
3879,21591,35072
3880,22003,35082
3881,7335,35115
3882,16506,35115
3883,17267,35115
3884,7336,35124
3885,17612,35132
3886,12258,35133
3887,17547,35133
3888,7366,35134
3889,7366,147672
3890,10338,35134
3891,10338,147672
3892,9860,35135
3893,1595,35136
3894,1595,84386
3895,1596,35136
3896,1596,84386
3897,17365,35136
3898,17365,84386
3899,312,35139
3900,382,35139
3901,4693,35139
3902,7750,35140
3903,9557,35140
3904,5391,35141
3905,9932,35142
3906,10414,35142
3907,27385,35142
3908,7340,35144
3909,9812,35146
3910,13810,35146
3911,7338,35147
3912,14884,35148
3913,15681,35149
3914,17260,35149
3915,7347,35171
3916,7348,35171
3917,7349,35171
3918,10121,35174
3919,13791,35174
3920,13734,35178
3921,15408,35178
3922,17164,35178
3923,2276,35369
3924,7105,35370
3925,10483,35391
3926,4787,35398
3927,21274,35398
3928,7361,35401
3929,7361,35421
3930,656,35406
3931,7106,35413
3932,7107,35413
3933,10600,35415
3934,11845,35416
3935,643,35433
3936,643,35479
3937,643,35480
3938,17620,35445
3939,21138,35445
3940,18260,35446
3941,10359,35468
3942,10360,35468
3943,19550,35468
3944,8178,35478
3945,8178,199630
3946,13728,35478
3947,13728,199630
3948,2218,35490
3949,8063,35496
3950,27779,35509
3951,27780,35509
3952,4842,35513
3953,7820,35513
3954,15975,35513
3955,12533,35525
3956,8742,35546
3957,888,35548
3958,7958,35548
3959,18643,35548
3960,26113,35557
3961,26205,35557
3962,26232,35557
3963,6462,35568
3964,22214,35569
3965,27754,35569
3966,23,35570
3967,5999,35583
3968,3126,35591
3969,15258,35591
3970,110,35594
3971,14568,35596
3972,1985,35600
3973,21823,35600
3974,24912,193278
3975,12535,35620
3976,12535,75892
3977,18365,35626
3978,11233,35630
3979,14827,35630
3980,21216,35630
3981,17225,35633
3982,17225,113684
3983,17226,35633
3984,17226,113684
3985,17257,35633
3986,17257,113684
3987,15428,35635
3988,15428,35640
3989,15428,84902
3990,15482,35635
3991,15482,35640
3992,15482,84902
3993,5202,35635
3994,5202,35640
3995,5202,84902
3996,17324,35635
3997,17324,35640
3998,17324,84902
3999,17653,35635
4000,17653,35640
4001,17653,84902
4002,3439,35635
4003,3439,35640
4004,3439,84902
4005,3800,35635
4006,3800,35640
4007,3800,84902
4008,3514,35635
4009,3514,35640
4010,3514,84902
4011,14312,35639
4012,14830,35643
4013,14830,96583
4014,21917,35643
4015,21917,96583
4016,15454,35643
4017,15454,96583
4018,24630,35663
4019,24848,35663
4020,7382,35678
4021,11727,35683
4022,20770,35683
4023,20988,35689
4024,20988,101558
4025,22246,35703
4026,13863,35704
4027,472,35705
4028,5858,35705
4029,6254,35705
4030,6633,35705
4031,2621,35713
4032,2621,193346
4033,25078,193346
4034,25079,193346
4035,18185,35715
4036,18185,111389
4037,15601,35715
4038,15601,111389
4039,15600,35715
4040,15600,111389
4041,7373,35715
4042,7373,111389
4043,1016,35721
4044,9661,35721
4045,7004,35744
4046,7004,80596
4047,14237,35744
4048,14237,80596
4049,15229,35744
4050,15229,80596
4051,27690,35744
4052,27690,80596
4053,15608,35770
4054,15609,35770
4055,4265,35790
4056,4265,50921
4057,5539,35790
4058,5539,50921
4059,3258,35792
4060,5583,35792
4061,17362,35798
4062,21488,35798
4063,3157,35799
4064,1425,35803
4065,6014,35803
4066,8862,35807
4067,8862,41860
4068,8862,85033
4069,3159,35807
4070,3159,41860
4071,3159,85033
4072,1076,35817
4073,20321,35818
4074,13386,35828
4075,659,35829
4076,660,35829
4077,13010,35829
4078,27156,35829
4079,7395,35831
4080,7395,35836
4081,7395,86640
4082,7397,35831
4083,7397,35836
4084,7397,86640
4085,7396,35831
4086,7396,35836
4087,7396,86640
4088,3794,35831
4089,3794,35836
4090,3794,86640
4091,19803,35847
4092,7399,35853
4093,7399,59289
4094,15689,35861
4095,24811,35867
4096,26897,35867
4097,7384,35869
4098,7384,79149
4099,11486,35869
4100,11486,79149
4101,19764,35869
4102,19764,35870
4103,19764,79149
4104,24367,35869
4105,24367,79149
4106,10700,35869
4107,10700,35870
4108,10700,79149
4109,14796,35877
4110,7401,35886
4111,28072,35886
4112,1172,35890
4113,2772,35895
4114,10114,35895
4115,16234,35895
4116,21632,35895
4117,7120,35896
4118,22092,35904
4119,17252,35911
4120,9765,35915
4121,17347,35915
4122,18479,35924
4123,12202,35926
4124,12202,89332
4125,9560,35928
4126,9561,35928
4127,13312,35928
4128,14611,35931
4129,14611,138749
4130,429,35933
4131,429,52750
4132,14256,35933
4133,14256,52750
4134,12181,35935
4135,20302,35935
4136,468,35938
4137,10462,35938
4138,19318,35938
4139,7675,35939
4140,8500,35939
4141,27056,35939
4142,23288,35942
4143,23729,35942
4144,1911,35943
4145,2335,35943
4146,11911,35943
4147,11912,35943
4148,5793,35960
4149,7406,35960
4150,7407,35960
4151,20655,35966
4152,20655,85488
4153,20656,35966
4154,20656,85488
4155,22908,35977
4156,23792,35977
4157,19038,35980
4158,301,35993
4159,301,118792
4160,4670,35993
4161,4670,118792
4162,13594,36007
4163,3699,36086
4164,18896,36086
4165,7427,36112
4166,1945,36114
4167,3309,36114
4168,3474,36114
4169,4457,36114
4170,7428,36115
4171,20139,36115
4172,27389,36115
4173,7429,36116
4174,7436,36131
4175,27854,36131
4176,20830,36133
4177,13617,36137
4178,13623,36143
4179,11884,36144
4180,3216,36146
4181,20566,36146
4182,9473,36147
4183,13660,36147
4184,3173,36148
4185,3173,79469
4186,12963,36148
4187,12963,79469
4188,12964,36148
4189,12964,79469
4190,609,36152
4191,609,36647
4192,3609,36152
4193,3609,36647
4194,7130,36152
4195,7130,36647
4196,5421,36152
4197,5421,36647
4198,13195,36152
4199,13195,36647
4200,13574,36153
4201,347,36156
4202,2506,36157
4203,2968,36164
4204,6315,36164
4205,6475,36164
4206,6850,36164
4207,7455,36164
4208,7469,36164
4209,7470,36164
4210,7471,36164
4211,12460,36164
4212,15968,36164
4213,19905,36164
4214,20718,36164
4215,20825,36164
4216,25769,36164
4217,27896,36165
4218,3645,36167
4219,20905,36168
4220,81,36169
4221,2107,36171
4222,2107,155552
4223,14024,36171
4224,14024,155552
4225,2137,36187
4226,17845,36187
4227,20144,36187
4228,3177,36189
4229,3220,36189
4230,7134,36189
4231,7462,36204
4232,7463,36204
4233,7464,36204
4234,14368,101853
4235,6782,101853
4236,10442,36258
4237,10442,118320
4238,10442,118321
4239,18088,36258
4240,18088,118320
4241,18088,118321
4242,27981,36258
4243,27981,118320
4244,27981,118321
4245,11774,36277
4246,6362,36279
4247,5282,36281
4248,5283,36281
4249,10384,36286
4250,10384,147544
4251,16898,36286
4252,16898,147544
4253,16899,36286
4254,16899,147544
4255,16900,36286
4256,16900,147544
4257,5208,36295
4258,5208,63278
4259,1414,36296
4260,1414,36297
4261,1414,108908
4262,1414,200508
4263,5204,36296
4264,5204,36297
4265,5204,108908
4266,5204,200508
4267,12398,36296
4268,12398,36297
4269,12398,108908
4270,12398,200508
4271,14662,36296
4272,14662,36297
4273,14662,108908
4274,14662,200508
4275,12158,36322
4276,13840,36322
4277,6163,36349
4278,14039,36350
4279,15553,36350
4280,5550,36354
4281,7479,36357
4282,7398,36394
4283,17091,36394
4284,13812,36400
4285,3540,36417
4286,7056,36417
4287,25606,36417
4288,1260,36418
4289,1261,36418
4290,12609,36419
4291,18668,36419
4292,9534,36428
4293,25886,36429
4294,25893,36429
4295,2111,36430
4296,16534,36431
4297,27365,36432
4298,3187,36435
4299,3711,36435
4300,4240,36435
4301,12945,36435
4302,7132,36437
4303,7641,36439
4304,8128,36439
4305,8129,36439
4306,1353,36440
4307,1354,36440
4308,1355,36440
4309,13698,36440
4310,12978,36441
4311,21740,36441
4312,13019,36445
4313,17391,36445
4314,17395,36451
4315,22447,36451
4316,27922,36451
4317,8148,36454
4318,27313,36454
4319,4621,36455
4320,17469,36455
4321,8143,36456
4322,20577,36456
4323,27409,36456
4324,12972,36457
4325,11885,36458
4326,13697,36464
4327,1105,36465
4328,7486,36465
4329,7487,36465
4330,1352,36467
4331,13707,36468
4332,4286,36469
4333,27446,53729
4334,15381,36474
4335,14235,36475
4336,11765,36476
4337,15642,36477
4338,20920,36478
4339,22410,36478
4340,12991,36479
4341,7543,36480
4342,8411,36481
4343,17755,36482
4344,20827,36483
4345,17149,36485
4346,13059,36486
4347,27798,36487
4348,3316,36488
4349,3565,36488
4350,3566,36488
4351,9680,36488
4352,26841,36488
4353,7494,36489
4354,13607,36491
4355,14192,36491
4356,27911,36492
4357,27895,36494
4358,8402,36501
4359,5231,36502
4360,13592,36502
4361,26044,36502
4362,6223,36504
4363,6223,136955
4364,6223,138169
4365,10762,36504
4366,10762,136955
4367,10762,138169
4368,11736,36504
4369,11736,136955
4370,11736,138169
4371,13063,36506
4372,13434,36506
4373,13571,36506
4374,3792,36508
4375,3792,80909
4376,18957,36510
4377,20404,36510
4378,20405,36510
4379,20406,36510
4380,21752,36510
4381,27412,36510
4382,359,36530
4383,12970,36532
4384,7449,36534
4385,13365,36534
4386,13613,36534
4387,13614,36534
4388,13615,36534
4389,22061,36537
4390,17763,36540
4391,17192,36543
4392,13684,36545
4393,13653,36546
4394,27023,36546
4395,5504,36549
4396,27897,36550
4397,15380,36551
4398,7502,36555
4399,13665,36558
4400,20856,36560
4401,16892,36561
4402,20824,36561
4403,6787,36563
4404,27781,36564
4405,20365,36565
4406,22255,36565
4407,11573,36567
4408,21684,36568
4409,25996,36569
4410,25996,137930
4411,2797,36572
4412,2798,36572
4413,2799,36572
4414,13768,36573
4415,17706,36574
4416,7500,36575
4417,12612,36579
4418,21953,36579
4419,20680,36582
4420,1235,36585
4421,7072,36586
4422,13622,36588
4423,3567,36593
4424,5463,36593
4425,6613,36594
4426,6614,36594
4427,27797,36594
4428,27814,36595
4429,18782,36596
4430,18782,138137
4431,18783,36596
4432,18783,138137
4433,3094,36597
4434,3454,36597
4435,14298,36597
4436,20043,36597
4437,20360,36597
4438,2801,36598
4439,3111,36598
4440,8239,36599
4441,17605,36602
4442,12450,36603
4443,15850,36603
4444,11363,36604
4445,20564,36605
4446,7076,36606
4447,13700,36608
4448,7029,36609
4449,5163,36611
4450,13177,36611
4451,6889,36612
4452,14654,36612
4453,20361,36612
4454,7040,36613
4455,12359,36614
4456,20857,36614
4457,20858,36614
4458,20859,36614
4459,27636,36614
4460,8034,36615
4461,13316,36615
4462,7504,36616
4463,7505,36616
4464,12666,36617
4465,16123,36618
4466,20916,36618
4467,16190,36619
4468,9476,36620
4469,27920,36620
4470,27502,36622
4471,26948,36623
4472,3697,81237
4473,3697,92817
4474,3697,92819
4475,15043,36623
4476,15043,81237
4477,15043,92817
4478,15043,92819
4479,6048,36624
4480,13385,36624
4481,17509,36625
4482,17510,36625
4483,20826,36625
4484,8188,36626
4485,27534,36626
4486,13537,36628
4487,15849,36630
4488,15849,146895
4489,1348,36631
4490,13556,36631
4491,692,36633
4492,20042,36634
4493,6914,36635
4494,13577,36636
4495,20831,36636
4496,20832,36636
4497,20852,36640
4498,20853,36640
4499,27012,36640
4500,13558,36641
4501,26023,36642
4502,11892,36643
4503,4768,36644
4504,27874,36644
4505,27889,36644
4506,27890,36644
4507,9837,36645
4508,22060,36646
4509,7434,36648
4510,14480,36649
4511,17392,36651
4512,16445,36652
4513,16445,146901
4514,20840,36652
4515,20840,146901
4516,3693,36654
4517,8022,36655
4518,12031,36655
4519,21762,36655
4520,20356,36656
4521,20358,36656
4522,7506,36657
4523,20919,36660
4524,27350,36661
4525,11738,36662
4526,927,36663
4527,1834,36664
4528,20072,36665
4529,20823,36665
4530,9578,36667
4531,23396,36667
4532,11924,36669
4533,23364,36669
4534,13057,36679
4535,3417,36684
4536,15337,36685
4537,12965,36687
4538,12966,36687
4539,21986,36695
4540,11888,36699
4541,11888,81161
4542,16000,36700
4543,7457,36703
4544,11575,36705
4545,8406,36709
4546,8406,44221
4547,17571,36712
4548,9120,36713
4549,12471,36714
4550,13387,36718
4551,8401,36719
4552,27950,36719
4553,12955,36720
4554,13706,36720
4555,3654,36721
4556,11048,36721
4557,20562,36722
4558,13585,36723
4559,20241,36723
4560,14258,36729
4561,9572,36730
4562,7896,36733
4563,9699,36734
4564,8822,36737
4565,3238,36739
4566,21989,36740
4567,21989,111176
4568,27025,36741
4569,13685,36744
4570,3556,36746
4571,13606,36746
4572,11049,36747
4573,27855,36747
4574,27395,36751
4575,16835,36752
4576,4379,36755
4577,7512,36756
4578,13664,36756
4579,16667,36757
4580,3455,36758
4581,13544,36758
4582,13545,36758
4583,13094,36759
4584,13711,36759
4585,16284,36759
4586,3525,36760
4587,14128,36761
4588,13565,36763
4589,13686,36763
4590,17396,36766
4591,20847,36766
4592,7438,36767
4593,7439,36767
4594,13670,36768
4595,13670,82462
4596,27405,36769
4597,20407,36770
4598,27230,36770
4599,9772,36775
4600,22454,36775
4601,22455,36775
4602,14618,36776
4603,7270,36777
4604,14077,36777
4605,20914,36777
4606,27415,36777
4607,3333,36778
4608,3333,52851
4609,9698,36778
4610,9698,52851
4611,17576,36779
4612,20368,36779
4613,3530,36782
4614,12461,36782
4615,25919,36784
4616,19796,36793
4617,14705,90575
4618,14705,90576
4619,14705,147610
4620,10862,90575
4621,10862,90576
4622,10862,147610
4623,19986,36797
4624,20910,36798
4625,25897,36799
4626,5731,36801
4627,14347,36801
4628,6862,36804
4629,2875,36805
4630,13021,36806
4631,13021,138302
4632,27592,36835
4633,15093,36855
4634,7517,36856
4635,7517,36857
4636,15629,36856
4637,15629,36857
4638,16338,36856
4639,16338,36857
4640,3430,36882
4641,17168,36882
4642,27850,36882
4643,8454,36893
4644,8454,113686
4645,15920,36894
4646,15920,113671
4647,7533,36959
4648,7533,66274
4649,16745,36959
4650,16745,66274
4651,4911,36989
4652,6602,36993
4653,6602,36994
4654,11364,37036
4655,11364,44087
4656,12499,37036
4657,12499,44087
4658,21742,37046
4659,21742,57899
4660,21743,37046
4661,21743,57899
4662,21744,37046
4663,21744,57899
4664,3222,37048
4665,5020,37048
4666,10184,37081
4667,21570,37092
4668,19548,37156
4669,3949,37163
4670,5787,37166
4671,24195,37177
4672,24195,85423
4673,11239,37182
4674,12283,37203
4675,19698,37204
4676,25830,37204
4677,1981,37226
4678,10767,37226
4679,11602,37226
4680,19415,37241
4681,23723,37244
4682,11350,37253
4683,8824,37263
4684,9811,37264
4685,18824,37264
4686,13122,37265
4687,15320,37265
4688,8437,37267
4689,15583,37267
4690,20602,37267
4691,8495,37277
4692,18172,87308
4693,7566,37284
4694,7566,142989
4695,6483,37294
4696,20374,37294
4697,752,37296
4698,8172,37296
4699,8173,37296
4700,9398,37298
4701,17134,37304
4702,12323,37306
4703,4443,37312
4704,4443,55482
4705,12251,37312
4706,12251,55482
4707,15382,37312
4708,15382,55482
4709,19596,37315
4710,24763,37315
4711,10565,37321
4712,19401,37321
4713,7565,37330
4714,7559,37334
4715,7559,50975
4716,15054,37394
4717,26353,37396
4718,11035,37397
4719,16219,37399
4720,21800,37399
4721,5511,37404
4722,7580,37404
4723,17411,37405
4724,19411,37405
4725,19412,37405
4726,6352,37414
4727,3065,37419
4728,27435,37419
4729,27436,37419
4730,23852,37434
4731,23853,37434
4732,23854,37434
4733,5262,37441
4734,16411,37441
4735,10981,37442
4736,18888,37442
4737,2903,37444
4738,20336,37444
4739,25629,37444
4740,2469,37445
4741,13186,37445
4742,16779,37445
4743,27376,37447
4744,1191,37449
4745,19173,37449
4746,11783,132894
4747,5574,132894
4748,17513,132894
4749,6399,132894
4750,7562,37459
4751,7562,37510
4752,5708,37459
4753,5708,37510
4754,7581,37461
4755,7581,141395
4756,7573,37461
4757,7573,141395
4758,21898,37467
4759,25985,193582
4760,25201,37470
4761,25201,193582
4762,21089,145086
4763,21037,145086
4764,7560,37484
4765,7561,37484
4766,7572,37484
4767,3208,37487
4768,14186,37488
4769,17650,37489
4770,4781,37491
4771,26275,37492
4772,21759,37495
4773,26273,37495
4774,26149,37496
4775,26234,37498
4776,26235,37498
4777,20776,107192
4778,23959,37508
4779,24397,37508
4780,7898,37517
4781,26211,37521
4782,26529,37524
4783,26465,37525
4784,26388,37530
4785,616,193286
4786,27834,37563
4787,27835,37563
4788,18189,37586
4789,19110,37587
4790,674,37607
4791,21550,37607
4792,4936,37608
4793,10134,37615
4794,27564,37615
4795,7599,37619
4796,27216,37619
4797,13596,37627
4798,13597,37627
4799,5498,37629
4800,8908,37638
4801,8908,37644
4802,8908,50684
4803,9282,37638
4804,9282,37644
4805,9282,50684
4806,21853,37638
4807,21853,37644
4808,21853,50684
4809,7678,37641
4810,7678,75899
4811,17921,37642
4812,17921,78659
4813,10592,37651
4814,16240,37651
4815,23104,37651
4816,7601,37663
4817,9780,37671
4818,10861,37671
4819,15893,37671
4820,18167,37671
4821,22258,37671
4822,1356,37689
4823,2428,37700
4824,2428,81713
4825,12403,37700
4826,12403,81713
4827,28056,37700
4828,28056,81713
4829,5501,37701
4830,8559,37701
4831,12191,37721
4832,17828,62650
4833,21227,37740
4834,21227,62650
4835,16545,37750
4836,16545,102374
4837,16545,147521
4838,16048,37787
4839,7640,37806
4840,20803,37810
4841,22444,37810
4842,5191,37814
4843,9013,37814
4844,14545,37814
4845,15426,37819
4846,9068,37843
4847,16410,37843
4848,20532,37850
4849,679,37852
4850,679,37853
4851,679,137503
4852,2981,37852
4853,2981,37853
4854,2981,137503
4855,10013,37856
4856,10014,37856
4857,10015,37856
4858,9432,37858
4859,16624,37863
4860,16625,37863
4861,16626,37863
4862,16627,37863
4863,9477,37864
4864,13349,37864
4865,12629,37920
4866,17261,37920
4867,20283,37953
4868,12264,37981
4869,15239,37981
4870,9671,37990
4871,14794,37990
4872,21,37995
4873,22,37995
4874,14777,37995
4875,2731,37997
4876,2821,37997
4877,2822,37997
4878,25807,37997
4879,16,38000
4880,1823,38000
4881,13853,38000
4882,15999,38000
4883,19807,38000
4884,19808,38000
4885,24569,38021
4886,24780,38021
4887,23961,38027
4888,23961,131868
4889,8298,38038
4890,27776,38039
4891,27776,38045
4892,11512,38043
4893,13640,38043
4894,21806,38043
4895,4088,38044
4896,6145,38921
4897,618,38929
4898,618,81790
4899,1481,38929
4900,1481,81790
4901,1482,38929
4902,1482,81790
4903,11267,38931
4904,11267,38932
4905,170,38931
4906,170,38932
4907,21420,38934
4908,21421,38934
4909,21422,38934
4910,7729,38936
4911,14650,38936
4912,25263,193563
4913,16235,38968
4914,18053,38968
4915,27811,38972
4916,548,38996
4917,24745,39027
4918,24746,39027
4919,24747,39027
4920,24748,39027
4921,24011,39031
4922,24011,72229
4923,24011,141642
4924,24010,39031
4925,24010,72229
4926,24010,141642
4927,4370,39041
4928,11223,39051
4929,5323,39065
4930,17585,39066
4931,11092,141108
4932,19637,39071
4933,25780,141108
4934,11091,141108
4935,11090,141108
4936,688,39076
4937,10598,39076
4938,12623,39076
4939,15693,39076
4940,4464,39090
4941,4464,101503
4942,11866,39090
4943,25689,39090
4944,4556,39093
4945,11338,39096
4946,2362,39145
4947,6071,39145
4948,7737,39145
4949,3074,39147
4950,3509,39147
4951,7786,39147
4952,19879,39147
4953,7681,39173
4954,18226,39173
4955,553,39203
4956,8050,39203
4957,8051,39203
4958,10608,39215
4959,2349,39237
4960,23127,39237
4961,16487,102279
4962,16486,102279
4963,11402,39283
4964,7024,39288
4965,11813,39288
4966,18969,39291
4967,13315,39327
4968,7688,39328
4969,5549,39329
4970,5549,48286
4971,13351,39329
4972,13351,48286
4973,7693,39332
4974,7693,39352
4975,22144,39332
4976,22144,39352
4977,3120,39337
4978,1022,39345
4979,27151,39345
4980,8361,39353
4981,8362,39353
4982,978,39355
4983,11001,39355
4984,455,39358
4985,11164,39362
4986,11164,80303
4987,18400,39362
4988,18400,80303
4989,3578,39371
4990,7694,39371
4991,2574,39372
4992,2575,39372
4993,24615,39372
4994,7695,39374
4995,5247,39414
4996,7556,39414
4997,7557,39414
4998,5272,39450
4999,10079,39450
5000,13465,39451
5001,16220,39451
5002,1659,39533
5003,1659,50605
5004,16777,39545
5005,16778,39545
5006,7719,39554
5007,7720,39554
5008,4827,39564
5009,4827,39565
5010,4827,55058
5011,9868,39564
5012,9868,39565
5013,9868,55058
5014,17191,39564
5015,17191,39565
5016,17191,55058
5017,19120,78669
5018,19119,78669
5019,10694,39582
5020,7731,39606
5021,7736,39609
5022,4538,39649
5023,5506,39649
5024,1332,39651
5025,1559,39652
5026,18768,39652
5027,1702,39666
5028,21931,39668
5029,16480,59423
5030,16482,59423
5031,16481,59423
5032,17810,39713
5033,16277,39715
5034,7768,39729
5035,11254,39730
5036,9848,39735
5037,15778,39737
5038,16012,39737
5039,16013,39737
5040,18119,39737
5041,1326,39748
5042,16291,39748
5043,1135,39749
5044,1303,39749
5045,1304,39749
5046,1982,39749
5047,20573,39749
5048,4205,39750
5049,4206,39750
5050,22362,39751
5051,22363,39751
5052,15291,39753
5053,1784,39757
5054,13905,39772
5055,13905,137522
5056,18171,39792
5057,8800,39800
5058,17444,39831
5059,24157,39837
5060,24158,39837
5061,6814,39839
5062,24089,39917
5063,24236,39917
5064,24307,39980
5065,1137,39985
5066,1137,72570
5067,1137,200582
5068,12582,39985
5069,12582,72570
5070,12582,200582
5071,21372,39985
5072,21372,72570
5073,21372,200582
5074,11463,39999
5075,20204,39999
5076,7810,40020
5077,21068,40020
5078,4760,40021
5079,8864,40022
5080,26803,40033
5081,2319,40034
5082,10016,40034
5083,10733,40061
5084,24667,40068
5085,24668,40068
5086,24866,40069
5087,9542,40078
5088,641,40079
5089,875,40083
5090,5257,40083
5091,6155,40083
5092,7776,40083
5093,10167,40083
5094,11444,40083
5095,13004,40084
5096,21447,40084
5097,24248,40085
5098,5654,40106
5099,5655,40106
5100,1087,40117
5101,26187,40117
5102,26188,40117
5103,7684,40124
5104,7685,40124
5105,3305,40130
5106,3305,54189
5107,7632,40130
5108,7632,54189
5109,7166,40130
5110,7166,54189
5111,7211,40132
5112,11469,40132
5113,5355,40133
5114,20610,40133
5115,485,40151
5116,6037,40151
5117,9627,40152
5118,5521,40227
5119,25855,40227
5120,27851,40242
5121,9449,40246
5122,14011,40246
5123,7960,40266
5124,2158,40295
5125,2158,199627
5126,7832,40295
5127,7832,199627
5128,12436,40296
5129,7374,40300
5130,17783,40300
5131,2298,40316
5132,9088,40327
5133,9089,40327
5134,11306,40343
5135,14656,40343
5136,15764,40343
5137,18577,40343
5138,4144,40346
5139,4144,45688
5140,8208,40346
5141,8208,45688
5142,5962,40346
5143,5962,45688
5144,14766,40351
5145,14766,56829
5146,14767,40351
5147,14767,56829
5148,1112,40353
5149,14980,40353
5150,21341,40353
5151,7855,40387
5152,15825,40387
5153,22384,40433
5154,17912,40434
5155,18669,40434
5156,17767,40439
5157,16645,40444
5158,12400,40445
5159,17955,40445
5160,17956,40445
5161,25041,193360
5162,25320,193360
5163,2374,40614
5164,1670,40671
5165,1671,40671
5166,2279,40684
5167,4410,40684
5168,3791,40699
5169,21522,40699
5170,4279,40700
5171,4535,40711
5172,14301,40711
5173,17533,40711
5174,4019,193475
5175,20526,40718
5176,2100,193475
5177,635,40783
5178,11603,40783
5179,503,40824
5180,503,89687
5181,4198,40824
5182,4198,89687
5183,11931,40824
5184,11931,89687
5185,2627,40827
5186,7843,40827
5187,23970,40849
5188,23987,40849
5189,818,40857
5190,18686,40857
5191,20702,40857
5192,19573,40866
5193,19573,150480
5194,19573,201211
5195,19574,40866
5196,19574,150480
5197,19574,201211
5198,12669,102157
5199,3188,102157
5200,12668,102157
5201,23979,40893
5202,64,40901
5203,2039,40936
5204,15362,40936
5205,15363,40936
5206,19213,40936
5207,4764,40937
5208,8761,40951
5209,21057,54887
5210,13774,54887
5211,2962,41014
5212,14927,41022
5213,8999,41030
5214,8999,118779
5215,9210,41030
5216,9210,118779
5217,4209,41031
5218,4713,41031
5219,17377,41031
5220,20697,41031
5221,254,41051
5222,2416,41060
5223,5411,41060
5224,12316,41060
5225,8383,41066
5226,8757,41066
5227,11377,41097
5228,4475,41098
5229,16611,41099
5230,24384,41104
5231,5922,41107
5232,5922,92029
5233,21297,41110
5234,6936,41113
5235,638,41121
5236,638,110204
5237,5314,41125
5238,5314,41234
5239,5314,74024
5240,8754,41125
5241,8754,41234
5242,8754,74024
5243,15509,41125
5244,15509,41234
5245,15509,74024
5246,20651,41125
5247,20651,41234
5248,20651,74024
5249,24977,193302
5250,24933,193531
5251,24931,193531
5252,24932,193531
5253,23179,41145
5254,23351,41145
5255,24583,41148
5256,14754,41149
5257,832,41154
5258,1230,41162
5259,19635,41162
5260,4747,41163
5261,11498,41164
5262,4757,41167
5263,4734,41167
5264,346,41167
5265,21807,41168
5266,21212,41169
5267,21940,41169
5268,17917,41176
5269,2541,41177
5270,8762,41178
5271,17639,41184
5272,17639,83772
5273,17676,41185
5274,18078,41185
5275,24632,41187
5276,24633,41187
5277,24634,41187
5278,1494,41190
5279,4097,41191
5280,2697,41194
5281,6572,41201
5282,12780,67483
5283,2695,41212
5284,2688,41212
5285,1415,41212
5286,18715,41213
5287,18716,41213
5288,11198,41216
5289,12216,41222
5290,12216,125598
5291,12216,125609
5292,7618,41233
5293,13078,41233
5294,15743,41233
5295,15744,41233
5296,10847,41243
5297,10847,45632
5298,18552,41243
5299,18552,45632
5300,8808,41245
5301,4334,41249
5302,15074,41249
5303,5822,41259
5304,4894,41299
5305,4894,139303
5306,4893,41299
5307,4893,139303
5308,6454,41303
5309,7740,41303
5310,18030,41303
5311,12367,41307
5312,12367,80092
5313,18315,41307
5314,18315,80092
5315,21915,41317
5316,768,41319
5317,19289,41330
5318,11977,41336
5319,3557,41374
5320,9234,41374
5321,11179,41374
5322,11180,41374
5323,15347,41397
5324,15347,95092
5325,20772,41482
5326,7915,41485
5327,9278,41487
5328,10980,41487
5329,27789,41490
5330,27790,41490
5331,6909,41493
5332,7910,41493
5333,7912,41494
5334,18747,41497
5335,16315,41505
5336,1036,41506
5337,16014,41506
5338,11562,41515
5339,7919,41534
5340,7920,41534
5341,27043,41534
5342,4931,41539
5343,24106,41539
5344,7921,41539
5345,16093,41545
5346,25865,41545
5347,1346,41546
5348,16351,41553
5349,16351,144263
5350,24062,41556
5351,24062,144190
5352,14380,41559
5353,21215,41568
5354,5094,41570
5355,7923,41573
5356,7924,41573
5357,9295,41575
5358,9296,41575
5359,9977,41580
5360,9978,41580
5361,20409,41588
5362,14355,41591
5363,14355,115267
5364,8966,41599
5365,7184,41601
5366,14988,41612
5367,706,41619
5368,3857,41625
5369,10087,41626
5370,20925,41626
5371,7961,41628
5372,9983,41628
5373,9984,41628
5374,10118,41628
5375,11167,41628
5376,7298,41649
5377,8323,41649
5378,7964,41651
5379,26168,41654
5380,7159,41674
5381,7990,41756
5382,715,41785
5383,19885,41806
5384,15378,41854
5385,9623,41855
5386,9624,41855
5387,10726,41856
5388,13480,41856
5389,1918,41928
5390,4917,41935
5391,4917,147072
5392,9301,41936
5393,10515,41946
5394,3118,41955
5395,1216,41963
5396,717,41992
5397,6464,41993
5398,6465,41993
5399,4773,41994
5400,19406,41994
5401,5875,42049
5402,6791,42049
5403,2646,42052
5404,2646,118833
5405,14598,42052
5406,14598,118833
5407,21959,42052
5408,21959,118833
5409,10465,42071
5410,14553,42071
5411,21784,42095
5412,8153,42167
5413,7314,42171
5414,7857,42171
5415,11743,42185
5416,12072,42185
5417,18248,42185
5418,18024,42208
5419,20385,42208
5420,4982,42274
5421,4982,53805
5422,11788,42274
5423,11788,53805
5424,3218,42296
5425,8048,42296
5426,13267,42296
5427,24857,42307
5428,770,42309
5429,24771,42309
5430,21861,42314
5431,16496,101449
5432,16497,101449
5433,15773,42344
5434,18327,42357
5435,18327,42358
5436,12423,42360
5437,1021,42361
5438,5649,42367
5439,11978,42377
5440,11978,70555
5441,25738,42445
5442,14628,42460
5443,11029,42472
5444,20345,42497
5445,6498,42511
5446,6287,42513
5447,13743,42529
5448,13743,45251
5449,13743,45639
5450,25977,42530
5451,25977,45644
5452,27656,42552
5453,2264,42555
5454,16532,42567
5455,21862,42577
5456,20342,42585
5457,20342,68254
5458,21304,42585
5459,21304,68254
5460,8528,42613
5461,17054,42618
5462,11823,42620
5463,21309,42627
5464,9748,42643
5465,9748,82253
5466,12266,42643
5467,12266,82253
5468,11918,42670
5469,15911,42681
5470,18123,42690
5471,6692,42692
5472,6692,69823
5473,19659,42696
5474,17125,111030
5475,1086,42742
5476,6095,42742
5477,21780,42742
5478,26178,93064
5479,15066,93064
5480,26179,93064
5481,1357,42746
5482,3588,42746
5483,17618,42746
5484,8222,42768
5485,20575,42828
5486,10084,42872
5487,10084,61214
5488,17229,42918
5489,881,42940
5490,882,42940
5491,15326,43006
5492,15326,105478
5493,19961,43020
5494,25938,43032
5495,8771,43041
5496,8771,43069
5497,8771,64893
5498,24875,43049
5499,24876,43049
5500,5065,43050
5501,93,43061
5502,788,43061
5503,4528,43106
5504,11693,43106
5505,9217,43196
5506,27393,43196
5507,14120,43197
5508,20106,43209
5509,20106,136832
5510,16136,43209
5511,16136,136832
5512,3571,43210
5513,7003,43273
5514,7984,43288
5515,8324,43301
5516,8325,43301
5517,17787,43301
5518,6102,43303
5519,8327,43303
5520,12254,43303
5521,17375,43303
5522,19171,43311
5523,7008,43314
5524,7008,43315
5525,8330,43314
5526,8330,43315
5527,13338,43314
5528,13338,43315
5529,17092,43314
5530,17092,43315
5531,17104,43314
5532,17104,43315
5533,13892,43316
5534,27492,43316
5535,8329,43318
5536,8331,43318
5537,9600,43318
5538,14531,43318
5539,27234,43343
5540,27234,72301
5541,11461,43343
5542,11461,72301
5543,2553,43357
5544,23948,43362
5545,23937,43378
5546,23938,43378
5547,2085,43385
5548,24395,43385
5549,24396,43385
5550,24161,43390
5551,24162,43390
5552,24163,43390
5553,24057,43391
5554,24058,43391
5555,6052,43393
5556,6052,98303
5557,6053,43393
5558,6053,98303
5559,19549,43400
5560,19549,71941
5561,19549,111598
5562,16169,43404
5563,27806,43404
5564,1462,43405
5565,1462,72647
5566,3371,43406
5567,3706,43406
5568,8067,43437
5569,14906,43437
5570,20299,43447
5571,13946,43454
5572,16432,43454
5573,1119,43564
5574,1120,43564
5575,2337,43564
5576,5838,43564
5577,6666,43564
5578,1726,43568
5579,1726,105589
5580,1726,105594
5581,16584,43568
5582,16584,105589
5583,16584,105594
5584,13737,43568
5585,13737,105589
5586,13737,105594
5587,8341,43606
5588,8341,85239
5589,8343,43606
5590,8343,85239
5591,8345,43610
5592,17621,43617
5593,17621,146144
5594,25995,43617
5595,25995,146144
5596,11016,43619
5597,24284,43623
5598,24284,132182
5599,12337,43630
5600,14729,43630
5601,15500,43630
5602,15559,43630
5603,18204,43630
5604,19153,43630
5605,20014,43630
5606,20206,43630
5607,4259,43660
5608,21841,43660
5609,12956,43669
5610,13534,43669
5611,20410,43669
5612,4270,43670
5613,20352,43670
5614,21963,43685
5615,18281,43685
5616,21962,43685
5617,20231,43722
5618,20231,44693
5619,20231,52039
5620,14617,43722
5621,14617,44693
5622,14617,52039
5623,7083,43777
5624,5790,43781
5625,11580,43782
5626,20596,43782
5627,18832,43790
5628,3834,43794
5629,8377,43794
5630,15809,43798
5631,15809,54505
5632,15550,43798
5633,15550,54505
5634,15557,43798
5635,15557,54505
5636,8043,43821
5637,8043,110298
5638,9463,43821
5639,9463,110298
5640,22432,43821
5641,22432,110298
5642,27357,43861
5643,11383,43883
5644,12501,43906
5645,7143,43916
5646,16374,43916
5647,8548,43925
5648,26776,43925
5649,4548,43935
5650,27024,43935
5651,25760,43937
5652,25760,82230
5653,784,43945
5654,8183,43949
5655,11818,43951
5656,8197,43953
5657,786,43956
5658,1449,43961
5659,21171,43961
5660,21714,43961
5661,2250,43968
5662,10872,43977
5663,8526,43978
5664,5736,43989
5665,10745,44000
5666,10745,45724
5667,27543,44000
5668,27543,45724
5669,12498,44004
5670,12497,44015
5671,400,44023
5672,874,44023
5673,14551,44042
5674,14551,105851
5675,6247,44055
5676,7030,44055
5677,19984,44101
5678,19984,60182
5679,26956,44108
5680,11820,44122
5681,11820,45625
5682,1917,44137
5683,17271,44137
5684,9304,44141
5685,9989,44141
5686,26810,44141
5687,8011,44150
5688,18765,44150
5689,10900,44151
5690,5712,44156
5691,18002,44157
5692,13692,44159
5693,10713,44160
5694,13696,44160
5695,8404,44164
5696,8405,44164
5697,20364,44167
5698,12967,44168
5699,6345,44172
5700,10801,44172
5701,12984,44172
5702,13691,44172
5703,27383,44173
5704,27474,44175
5705,17338,44177
5706,17754,44178
5707,13369,44184
5708,16289,44191
5709,27406,44191
5710,11805,44198
5711,2148,44199
5712,8403,44202
5713,10201,44211
5714,10201,44212
5715,14022,44217
5716,14023,44217
5717,7310,44218
5718,20363,44223
5719,13687,44231
5720,23557,44232
5721,13215,44235
5722,19490,44236
5723,3189,44239
5724,7249,44239
5725,12032,44247
5726,4782,44248
5727,17423,44249
5728,13671,44251
5729,27718,44251
5730,10666,44252
5731,13023,44252
5732,13550,44254
5733,25787,44254
5734,20277,44255
5735,13424,44258
5736,5810,112858
5737,21758,44263
5738,14994,44263
5739,14994,112858
5740,14994,138847
5741,15406,138847
5742,10516,44268
5743,2417,44270
5744,18009,44270
5745,9756,44273
5746,6293,44275
5747,1207,44276
5748,12468,44276
5749,10711,44283
5750,14528,44283
5751,7827,44292
5752,3670,44294
5753,20584,44295
5754,7437,44297
5755,5982,44298
5756,20848,44304
5757,989,44306
5758,17194,44306
5759,21884,44307
5760,3715,44309
5761,17459,44310
5762,4948,44311
5763,13673,44311
5764,12157,44312
5765,25841,44317
5766,19987,44321
5767,6250,44323
5768,7461,44328
5769,12162,44330
5770,7153,44331
5771,3695,44332
5772,9065,44332
5773,16828,44332
5774,16829,44332
5775,19906,44332
5776,18670,44333
5777,13254,44334
5778,7343,44335
5779,17196,44336
5780,20864,44336
5781,9582,44337
5782,10667,44337
5783,16464,89930
5784,23793,89930
5785,23082,89930
5786,23077,89930
5787,11991,89930
5788,11690,44338
5789,20860,44340
5790,4802,44341
5791,22033,44344
5792,22057,44344
5793,6212,44345
5794,13406,44347
5795,27476,44354
5796,27926,44358
5797,8410,44361
5798,13703,44364
5799,22970,169236
5800,22971,169236
5801,8969,44368
5802,13659,44371
5803,6752,44372
5804,20846,44372
5805,6234,44374
5806,20855,44374
5807,20940,44377
5808,20940,138180
5809,20854,44378
5810,18865,44384
5811,7724,44385
5812,13763,44385
5813,13709,44389
5814,1406,44391
5815,22034,44391
5816,27160,44391
5817,12936,44393
5818,4624,44395
5819,9573,44398
5820,9574,44398
5821,9575,44398
5822,11725,44398
5823,20976,44398
5824,20977,44398
5825,20978,44398
5826,14637,44404
5827,6220,44405
5828,13712,44406
5829,12962,44407
5830,27351,44408
5831,6218,44409
5832,13253,44410
5833,3260,44414
5834,20750,44414
5835,21503,44414
5836,27758,44415
5837,8080,44428
5838,19788,44428
5839,10352,44431
5840,18186,44434
5841,3344,44437
5842,7265,44441
5843,5592,44450
5844,8081,44459
5845,16333,44459
5846,16384,44461
5847,3720,44485
5848,2124,44495
5849,8422,44495
5850,9070,44495
5851,20461,44495
5852,26989,44499
5853,2401,44501
5854,2401,55966
5855,2401,123869
5856,4888,44501
5857,4888,55966
5858,4888,123869
5859,16691,44501
5860,16691,55966
5861,16691,123869
5862,17321,44501
5863,17321,55966
5864,17321,123869
5865,20589,44501
5866,20589,55966
5867,20589,123869
5868,1628,44503
5869,6162,44505
5870,13364,44505
5871,13376,44505
5872,16902,44505
5873,4225,44519
5874,8929,44519
5875,25858,44519
5876,3106,44521
5877,11942,44521
5878,14631,44521
5879,9047,44530
5880,1338,44557
5881,1904,44557
5882,17563,44557
5883,8430,44562
5884,8959,44563
5885,8959,52323
5886,12233,44563
5887,12233,52323
5888,12234,44563
5889,12234,52323
5890,388,44575
5891,8436,44575
5892,6138,44578
5893,9554,44579
5894,22340,44579
5895,16633,44580
5896,6146,44584
5897,6158,44584
5898,13282,44584
5899,7156,44655
5900,7156,44658
5901,7392,44659
5902,18965,44659
5903,8440,44674
5904,8441,44676
5905,5439,44679
5906,8443,44679
5907,8449,44679
5908,18835,44687
5909,18835,90419
5910,27783,44687
5911,27783,90419
5912,413,44704
5913,413,115423
5914,7663,44704
5915,7663,115423
5916,12846,44704
5917,12846,115423
5918,12848,44704
5919,12848,115423
5920,8168,44707
5921,18225,44707
5922,1182,44715
5923,749,44719
5924,3146,44719
5925,8395,44726
5926,762,44735
5927,2269,44739
5928,11899,44739
5929,21206,44739
5930,21401,44739
5931,25854,44744
5932,1550,44747
5933,1550,118817
5934,21321,44747
5935,21321,118817
5936,15102,44750
5937,8094,44752
5938,2979,44949
5939,8499,44949
5940,3648,44950
5941,8167,44967
5942,15591,44967
5943,22245,44969
5944,22245,66223
5945,18877,44969
5946,18877,66223
5947,4217,44969
5948,4217,66223
5949,15348,44969
5950,15348,66223
5951,5497,44969
5952,5497,66223
5953,21159,44985
5954,1313,45004
5955,11920,45016
5956,8519,45041
5957,20416,45042
5958,14914,45043
5959,20423,45043
5960,20418,45045
5961,4404,45051
5962,21168,45051
5963,2247,45067
5964,18689,45071
5965,18689,146973
5966,8202,45077
5967,8202,89641
5968,804,45081
5969,27148,45081
5970,570,45096
5971,15434,45096
5972,8527,45109
5973,28050,45110
5974,470,45113
5975,10746,45117
5976,10746,49821
5977,3171,45119
5978,10386,45130
5979,10386,138550
5980,17435,45138
5981,18671,45139
5982,18671,88324
5983,2859,45146
5984,9767,45152
5985,11204,45157
5986,13716,45176
5987,13716,151905
5988,14006,45191
5989,14006,45570
5990,21002,45191
5991,21002,45570
5992,27253,45194
5993,2423,45206
5994,3855,45209
5995,8768,45209
5996,8772,45209
5997,10748,45209
5998,14974,45212
5999,20375,45212
6000,21333,45212
6001,8538,45213
6002,9071,45213
6003,18438,45213
6004,8054,45235
6005,8054,49905
6006,25716,45236
6007,25716,49554
6008,342,45237
6009,12715,45247
6010,3625,45254
6011,21330,45261
6012,8350,45270
6013,5139,45280
6014,5139,45281
6015,5139,68316
6016,11897,45280
6017,11897,45281
6018,11897,68316
6019,13745,45280
6020,13745,45281
6021,13745,68316
6022,1011,45288
6023,21170,45288
6024,95,45291
6025,2484,45291
6026,15105,45291
6027,27872,45293
6028,27872,45580
6029,21060,45293
6030,21060,45580
6031,4340,45295
6032,27726,45323
6033,2205,45324
6034,8201,45328
6035,22480,45332
6036,10679,90084
6037,10679,150114
6038,10679,150131
6039,10679,201180
6040,9055,61316
6041,9055,61317
6042,2275,90084
6043,2275,150114
6044,2275,150131
6045,2275,201180
6046,15420,90084
6047,15420,150114
6048,15420,150131
6049,15420,201180
6050,18069,45340
6051,20698,45341
6052,8535,45351
6053,11061,45351
6054,11962,45369
6055,21311,45369
6056,9775,45370
6057,9808,45370
6058,13744,45370
6059,13079,45373
6060,11824,45374
6061,1015,45386
6062,1015,114317
6063,1389,45400
6064,10459,45400
6065,19690,45402
6066,8525,45404
6067,8207,45405
6068,25784,45405
6069,21860,45407
6070,4539,45415
6071,21888,45416
6072,1043,45417
6073,1043,45418
6074,1043,118826
6075,9158,45417
6076,9158,45418
6077,9158,118826
6078,21027,45417
6079,21027,45418
6080,21027,118826
6081,21021,45417
6082,21021,45418
6083,21021,118826
6084,7356,199854
6085,25762,45420
6086,25762,45423
6087,25762,62233
6088,9106,45420
6089,9106,45423
6090,9106,62233
6091,8756,199854
6092,3602,45422
6093,4763,45427
6094,20434,45427
6095,11042,45430
6096,11042,71516
6097,1848,45444
6098,1849,45444
6099,14624,45444
6100,20117,45450
6101,20117,136121
6102,4342,45455
6103,8211,45455
6104,12500,45458
6105,17869,45481
6106,9149,45482
6107,12409,45482
6108,2238,45507
6109,7023,45509
6110,7023,45657
6111,7023,49735
6112,15745,45523
6113,15745,45575
6114,1793,45531
6115,10325,45531
6116,15230,45531
6117,1642,45533
6118,18681,45548
6119,765,45549
6120,8534,45550
6121,21968,45551
6122,21968,49594
6123,21211,45552
6124,11869,45553
6125,10633,45554
6126,27147,45554
6127,12006,45556
6128,9799,45557
6129,9800,45557
6130,10680,45557
6131,10681,45557
6132,4417,45564
6133,8357,45566
6134,8155,45567
6135,21097,45567
6136,2263,45572
6137,25673,45572
6138,8794,45576
6139,11365,45578
6140,9768,45579
6141,8079,45581
6142,2972,45583
6143,21863,45584
6144,27137,45586
6145,8539,45588
6146,20754,45588
6147,25845,45588
6148,27247,45589
6149,21787,45590
6150,13457,45591
6151,7388,138211
6152,18582,45594
6153,18583,45594
6154,7389,138211
6155,20685,45595
6156,8542,45596
6157,22509,45597
6158,25778,45599
6159,25901,45599
6160,206,45607
6161,18063,45608
6162,8394,45611
6163,20377,45611
6164,21106,45611
6165,20046,45612
6166,21210,45612
6167,11106,45613
6168,10816,45614
6169,8382,45615
6170,20051,45616
6171,8545,45617
6172,25739,45618
6173,27284,45620
6174,25692,45621
6175,9791,45623
6176,9791,69959
6177,8536,45624
6178,16969,45626
6179,8532,45627
6180,20885,45627
6181,8157,45630
6182,13730,45631
6183,8378,45633
6184,18559,45633
6185,759,45634
6186,760,45634
6187,25672,45634
6188,27760,45636
6189,11822,45637
6190,10688,45638
6191,10688,49502
6192,8393,45640
6193,8393,49731
6194,11684,45640
6195,11684,49731
6196,15421,45640
6197,15421,49731
6198,15063,45642
6199,15063,97614
6200,20112,45645
6201,3830,45646
6202,1285,45648
6203,5887,45648
6204,19689,45650
6205,19689,53252
6206,20347,45650
6207,20347,53252
6208,7591,45653
6209,11249,45654
6210,11817,45654
6211,14223,45654
6212,22027,45656
6213,6244,45658
6214,6244,49581
6215,22030,45659
6216,4534,45660
6217,10677,45663
6218,14843,45666
6219,14843,148467
6220,15328,45666
6221,15328,148467
6222,27354,45666
6223,27354,148467
6224,20346,45667
6225,27283,45668
6226,897,45669
6227,897,49565
6228,6777,45670
6229,8385,45670
6230,12201,45670
6231,6766,45671
6232,18724,45671
6233,8560,45673
6234,8560,156407
6235,14243,45673
6236,14243,156407
6237,18558,45673
6238,18558,156407
6239,21782,45673
6240,21782,156407
6241,12265,45673
6242,12265,156407
6243,410,45675
6244,9157,45675
6245,9147,45676
6246,9148,45676
6247,6727,45681
6248,22074,45684
6249,21100,45685
6250,21101,45685
6251,25602,45685
6252,12568,45686
6253,20755,45686
6254,8205,45687
6255,6897,45694
6256,21204,45696
6257,10843,45697
6258,10843,49692
6259,10843,145261
6260,11979,45697
6261,11979,49692
6262,11979,145261
6263,20176,45698
6264,14600,45704
6265,18679,45706
6266,18679,49697
6267,7854,45707
6268,18067,45707
6269,11797,45709
6270,12903,45710
6271,11898,45712
6272,8380,45714
6273,15329,45715
6274,27193,45716
6275,12005,45717
6276,19040,45718
6277,8702,45719
6278,4103,45720
6279,4103,87974
6280,27110,45721
6281,1748,45725
6282,2231,45726
6283,6091,45730
6284,4540,45732
6285,4540,106578
6286,4627,45732
6287,4627,106578
6288,21121,45732
6289,21121,106578
6290,1061,45739
6291,10055,45764
6292,19527,45765
6293,21897,45787
6294,3342,45822
6295,6078,45822
6296,9310,45822
6297,809,45837
6298,5799,45837
6299,28071,45837
6300,14719,45841
6301,16316,45841
6302,16326,45841
6303,9358,45843
6304,15769,45843
6305,17231,45843
6306,2174,45847
6307,17829,45847
6308,9338,45849
6309,9338,80333
6310,18125,45849
6311,18125,80333
6312,810,45850
6313,21438,45850
6314,3687,45851
6315,18316,45851
6316,384,45860
6317,8907,45863
6318,8907,50811
6319,8907,153604
6320,14529,45863
6321,14529,50810
6322,14529,50811
6323,14529,153604
6324,22707,45863
6325,22707,50810
6326,22707,50811
6327,22707,153604
6328,425,45886
6329,425,54596
6330,521,45895
6331,2941,45897
6332,16938,45897
6333,16939,45897
6334,4914,45899
6335,4914,110742
6336,4915,45899
6337,4915,110742
6338,4916,45899
6339,4916,110742
6340,9909,45906
6341,27600,45923
6342,7991,45938
6343,16658,45938
6344,5613,45940
6345,10077,45940
6346,10987,45940
6347,2032,45941
6348,15270,45954
6349,812,46008
6350,7701,46018
6351,7701,46020
6352,19687,46018
6353,19687,46020
6354,1492,46035
6355,7609,46035
6356,5349,46092
6357,18709,46092
6358,19661,46092
6359,18435,46157
6360,4105,46158
6361,5976,46158
6362,22120,46158
6363,8705,46160
6364,9440,46180
6365,5802,46458
6366,3513,46459
6367,15415,46459
6368,4726,46463
6369,5837,46463
6370,6656,46463
6371,19657,46471
6372,19702,46471
6373,3549,46482
6374,3549,139396
6375,12091,46496
6376,12092,46496
6377,12093,46496
6378,16635,46496
6379,26358,46496
6380,24886,46518
6381,24887,46518
6382,5360,46520
6383,4378,46529
6384,8902,46529
6385,16306,46529
6386,26785,46534
6387,4721,46543
6388,5238,46543
6389,9626,46544
6390,13865,46544
6391,27044,46544
6392,27458,46544
6393,7787,46545
6394,7788,46545
6395,7789,46545
6396,6451,46548
6397,6452,46548
6398,4943,46907
6399,11751,46908
6400,24005,46912
6401,7822,46928
6402,7822,53777
6403,15960,46929
6404,15960,59182
6405,2742,46929
6406,2742,59182
6407,1679,46936
6408,5234,46942
6409,16446,46942
6410,18158,46942
6411,27544,46942
6412,8354,46949
6413,20741,46949
6414,10040,46984
6415,10040,101210
6416,10596,46984
6417,10596,101210
6418,11793,46984
6419,11793,101210
6420,12097,46985
6421,8644,46987
6422,8737,46987
6423,22006,46996
6424,25624,46996
6425,25625,46996
6426,25626,46996
6427,11858,47036
6428,18850,47036
6429,16589,47047
6430,817,47051
6431,4445,47080
6432,17972,47080
6433,7226,47111
6434,16928,47116
6435,16928,133965
6436,18718,47116
6437,18718,133965
6438,3871,47131
6439,22220,47131
6440,1002,47171
6441,1416,47171
6442,1968,47171
6443,18265,47171
6444,18266,47171
6445,18267,47171
6446,24229,47204
6447,26739,47211
6448,9262,47219
6449,14582,47237
6450,19908,47237
6451,4703,47254
6452,18899,47254
6453,26672,47297
6454,15760,47395
6455,21192,47395
6456,21904,47395
6457,820,47396
6458,3041,47396
6459,19365,47396
6460,22029,47429
6461,25474,47429
6462,7472,47488
6463,7472,129299
6464,7472,133466
6465,8698,47563
6466,8698,96528
6467,8698,156771
6468,8826,47563
6469,8826,96528
6470,8826,156771
6471,19953,47563
6472,19953,96528
6473,19953,156771
6474,8131,47563
6475,8131,96528
6476,8131,156771
6477,9007,47563
6478,9007,96528
6479,9007,156771
6480,826,47570
6481,14855,47570
6482,17077,47570
6483,2105,47596
6484,9037,47598
6485,13427,47598
6486,22165,47598
6487,8704,47600
6488,3548,47602
6489,7403,47603
6490,4677,47607
6491,2823,47610
6492,3295,47611
6493,11768,47611
6494,27442,47611
6495,7633,47613
6496,6016,47615
6497,17027,47619
6498,17249,47627
6499,8707,47628
6500,7353,47710
6501,8718,47711
6502,17534,47711
6503,7269,47760
6504,3301,47845
6505,21583,47845
6506,5707,47877
6507,8753,47877
6508,12212,47877
6509,12308,47877
6510,12317,47877
6511,2610,47895
6512,24551,47895
6513,24734,47895
6514,24858,47895
6515,4825,47915
6516,1489,47917
6517,8778,47917
6518,476,47932
6519,1563,47932
6520,6899,47932
6521,26636,47985
6522,15832,47986
6523,25169,47987
6524,25169,193486
6525,24967,193486
6526,24902,193260
6527,24901,193260
6528,25227,193564
6529,25226,193564
6530,25207,193261
6531,4034,193261
6532,11101,48005
6533,25298,193316
6534,25297,193316
6535,4044,193316
6536,7988,48016
6537,10929,48016
6538,10946,48016
6539,25341,193311
6540,3062,48024
6541,11322,48024
6542,25800,48034
6543,26516,48037
6544,24083,48044
6545,24085,48044
6546,24086,48044
6547,11487,48045
6548,1141,48050
6549,21811,48050
6550,18990,48051
6551,18990,102767
6552,16643,48051
6553,16643,102767
6554,166,48051
6555,166,102767
6556,17851,48053
6557,7362,48060
6558,10962,48060
6559,18661,48060
6560,414,48062
6561,636,48062
6562,7264,48062
6563,24627,48062
6564,24820,48062
6565,17588,48068
6566,24552,48069
6567,24553,48069
6568,24669,48069
6569,8479,48092
6570,12023,48092
6571,12023,48095
6572,12205,48092
6573,12205,48095
6574,617,48145
6575,21561,48145
6576,18676,48155
6577,330,48176
6578,587,48176
6579,1704,48176
6580,20717,48176
6581,21896,48176
6582,24681,48181
6583,24682,48181
6584,24683,48181
6585,15758,48187
6586,19247,48187
6587,4951,48236
6588,5894,48236
6589,27648,48275
6590,1251,48282
6591,1251,48283
6592,6187,48282
6593,6187,48283
6594,2460,48303
6595,2461,48303
6596,17460,48303
6597,18210,48303
6598,1060,48305
6599,9031,48305
6600,17172,48305
6601,3229,48308
6602,7558,48308
6603,20269,48308
6604,9412,48309
6605,4653,48310
6606,9742,48310
6607,383,48314
6608,14395,48314
6609,15621,48314
6610,16327,48314
6611,5494,48317
6612,20874,48317
6613,20875,48317
6614,27590,48317
6615,1639,48341
6616,5831,48343
6617,17942,48499
6618,8835,48806
6619,9999,48806
6620,10575,48806
6621,27740,48830
6622,4271,48961
6623,4272,48961
6624,7055,48967
6625,18492,48969
6626,6554,48972
6627,9049,49022
6628,25569,49030
6629,27941,49030
6630,46,49035
6631,2369,49035
6632,12589,49035
6633,10222,49059
6634,10223,49059
6635,9084,49101
6636,8790,51645
6637,8790,59526
6638,8791,51645
6639,8791,59526
6640,2060,49134
6641,19043,49141
6642,4434,193472
6643,24703,49153
6644,24704,49153
6645,4014,49163
6646,4015,49163
6647,4288,49163
6648,8769,49163
6649,25112,49163
6650,7864,49165
6651,12110,85929
6652,8151,49179
6653,25308,193256
6654,25153,193256
6655,12885,88069
6656,4385,49193
6657,12646,49193
6658,24903,193273
6659,2666,49198
6660,25315,193272
6661,26233,49198
6662,24993,193272
6663,4048,49202
6664,4048,193267
6665,25040,193267
6666,3714,49225
6667,22511,49225
6668,4570,49229
6669,3235,49238
6670,5192,49238
6671,13451,49238
6672,19104,49238
6673,4302,49239
6674,14892,49239
6675,15367,49239
6676,3370,49240
6677,3362,49243
6678,3363,49243
6679,17086,49243
6680,22351,49243
6681,11959,49261
6682,22305,49262
6683,22305,79809
6684,15292,49264
6685,18295,49264
6686,22230,49264
6687,9369,49267
6688,14100,49282
6689,14100,91660
6690,23061,166224
6691,8881,49419
6692,26865,49430
6693,6939,49433
6694,14619,49436
6695,24608,49451
6696,24705,49451
6697,18549,49456
6698,8838,49464
6699,27607,49464
6700,226,49484
6701,761,49485
6702,10844,49486
6703,10844,49487
6704,10844,49488
6705,10844,62257
6706,10885,49486
6707,10885,49487
6708,10885,49488
6709,10885,62257
6710,123,49516
6711,10734,49516
6712,17886,49521
6713,21103,49521
6714,6248,49548
6715,6248,49641
6716,10883,49563
6717,12001,49570
6718,15100,49576
6719,17841,49614
6720,20991,49623
6721,20991,57775
6722,20991,136413
6723,18721,49623
6724,18721,57775
6725,18721,136413
6726,184,49624
6727,27977,49624
6728,22112,49664
6729,15765,49669
6730,16473,49669
6731,20387,49671
6732,15423,49673
6733,15423,53319
6734,25746,49673
6735,25746,53319
6736,13717,49673
6737,13717,53319
6738,8529,49681
6739,8529,71311
6740,21096,49684
6741,11069,49715
6742,11900,49715
6743,9801,49719
6744,9801,92395
6745,9801,153855
6746,4335,49724
6747,20692,49751
6748,20693,49751
6749,21061,49753
6750,25894,49753
6751,4172,49754
6752,11816,49754
6753,12828,49771
6754,843,49775
6755,20384,49775
6756,28032,49775
6757,12633,49781
6758,4759,49809
6759,8388,49809
6760,3261,49813
6761,3261,86874
6762,3261,86877
6763,8386,49830
6764,25973,49830
6765,8544,49848
6766,27631,49856
6767,4332,49859
6768,4332,156346
6769,15060,49859
6770,15060,156346
6771,10290,49861
6772,12130,49869
6773,12130,49871
6774,27542,49869
6775,27542,49871
6776,10841,49894
6777,10842,49894
6778,27746,49912
6779,4338,49932
6780,4339,49932
6781,8897,49960
6782,8898,49960
6783,12981,49960
6784,8887,49969
6785,17442,49969
6786,19948,49977
6787,2472,50022
6788,6749,50022
6789,9169,50023
6790,4516,50036
6791,1912,50049
6792,18409,50049
6793,18410,50049
6794,8318,50055
6795,27235,50055
6796,13786,50056
6797,8215,50059
6798,2224,50066
6799,9177,50066
6800,14862,50066
6801,8803,50077
6802,22313,50077
6803,8970,50080
6804,9179,50085
6805,650,50092
6806,7484,50092
6807,629,50093
6808,629,50094
6809,630,50093
6810,630,50094
6811,5242,50107
6812,5242,53495
6813,9183,50110
6814,25914,50110
6815,10721,50114
6816,14991,50114
6817,27724,50114
6818,9184,50115
6819,9185,50115
6820,9186,50115
6821,572,50117
6822,19891,50117
6823,7621,50127
6824,8880,50127
6825,9207,50127
6826,16196,50127
6827,20486,50127
6828,17655,50128
6829,21916,50128
6830,25843,50128
6831,9188,50137
6832,9188,51368
6833,17291,50137
6834,17291,51368
6835,5305,50138
6836,5307,50138
6837,2450,50141
6838,2451,50141
6839,15256,50141
6840,22152,50141
6841,9200,50147
6842,13735,50147
6843,16188,50149
6844,839,50156
6845,3507,50156
6846,8277,50156
6847,12657,50158
6848,27647,50158
6849,27221,50159
6850,27222,50159
6851,2445,50161
6852,13824,50161
6853,25972,50161
6854,27572,50161
6855,16295,50171
6856,9206,50182
6857,9206,50183
6858,13878,50182
6859,13878,50183
6860,15300,50184
6861,16766,50184
6862,6822,50189
6863,905,50191
6864,1433,50191
6865,19812,50191
6866,7742,50205
6867,14676,50205
6868,841,50206
6869,841,114081
6870,10035,50209
6871,9214,50219
6872,9050,50229
6873,13289,50229
6874,903,50231
6875,6983,50238
6876,8244,50250
6877,8244,50987
6878,1463,50250
6879,1463,50987
6880,8910,50251
6881,17679,50251
6882,9009,50256
6883,21528,50256
6884,21529,50256
6885,21501,50276
6886,21502,50276
6887,7094,50312
6888,7094,50315
6889,21399,50312
6890,21399,50315
6891,9221,50318
6892,8915,50322
6893,8916,50322
6894,15417,50322
6895,5284,50327
6896,5284,50329
6897,27622,50330
6898,2634,50331
6899,6077,50331
6900,9327,50335
6901,3783,50337
6902,2471,50338
6903,27813,50341
6904,27813,51083
6905,9228,50344
6906,9229,50344
6907,8608,50345
6908,12226,50345
6909,7652,50346
6910,7652,50347
6911,7795,50346
6912,7795,50347
6913,6186,50358
6914,14908,50358
6915,18114,50358
6916,1711,50362
6917,7783,50362
6918,22209,50366
6919,444,50367
6920,444,134200
6921,17340,50367
6922,17340,134200
6923,1431,50375
6924,1431,134207
6925,1431,134242
6926,18405,50375
6927,18405,134207
6928,18405,134242
6929,1521,50377
6930,8943,50379
6931,8943,51394
6932,4147,50379
6933,4147,51394
6934,3174,50383
6935,639,50384
6936,6150,50384
6937,17343,50384
6938,1335,50385
6939,583,50386
6940,2741,50386
6941,20923,50386
6942,9764,50391
6943,17273,50391
6944,18402,50391
6945,1400,50394
6946,2443,50394
6947,21830,50394
6948,694,50409
6949,6327,50416
6950,12207,50416
6951,28028,50416
6952,13000,50417
6953,13001,50417
6954,13002,50417
6955,27312,50417
6956,22210,50420
6957,13032,50429
6958,13032,119896
6959,9238,50432
6960,10145,50432
6961,9621,50440
6962,243,50450
6963,7935,50450
6964,9249,50459
6965,26883,50459
6966,2894,50462
6967,4086,50462
6968,8662,50462
6969,9250,50462
6970,13149,50462
6971,13948,50462
6972,22192,50462
6973,27899,50462
6974,20449,50463
6975,27929,50463
6976,3636,50487
6977,3636,51444
6978,13797,50487
6979,13797,51444
6980,17105,50487
6981,17105,51444
6982,27092,50489
6983,487,50493
6984,10029,50494
6985,2828,50496
6986,11034,50496
6987,8875,50498
6988,8875,60075
6989,11537,50498
6990,11537,60075
6991,11538,50498
6992,11538,60075
6993,349,50505
6994,349,92709
6995,16181,50505
6996,16181,92709
6997,7400,50507
6998,2117,50523
6999,2118,50523
7000,5963,50523
7001,6350,50523
7002,13300,50523
7003,3097,50529
7004,7312,50529
7005,9717,50529
7006,13419,50529
7007,9261,50531
7008,9261,118503
7009,17821,50531
7010,17821,118503
7011,5038,50540
7012,17410,50540
7013,6255,50546
7014,5218,50548
7015,5233,50548
7016,10264,50548
7017,12096,50548
7018,18837,50549
7019,16016,50550
7020,9265,50560
7021,13809,50567
7022,3467,50570
7023,13123,50570
7024,853,50582
7025,853,84593
7026,854,50582
7027,854,84593
7028,1856,50582
7029,1856,84593
7030,19717,50582
7031,19717,84593
7032,20892,50582
7033,20892,84593
7034,21483,50582
7035,21483,84593
7036,19166,50593
7037,22318,50593
7038,25627,50593
7039,449,50604
7040,7626,50604
7041,16737,50612
7042,915,50624
7043,2739,50624
7044,162,50625
7045,6174,50632
7046,1696,50635
7047,1696,52244
7048,2197,50636
7049,14791,50636
7050,28031,50636
7051,2753,50637
7052,14817,50637
7053,3286,50638
7054,3287,50638
7055,20332,50638
7056,27433,50638
7057,27434,50638
7058,103,50639
7059,1390,50639
7060,1391,50639
7061,10125,50639
7062,274,50642
7063,5541,50642
7064,14119,50642
7065,17409,50642
7066,6189,50643
7067,9113,50643
7068,3080,50644
7069,3773,50645
7070,15767,50645
7071,6876,50646
7072,7791,50650
7073,21525,50650
7074,8181,50651
7075,9281,50661
7076,13328,50661
7077,14778,50661
7078,27386,50661
7079,8142,50662
7080,22344,50662
7081,10076,50664
7082,20681,50664
7083,17174,50671
7084,17175,50671
7085,17176,50671
7086,17177,50671
7087,5275,50672
7088,9284,50672
7089,896,50677
7090,21584,50677
7091,20266,50678
7092,7682,50686
7093,9288,50686
7094,9781,50686
7095,685,50687
7096,14689,50687
7097,15775,50687
7098,21449,50687
7099,7968,50690
7100,9525,50691
7101,20023,50691
7102,22141,50701
7103,10062,50702
7104,10064,50702
7105,11935,50708
7106,2427,50712
7107,17353,50712
7108,14790,50716
7109,16317,50724
7110,27996,50728
7111,16095,50733
7112,22343,50733
7113,626,50739
7114,626,50743
7115,7952,50739
7116,7952,50743
7117,14690,50740
7118,12084,50741
7119,3678,50750
7120,13874,50752
7121,18215,50752
7122,13017,50760
7123,26976,50761
7124,26977,50761
7125,11722,50763
7126,17110,50763
7127,9298,50767
7128,9322,50767
7129,27710,50767
7130,6,50769
7131,633,50769
7132,13801,50774
7133,18335,50774
7134,3348,50777
7135,3349,50777
7136,9302,50777
7137,11172,50779
7138,8904,50789
7139,20551,50789
7140,1225,50790
7141,7821,50790
7142,14202,50790
7143,20615,50792
7144,1386,50794
7145,1396,50794
7146,15662,50795
7147,60,50802
7148,907,50808
7149,9311,50808
7150,9312,50808
7151,4487,50816
7152,4908,50818
7153,16732,50818
7154,238,50822
7155,17256,50826
7156,22163,50826
7157,27646,50826
7158,4406,50828
7159,8010,50834
7160,11330,50837
7161,7644,50851
7162,8764,50851
7163,9321,50851
7164,931,50856
7165,932,50856
7166,5774,50856
7167,7904,50856
7168,18286,50856
7169,18418,50856
7170,5657,50866
7171,6257,50866
7172,7741,50866
7173,9213,50868
7174,22180,50868
7175,15624,50869
7176,15624,96844
7177,25636,96844
7178,17627,96844
7179,15623,96844
7180,15540,96844
7181,25913,50883
7182,25915,50883
7183,2635,50884
7184,16225,50884
7185,22231,50884
7186,10368,50887
7187,8234,50889
7188,17978,50889
7189,1801,50897
7190,14157,50897
7191,14792,50897
7192,851,50900
7193,27876,50900
7194,25860,50901
7195,7825,50902
7196,7826,50902
7197,4408,50908
7198,8428,50908
7199,11721,50908
7200,25821,50908
7201,9332,50911
7202,20022,50912
7203,27877,50912
7204,9402,50914
7205,9402,51305
7206,9403,50914
7207,9403,51305
7208,10186,50914
7209,10186,51305
7210,13173,50915
7211,27448,50916
7212,909,50929
7213,6461,50929
7214,13870,50929
7215,22374,50929
7216,3182,50932
7217,3183,50932
7218,10792,50932
7219,3688,50940
7220,9271,50940
7221,8260,50941
7222,8261,50941
7223,1375,50944
7224,1375,84817
7225,1376,50944
7226,1376,84817
7227,13495,50944
7228,13495,84817
7229,3674,50946
7230,9010,50946
7231,8992,50953
7232,9615,50953
7233,18190,50956
7234,3535,50958
7235,21928,50958
7236,9345,50960
7237,14268,50960
7238,12496,50961
7239,12496,63173
7240,16521,50961
7241,16521,63173
7242,20102,50964
7243,7207,50965
7244,2476,50966
7245,6872,50968
7246,6872,113031
7247,9348,50968
7248,9348,113031
7249,3657,50968
7250,3657,113031
7251,6846,50968
7252,6846,113031
7253,14079,50972
7254,3,50973
7255,9347,50976
7256,10913,50980
7257,11745,50980
7258,22175,50980
7259,22208,50980
7260,22213,50980
7261,5300,50981
7262,18866,50981
7263,27304,50982
7264,18611,50984
7265,20141,50988
7266,22177,50988
7267,27268,50990
7268,27268,51000
7269,16417,50995
7270,17151,50995
7271,856,50998
7272,857,50998
7273,3683,50998
7274,13488,50998
7275,8082,51002
7276,16144,51002
7277,16380,51002
7278,17153,51016
7279,17154,51016
7280,350,51017
7281,8100,51017
7282,8911,51019
7283,7294,51020
7284,240,51023
7285,9834,51023
7286,1811,51024
7287,13827,51024
7288,8429,51025
7289,9350,51025
7290,8130,51026
7291,9006,51026
7292,17278,51026
7293,9166,51028
7294,11354,51028
7295,8416,51031
7296,14522,51031
7297,792,51033
7298,13438,51033
7299,652,51035
7300,9032,51036
7301,13182,51036
7302,21492,51036
7303,1099,51037
7304,18111,51039
7305,8706,51040
7306,3598,51060
7307,8580,51060
7308,477,51066
7309,1598,51066
7310,10107,51066
7311,10488,51066
7312,2809,51067
7313,5913,51067
7314,10474,51067
7315,603,51068
7316,12166,51068
7317,15692,51068
7318,21936,51073
7319,21936,51079
7320,17281,51073
7321,17281,51079
7322,756,51073
7323,756,51079
7324,5450,51073
7325,5450,51079
7326,9360,51075
7327,8917,51077
7328,8917,74991
7329,8918,51077
7330,8918,74991
7331,8971,51077
7332,8971,74991
7333,3492,51082
7334,9814,51082
7335,16287,51082
7336,27868,51082
7337,16213,51087
7338,16213,137248
7339,22206,51087
7340,22206,137248
7341,9059,51087
7342,9059,137248
7343,22205,51087
7344,22205,137248
7345,8895,51090
7346,9205,51090
7347,16981,51093
7348,627,51097
7349,7214,51097
7350,16769,51097
7351,1020,51100
7352,9240,51106
7353,9444,51106
7354,10069,51106
7355,10066,51114
7356,22484,51117
7357,3359,51118
7358,3867,51118
7359,5628,51120
7360,5628,141252
7361,9081,51120
7362,9081,141252
7363,8263,51126
7364,14732,51126
7365,9033,51138
7366,9370,51138
7367,10061,51138
7368,27720,51138
7369,910,51144
7370,2750,51145
7371,9415,51145
7372,13200,51145
7373,20270,51145
7374,20304,51145
7375,13358,51148
7376,13820,51148
7377,27562,51148
7378,9630,51155
7379,13759,51158
7380,15410,51158
7381,21582,51159
7382,28055,51159
7383,5390,51160
7384,9919,51160
7385,9924,51160
7386,9232,51162
7387,9373,51162
7388,27997,51162
7389,27521,51165
7390,28080,51165
7391,607,51169
7392,1058,51169
7393,16364,51169
7394,657,51170
7395,657,68159
7396,2464,51170
7397,2464,68159
7398,25983,51170
7399,25983,68159
7400,474,51172
7401,911,51173
7402,18931,51175
7403,8926,51178
7404,462,51180
7405,9380,51181
7406,9818,51185
7407,25619,51185
7408,13359,51191
7409,15427,51191
7410,17564,51191
7411,22382,51191
7412,9383,51194
7413,1345,51195
7414,18452,51195
7415,27879,51195
7416,4383,51199
7417,15946,51201
7418,6170,51203
7419,908,51204
7420,4994,51204
7421,17286,51204
7422,10332,51215
7423,10332,57134
7424,3804,51215
7425,3804,57134
7426,20186,51234
7427,1637,51235
7428,9242,51235
7429,13486,51235
7430,16288,51235
7431,17844,51236
7432,5397,51238
7433,5948,51238
7434,5949,51238
7435,9387,51238
7436,20339,51238
7437,10153,51239
7438,9243,51241
7439,16586,51241
7440,9388,51243
7441,2815,51244
7442,5249,51244
7443,446,51247
7444,13877,51247
7445,1258,51252
7446,17173,51252
7447,999,51253
7448,9226,51253
7449,17386,51253
7450,11276,51254
7451,16754,51254
7452,783,51256
7453,19988,51258
7454,17437,51260
7455,25872,51260
7456,806,51261
7457,7109,51261
7458,8127,51261
7459,695,51262
7460,18145,51262
7461,27687,51264
7462,2475,51266
7463,3038,51268
7464,22278,51268
7465,1084,51269
7466,1084,139835
7467,13281,51269
7468,13281,139835
7469,22222,51271
7470,1442,51273
7471,8235,51273
7472,11516,51273
7473,27616,51273
7474,26780,51274
7475,26781,51274
7476,3839,51280
7477,10977,51283
7478,1785,51289
7479,16401,51291
7480,22501,51302
7481,285,51306
7482,19855,51309
7483,22320,51310
7484,3088,51311
7485,1108,51312
7486,21537,51312
7487,16934,51316
7488,16934,51345
7489,17928,51316
7490,17928,51345
7491,4793,51320
7492,11114,51321
7493,11115,51321
7494,12420,51321
7495,2453,51322
7496,2761,51322
7497,12344,51323
7498,12345,51323
7499,5302,51327
7500,5302,51328
7501,5302,109618
7502,8954,51327
7503,8954,51328
7504,8954,109618
7505,8931,51327
7506,8931,51328
7507,8931,109618
7508,13015,51331
7509,13016,51331
7510,21434,51332
7511,27508,51334
7512,4394,51338
7513,9247,51340
7514,8802,51346
7515,14068,51346
7516,17179,51346
7517,17779,51346
7518,5003,51347
7519,8317,51347
7520,9108,51347
7521,10743,51347
7522,16318,51347
7523,21825,51347
7524,6142,51352
7525,168,51355
7526,2776,51355
7527,2180,51357
7528,7049,51357
7529,3115,51363
7530,9409,51363
7531,11352,51363
7532,9175,51364
7533,14782,51364
7534,18214,51364
7535,13336,51366
7536,14127,51366
7537,26935,51366
7538,27270,51366
7539,3673,51367
7540,3673,146937
7541,20887,51367
7542,20887,146937
7543,9046,51367
7544,9046,146937
7545,651,51372
7546,651,137065
7547,1477,51372
7548,1477,137065
7549,20239,51372
7550,20239,137065
7551,25884,51372
7552,25884,137065
7553,9414,51379
7554,6880,51381
7555,3401,51386
7556,7982,51392
7557,7982,137413
7558,9048,51396
7559,19082,51396
7560,20260,51396
7561,20696,51396
7562,17659,51406
7563,17660,51406
7564,27944,51406
7565,1545,51417
7566,1545,82003
7567,9513,51418
7568,9514,51418
7569,14413,51422
7570,5189,51423
7571,13522,51431
7572,709,51432
7573,9430,51432
7574,13732,51433
7575,13733,51433
7576,26985,51433
7577,27522,51433
7578,18137,51434
7579,7770,51436
7580,10863,51436
7581,11127,51436
7582,22158,51436
7583,27967,51436
7584,2827,51439
7585,2897,51440
7586,3750,51440
7587,13304,51442
7588,16472,51442
7589,16760,51442
7590,18320,51442
7591,3082,51447
7592,21479,51448
7593,21538,51448
7594,16588,51449
7595,16677,51449
7596,22032,51449
7597,9441,51462
7598,12983,51464
7599,17359,51464
7600,17094,51465
7601,13146,51486
7602,8245,51491
7603,8245,81971
7604,9963,51498
7605,25978,51498
7606,3081,51501
7607,7209,51501
7608,11372,51501
7609,13140,51501
7610,17248,51501
7611,22275,51501
7612,7195,51516
7613,18399,51516
7614,21764,51516
7615,26907,51516
7616,9051,51521
7617,22342,51521
7618,13124,51523
7619,13124,81888
7620,13274,51523
7621,13274,81888
7622,3132,51525
7623,8940,51525
7624,8941,51525
7625,1159,51526
7626,22330,51526
7627,22331,51526
7628,1889,51528
7629,21925,51528
7630,396,51529
7631,397,51529
7632,21543,51529
7633,21803,51529
7634,1896,51530
7635,13789,51530
7636,2900,51531
7637,2900,81896
7638,13490,51531
7639,13490,81896
7640,13491,51531
7641,13491,81896
7642,13492,51531
7643,13492,81896
7644,16303,51531
7645,16303,81896
7646,27236,51531
7647,27236,81896
7648,8230,51531
7649,8230,81896
7650,8643,51533
7651,12190,51533
7652,25990,51533
7653,2831,51535
7654,2831,138751
7655,22491,51535
7656,22491,138751
7657,27741,51535
7658,27741,138751
7659,9439,51535
7660,9439,138751
7661,3740,51543
7662,9776,51549
7663,4997,51551
7664,14253,51551
7665,8945,51552
7666,9448,51552
7667,9548,51556
7668,25581,51556
7669,3719,51557
7670,3391,51558
7671,22503,51558
7672,7377,51559
7673,13318,51560
7674,15664,51561
7675,18292,51561
7676,3104,51562
7677,3776,51563
7678,21487,51563
7679,3114,51564
7680,9259,51564
7681,3231,51565
7682,10132,51565
7683,10133,51565
7684,7619,51566
7685,7620,51566
7686,15684,51567
7687,7901,51568
7688,9038,51569
7689,9038,136986
7690,9039,51569
7691,9039,136986
7692,18135,51573
7693,13043,51575
7694,13043,81823
7695,13042,51575
7696,13042,81823
7697,13044,51575
7698,13044,81823
7699,5357,51577
7700,5358,51577
7701,9446,51577
7702,3710,51579
7703,3710,95425
7704,9359,51583
7705,9940,51589
7706,6012,51608
7707,6013,51608
7708,15431,51609
7709,25597,51609
7710,9633,51618
7711,5651,51619
7712,5651,52536
7713,6017,51619
7714,6017,52536
7715,6018,51619
7716,6018,52536
7717,121,51619
7718,121,52536
7719,20616,51619
7720,20616,52536
7721,5070,51619
7722,5070,52536
7723,27829,51622
7724,21442,51632
7725,21451,51632
7726,28039,51632
7727,12160,51635
7728,12160,113033
7729,15377,51635
7730,15377,113033
7731,25644,51644
7732,27118,51644
7733,25650,51655
7734,11623,51658
7735,19592,51658
7736,25322,193366
7737,19621,51670
7738,19621,68704
7739,26497,51671
7740,13116,51705
7741,4503,51707
7742,7755,51707
7743,13220,51707
7744,13221,51707
7745,21947,51731
7746,1518,51735
7747,13738,51735
7748,28010,51735
7749,4154,51736
7750,4154,105705
7751,4154,117677
7752,4154,152611
7753,5845,51740
7754,7796,51757
7755,9458,51757
7756,22200,51843
7757,13756,51846
7758,9469,51847
7759,20935,51847
7760,20284,51851
7761,21562,51864
7762,828,51919
7763,828,51921
7764,828,51922
7765,6776,51919
7766,6776,51921
7767,6776,51922
7768,13101,51919
7769,13101,51921
7770,13101,51922
7771,9487,51980
7772,11789,51984
7773,11789,73809
7774,11789,92753
7775,20547,51984
7776,20547,73809
7777,20547,92753
7778,20894,51984
7779,20894,73809
7780,20894,92753
7781,4544,51984
7782,4544,73809
7783,4544,92753
7784,1350,52015
7785,1350,59094
7786,1350,69412
7787,1351,52015
7788,1351,59094
7789,1351,69412
7790,18870,52015
7791,18870,59094
7792,18870,69412
7793,13650,52015
7794,13650,59094
7795,13650,69412
7796,6100,52037
7797,9492,52038
7798,9493,52038
7799,15223,52044
7800,15223,54599
7801,4208,52047
7802,4208,59355
7803,9483,52047
7804,9483,59355
7805,26831,52047
7806,26831,59355
7807,26992,52047
7808,26992,59355
7809,17201,52064
7810,9499,52066
7811,17227,52066
7812,2143,52069
7813,9500,52069
7814,15602,52069
7815,8842,52073
7816,12627,52073
7817,4461,52084
7818,7112,52115
7819,7112,108521
7820,7112,113829
7821,17447,52115
7822,17447,108521
7823,17447,113829
7824,15627,52134
7825,15627,63127
7826,20429,52134
7827,20429,63127
7828,26943,52150
7829,9455,52153
7830,17856,52153
7831,4353,52164
7832,6407,52164
7833,14218,52186
7834,11243,52187
7835,12717,52187
7836,2915,52193
7837,11497,52200
7838,17919,52200
7839,5335,52261
7840,6326,52261
7841,6650,52261
7842,924,52262
7843,7498,52262
7844,8867,52271
7845,27239,52272
7846,13602,52280
7847,10434,52281
7848,925,52285
7849,21462,52287
7850,1663,52290
7851,1664,52290
7852,3806,52290
7853,8413,52293
7854,10660,52312
7855,12565,52312
7856,8960,52328
7857,9527,52331
7858,443,52359
7859,1555,52368
7860,13290,52368
7861,10140,52387
7862,27866,52387
7863,24209,52396
7864,24210,52396
7865,10775,52397
7866,24697,52398
7867,24788,52398
7868,24789,52398
7869,7259,52406
7870,17,52407
7871,2849,52407
7872,4796,52407
7873,9667,52407
7874,22276,52407
7875,926,52412
7876,3836,52412
7877,8180,52413
7878,16308,52413
7879,20572,52414
7880,4462,52415
7881,9538,52417
7882,2188,52421
7883,7932,52421
7884,13652,52426
7885,14861,52426
7886,15254,52426
7887,278,52438
7888,14932,52438
7889,9546,52448
7890,3682,52449
7891,27540,52449
7892,20044,52459
7893,27465,52460
7894,10147,52461
7895,19143,52462
7896,154,52463
7897,842,52463
7898,13398,52463
7899,19874,52463
7900,27702,52465
7901,27335,52466
7902,17875,52481
7903,26854,52481
7904,26855,52481
7905,1469,52482
7906,1469,86813
7907,16501,52482
7908,16501,86813
7909,7367,52483
7910,27316,52483
7911,3221,52484
7912,9555,52484
7913,9556,52484
7914,6185,52485
7915,1373,52501
7916,1373,52505
7917,14609,52501
7918,14609,52505
7919,9613,52501
7920,9613,52505
7921,3662,52504
7922,14114,52504
7923,862,52506
7924,8963,52506
7925,14399,52506
7926,17363,52506
7927,4926,52507
7928,18099,52511
7929,18100,52511
7930,27477,52511
7931,16452,52515
7932,9587,52519
7933,25953,52522
7934,9510,52526
7935,9565,52526
7936,9566,52526
7937,929,52528
7938,9086,52528
7939,3291,52532
7940,3292,52532
7941,9269,52535
7942,16171,52541
7943,130,52547
7944,130,84363
7945,1799,52547
7946,1799,84363
7947,22350,52548
7948,10399,52553
7949,11574,52553
7950,27982,52557
7951,9569,52558
7952,9569,107157
7953,5431,52560
7954,8962,52560
7955,8973,52560
7956,31,52561
7957,32,52561
7958,3248,52561
7959,5102,52561
7960,27057,52561
7961,9938,52564
7962,9939,52564
7963,9941,52564
7964,17805,52564
7965,18499,52565
7966,5205,52566
7967,11017,52571
7968,12304,52572
7969,13408,52578
7970,5519,52581
7971,9585,52581
7972,10117,52583
7973,14138,52606
7974,14533,52606
7975,5295,52609
7976,9290,52609
7977,22345,52609
7978,5775,52610
7979,1511,52611
7980,9964,52611
7981,17117,52618
7982,17467,52618
7983,20556,52618
7984,5643,52619
7985,5644,52619
7986,9599,52619
7987,25729,52623
7988,2424,52626
7989,5791,52626
7990,22365,52626
7991,20140,52629
7992,20140,54431
7993,7934,52632
7994,15288,52633
7995,17439,52633
7996,28085,52635
7997,22504,52640
7998,27913,52640
7999,18512,52669
8000,18512,153622
8001,22185,52669
8002,22185,153622
8003,22186,52669
8004,22186,153622
8005,3746,52671
8006,7111,52671
8007,9540,52671
8008,10266,52678
8009,15777,52678
8010,9568,52688
8011,9787,52689
8012,3483,52697
8013,14797,52697
8014,8186,52699
8015,22008,52701
8016,22009,52701
8017,9443,52708
8018,17472,52708
8019,371,52718
8020,914,52718
8021,9417,52718
8022,21446,52720
8023,15321,52734
8024,15321,84345
8025,15321,118463
8026,26031,52734
8027,26031,84345
8028,26031,118463
8029,13866,52734
8030,13866,84345
8031,13866,118463
8032,26032,52734
8033,26032,84345
8034,26032,118463
8035,4775,52742
8036,14986,52749
8037,28060,52749
8038,4441,52755
8039,5639,52763
8040,5639,85244
8041,14009,52763
8042,14009,85244
8043,20642,52763
8044,20642,85244
8045,12025,52772
8046,16273,52772
8047,4492,52777
8048,5091,52777
8049,21357,52777
8050,27681,52777
8051,7524,52786
8052,9571,52786
8053,15373,52797
8054,9673,52801
8055,9674,52801
8056,849,52812
8057,10031,52812
8058,9456,52822
8059,7761,52823
8060,7762,52823
8061,9692,52837
8062,9693,52837
8063,2425,52838
8064,6259,52838
8065,21361,52838
8066,4451,52840
8067,18311,52840
8068,20199,52840
8069,3257,52842
8070,3274,52842
8071,9526,52846
8072,3277,52849
8073,3277,52861
8074,8059,52849
8075,8059,52861
8076,10335,52849
8077,10335,52861
8078,9701,52853
8079,21083,52853
8080,16883,52854
8081,20451,52854
8082,16454,52855
8083,142,52866
8084,27516,52866
8085,5071,52867
8086,3037,52872
8087,20105,52872
8088,1832,52873
8089,11474,52873
8090,18445,52873
8091,27566,52873
8092,9659,52879
8093,16986,52879
8094,17656,52879
8095,18454,52879
8096,22499,52882
8097,11201,52899
8098,26818,52899
8099,8801,52910
8100,8801,112594
8101,8801,121817
8102,8801,151251
8103,11378,52910
8104,11378,112594
8105,11378,121817
8106,11378,151251
8107,10353,52917
8108,20103,52917
8109,17259,52930
8110,17259,147498
8111,26010,52930
8112,26010,147498
8113,9003,52933
8114,9003,80871
8115,9003,80873
8116,26970,52933
8117,26970,80871
8118,26970,80873
8119,1697,52934
8120,1698,52934
8121,1915,52936
8122,5108,52936
8123,27975,52936
8124,632,52937
8125,15277,52937
8126,3476,52938
8127,14772,52938
8128,18934,52938
8129,27400,52938
8130,27833,52938
8131,9713,52941
8132,4955,53007
8133,9524,53007
8134,968,53051
8135,8996,53051
8136,970,53063
8137,1201,53064
8138,27585,53064
8139,3784,53070
8140,17223,53098
8141,2785,53129
8142,2785,128676
8143,2993,53129
8144,2993,128676
8145,6636,53129
8146,6636,128676
8147,5981,53164
8148,12806,53168
8149,12806,53170
8150,12806,145121
8151,12807,53168
8152,12807,53170
8153,12807,145121
8154,21996,53169
8155,27857,53203
8156,27857,53204
8157,13635,53238
8158,18108,53238
8159,21581,53238
8160,949,53247
8161,9771,53247
8162,17964,53247
8163,21540,53247
8164,16344,53261
8165,16690,53261
8166,9704,53264
8167,9784,53278
8168,4174,53293
8169,8554,53293
8170,8885,53293
8171,27552,53293
8172,9161,53317
8173,12185,53322
8174,98,53337
8175,8558,53337
8176,18714,53337
8177,5659,53342
8178,5661,53342
8179,15655,53350
8180,161,53363
8181,275,53363
8182,290,53363
8183,21485,53363
8184,5663,53366
8185,9035,53366
8186,20518,53366
8187,11126,53368
8188,5236,53372
8189,5236,137732
8190,6232,53372
8191,6232,137732
8192,18077,53379
8193,6302,53386
8194,8453,53390
8195,12986,53390
8196,13279,53390
8197,18152,53390
8198,16790,53398
8199,4885,53401
8200,6336,53401
8201,9107,53401
8202,1240,53404
8203,1241,53404
8204,9825,53405
8205,9826,53405
8206,7412,53416
8207,7412,53418
8208,9828,53416
8209,9828,53418
8210,22154,53416
8211,22154,53418
8212,21834,106177
8213,21835,106177
8214,11264,53466
8215,19404,53469
8216,1820,53471
8217,3594,53474
8218,9002,53474
8219,14781,53474
8220,850,53494
8221,9838,53494
8222,9539,53498
8223,9969,53511
8224,9970,53511
8225,9971,53511
8226,379,53516
8227,8977,53516
8228,18126,53516
8229,22372,53516
8230,5528,53517
8231,5528,53518
8232,879,53517
8233,879,53518
8234,18012,53519
8235,5356,53544
8236,18391,53544
8237,15694,53562
8238,1625,53563
8239,15916,53563
8240,18831,53563
8241,27673,53563
8242,27715,53563
8243,9859,53568
8244,15824,53589
8245,21805,53589
8246,9889,53617
8247,15547,53617
8248,17594,53634
8249,2838,53643
8250,9899,53643
8251,9900,53643
8252,9901,53643
8253,6805,53662
8254,12027,53662
8255,14775,53662
8256,15998,53662
8257,16753,53662
8258,9911,53678
8259,20240,53681
8260,20240,152502
8261,7756,53682
8262,7756,80290
8263,7971,53682
8264,7971,80290
8265,7974,53682
8266,7974,80290
8267,7975,53682
8268,7975,80290
8269,7976,53682
8270,7976,80290
8271,7980,53682
8272,7980,80290
8273,19101,53682
8274,19101,80290
8275,5304,53682
8276,5304,80290
8277,7977,53682
8278,7977,80290
8279,7978,53682
8280,7978,80290
8281,7973,53682
8282,7973,80290
8283,7979,53682
8284,7979,80290
8285,7955,53683
8286,20687,53683
8287,22106,53683
8288,6111,53684
8289,13473,53684
8290,16802,53684
8291,9769,53686
8292,17652,53686
8293,20594,53686
8294,10150,53688
8295,13452,53688
8296,13832,53690
8297,17129,53691
8298,17130,53691
8299,17131,53691
8300,9017,53692
8301,13126,53692
8302,14056,53692
8303,3299,53693
8304,9506,53695
8305,9507,53695
8306,8221,53697
8307,9375,53697
8308,11000,53698
8309,1244,53699
8310,1515,53699
8311,4668,53704
8312,12534,53706
8313,13247,53706
8314,22498,53706
8315,13313,53708
8316,18872,53708
8317,17690,53711
8318,17690,123865
8319,9640,53711
8320,9640,123865
8321,9931,53712
8322,12976,53712
8323,7222,53713
8324,22493,53713
8325,591,53714
8326,7945,53714
8327,11146,53714
8328,19735,53714
8329,5289,53719
8330,5290,53719
8331,5291,53719
8332,9809,53725
8333,12187,53726
8334,9644,53731
8335,9644,137586
8336,11530,53731
8337,11530,137586
8338,9363,53731
8339,9363,137586
8340,13072,53732
8341,13073,53732
8342,13074,53732
8343,13075,53732
8344,14984,53732
8345,3165,53733
8346,22232,53733
8347,7931,53736
8348,25956,53736
8349,13933,53739
8350,13933,59021
8351,7746,53744
8352,15826,53744
8353,20227,53744
8354,27438,53746
8355,27438,54173
8356,27437,53746
8357,27437,54173
8358,10142,53747
8359,10142,100748
8360,14122,53748
8361,14122,54656
8362,8262,53748
8363,8262,54656
8364,13288,53749
8365,8279,53751
8366,8280,53751
8367,8281,53751
8368,15255,53751
8369,9333,53753
8370,22366,53753
8371,6751,53756
8372,10524,53756
8373,9948,53757
8374,9949,53757
8375,9950,53757
8376,9951,53757
8377,19167,53758
8378,19167,59991
8379,10109,53763
8380,3811,53764
8381,3811,53942
8382,3811,59089
8383,3811,152526
8384,3812,53764
8385,3812,53942
8386,3812,59089
8387,3812,152526
8388,27361,53764
8389,27361,53942
8390,27361,59089
8391,27361,152526
8392,13927,53765
8393,14867,53765
8394,14396,53766
8395,14878,53766
8396,14879,53766
8397,14880,53766
8398,1245,53770
8399,26030,53770
8400,18334,53771
8401,19123,53772
8402,19123,124625
8403,19123,137656
8404,19124,53772
8405,19124,124625
8406,19124,137656
8407,19122,53772
8408,19122,124625
8409,19122,137656
8410,7624,53773
8411,1734,53774
8412,1734,59888
8413,5101,53774
8414,5101,59888
8415,15564,53774
8416,15564,59888
8417,17769,53774
8418,17769,59888
8419,20215,53774
8420,20215,59888
8421,20228,53774
8422,20228,59888
8423,12172,53774
8424,12172,59888
8425,8638,53775
8426,13323,53775
8427,13324,53775
8428,13326,53775
8429,18838,53775
8430,20267,53775
8431,6433,53778
8432,20502,53780
8433,12253,53781
8434,12253,59368
8435,15819,53781
8436,15819,59368
8437,4526,53782
8438,5145,53782
8439,10190,53782
8440,10635,53782
8441,11552,53784
8442,7154,53785
8443,8165,53785
8444,10995,53785
8445,13112,53786
8446,13112,59333
8447,18833,53786
8448,18833,59333
8449,9887,53787
8450,4823,53788
8451,4823,63882
8452,11031,53788
8453,11031,63882
8454,15484,53788
8455,15484,63882
8456,15539,53788
8457,15539,63882
8458,6873,53790
8459,9858,53790
8460,13996,53791
8461,15806,53792
8462,16708,53792
8463,11908,53793
8464,18032,53794
8465,5281,53795
8466,9865,53795
8467,9866,53795
8468,27966,53796
8469,14947,53797
8470,14947,89366
8471,14947,92165
8472,10588,53798
8473,458,53800
8474,5665,53800
8475,9025,53800
8476,9026,53800
8477,17963,53801
8478,7474,53802
8479,4102,53803
8480,4691,53803
8481,4692,53803
8482,7866,53803
8483,19977,53803
8484,1129,53806
8485,10455,53806
8486,11401,53806
8487,886,53807
8488,9019,53807
8489,1075,53808
8490,8699,53808
8491,7149,53809
8492,7809,53810
8493,9904,53812
8494,11815,53812
8495,5451,53813
8496,8823,53814
8497,7096,53815
8498,19761,53815
8499,5055,53816
8500,3512,53817
8501,5909,53817
8502,5910,53817
8503,7891,53817
8504,1529,53818
8505,10017,53819
8506,10017,58932
8507,14506,53819
8508,14506,58932
8509,2905,53820
8510,12250,53822
8511,5347,53823
8512,14103,53823
8513,10582,53824
8514,7905,53825
8515,9916,53825
8516,16032,53825
8517,16033,53825
8518,16034,53825
8519,16328,53825
8520,5419,53826
8521,6832,53827
8522,6832,59380
8523,9041,53827
8524,9041,59380
8525,9905,53827
8526,9905,59380
8527,17915,53828
8528,17218,53829
8529,88,53831
8530,20809,53833
8531,9956,53835
8532,9957,53835
8533,13648,53836
8534,13648,72451
8535,15933,53836
8536,15933,72451
8537,8058,53837
8538,22151,53837
8539,27220,53837
8540,5543,53838
8541,10057,53838
8542,16678,53838
8543,13089,53841
8544,13881,53841
8545,13496,53844
8546,20319,53845
8547,8951,53846
8548,8175,53847
8549,8993,53848
8550,8994,53848
8551,5733,53849
8552,5734,53849
8553,5735,53849
8554,5977,53849
8555,20292,53849
8556,22215,53849
8557,2840,53852
8558,9974,53852
8559,18642,53853
8560,13898,53854
8561,3176,53855
8562,3427,53855
8563,7712,53856
8564,7713,53856
8565,7715,53856
8566,27499,53857
8567,10519,53858
8568,21465,53859
8569,13887,53860
8570,13889,53860
8571,13890,53860
8572,13891,53860
8573,15323,53862
8574,15324,53862
8575,6157,53864
8576,20323,53864
8577,6139,53866
8578,8397,53866
8579,8398,53866
8580,3753,53867
8581,3753,150859
8582,16983,53867
8583,16983,150859
8584,17431,53868
8585,442,53869
8586,27155,53869
8587,502,53870
8588,1476,53870
8589,7692,53870
8590,14071,53874
8591,14693,53876
8592,27801,53877
8593,385,53878
8594,2191,53878
8595,17159,53878
8596,5658,53881
8597,3211,53884
8598,3212,53884
8599,3213,53884
8600,5819,53885
8601,14910,53888
8602,3457,53889
8603,14542,53889
8604,5726,53890
8605,15379,53890
8606,9861,53891
8607,9960,53892
8608,27685,53892
8609,22359,53898
8610,25880,53898
8611,6046,53899
8612,6046,59128
8613,20677,53900
8614,1079,53902
8615,14783,53902
8616,15251,53903
8617,15430,53903
8618,8282,53904
8619,6134,53906
8620,27649,53906
8621,10011,53908
8622,13920,53909
8623,9962,53910
8624,17269,53911
8625,19873,53911
8626,27363,53911
8627,10997,53913
8628,22433,53913
8629,27908,53914
8630,5418,53918
8631,10216,53919
8632,14635,53919
8633,26968,53919
8634,26969,53919
8635,27675,53921
8636,27675,54158
8637,21894,53924
8638,7686,53925
8639,288,53926
8640,9723,53927
8641,17692,53933
8642,9690,53936
8643,11355,53936
8644,13819,53936
8645,13293,53937
8646,8071,53939
8647,8071,60102
8648,4616,53939
8649,4616,60102
8650,22193,53940
8651,22193,155712
8652,27403,53940
8653,27403,155712
8654,20450,53943
8655,2356,53946
8656,7068,53947
8657,7069,53947
8658,11442,53947
8659,18940,53954
8660,7884,53955
8661,9027,53956
8662,673,53957
8663,3426,53958
8664,17707,53958
8665,2325,53962
8666,2325,64128
8667,18613,53962
8668,18613,64128
8669,9042,53965
8670,10220,53965
8671,16313,53965
8672,1720,53966
8673,1809,53967
8674,5293,53967
8675,17976,53967
8676,20440,53967
8677,6197,53969
8678,7874,53971
8679,11139,53972
8680,15370,53972
8681,15372,53972
8682,1496,53973
8683,5954,53974
8684,6192,53979
8685,13163,53979
8686,18389,53979
8687,8104,53981
8688,8106,53983
8689,18396,53983
8690,9988,53984
8691,14788,53985
8692,14724,53989
8693,22020,53989
8694,27176,53989
8695,6753,53990
8696,6753,59337
8697,8582,53992
8698,21482,53992
8699,10126,53993
8700,10126,59985
8701,10126,137591
8702,15206,53993
8703,15206,59985
8704,15206,137591
8705,10784,54001
8706,15638,54001
8707,12183,54005
8708,1783,54006
8709,5367,54006
8710,13298,54006
8711,1339,54008
8712,3243,54008
8713,9530,54008
8714,11896,54008
8715,6290,54009
8716,7480,54009
8717,8117,54012
8718,9005,54012
8719,6080,54013
8720,6081,54013
8721,13681,54013
8722,26787,54013
8723,269,54015
8724,6169,54015
8725,10099,54016
8726,21893,54025
8727,10008,54026
8728,10009,54026
8729,1601,54027
8730,1601,59084
8731,1601,198387
8732,7706,54027
8733,7706,59084
8734,7706,198387
8735,15092,54027
8736,15092,59084
8737,15092,198387
8738,10377,54029
8739,10377,54030
8740,15914,54029
8741,15914,54030
8742,7218,54029
8743,7218,54030
8744,15273,54029
8745,15273,54030
8746,2628,54032
8747,21338,54036
8748,21338,72455
8749,21338,150143
8750,21339,54036
8751,21339,72455
8752,21339,150143
8753,19092,54036
8754,19092,72455
8755,19092,150143
8756,18264,54036
8757,18264,72455
8758,18264,150143
8759,892,54056
8760,6126,54060
8761,7777,54070
8762,8997,54070
8763,9937,54070
8764,12985,54070
8765,18589,54070
8766,22240,54070
8767,790,54077
8768,790,96782
8769,790,109792
8770,1749,54077
8771,1749,96782
8772,1749,109792
8773,1750,54077
8774,1750,96782
8775,1750,109792
8776,566,54082
8777,566,54084
8778,6449,54082
8779,6449,54084
8780,15492,54083
8781,15492,96078
8782,10865,54083
8783,10865,96078
8784,18313,54083
8785,18313,96078
8786,15425,54087
8787,7947,54122
8788,25607,54127
8789,7710,54130
8790,25881,54130
8791,3393,54131
8792,10189,54132
8793,9696,54133
8794,9697,54133
8795,22173,54133
8796,22053,54135
8797,5363,54140
8798,8326,54140
8799,8953,54140
8800,19860,54141
8801,20791,54141
8802,2817,54146
8803,2817,61840
8804,2817,69406
8805,2818,54146
8806,2818,61840
8807,2818,69406
8808,6108,54146
8809,6108,61840
8810,6108,69406
8811,11938,54147
8812,4960,54148
8813,4960,86533
8814,17239,54148
8815,17239,86533
8816,4610,54149
8817,10110,54150
8818,3199,54151
8819,3200,54151
8820,3201,54151
8821,3205,54151
8822,15568,54152
8823,3448,54153
8824,4371,54153
8825,9072,54154
8826,885,54155
8827,17200,54155
8828,3346,54156
8829,3346,54157
8830,3346,60052
8831,6434,54156
8832,6434,54157
8833,6434,60052
8834,18235,54156
8835,18235,54157
8836,18235,60052
8837,15618,54159
8838,15619,54159
8839,7263,54160
8840,3452,54161
8841,5351,54162
8842,5352,54162
8843,6798,54163
8844,14948,54163
8845,9854,54165
8846,11688,54166
8847,11689,54166
8848,11734,54167
8849,4222,54168
8850,5383,54171
8851,21431,54171
8852,10979,54175
8853,3379,54176
8854,3380,54176
8855,5147,54177
8856,3486,54178
8857,6075,54178
8858,6076,54178
8859,18209,54179
8860,3663,54180
8861,27674,54180
8862,18644,54181
8863,3089,54182
8864,3703,54182
8865,3204,54183
8866,16217,54185
8867,22250,54186
8868,9720,54190
8869,9721,54190
8870,9722,54190
8871,2782,54191
8872,5757,54191
8873,14124,54192
8874,14124,69416
8875,14455,54192
8876,14455,69416
8877,735,54194
8878,5492,54194
8879,16514,54195
8880,10010,54197
8881,3572,54201
8882,6618,54202
8883,6618,54670
8884,3704,54203
8885,9642,54204
8886,18921,54204
8887,25899,54204
8888,5776,54207
8889,13835,54208
8890,13836,54208
8891,15310,54209
8892,15310,94791
8893,14888,54209
8894,14888,94791
8895,14889,54209
8896,14889,94791
8897,65,54210
8898,9907,54210
8899,20555,54210
8900,8578,54211
8901,5207,54213
8902,1729,54214
8903,1730,54214
8904,10770,54214
8905,14511,54218
8906,22379,54218
8907,15649,54219
8908,25697,54220
8909,199,54221
8910,2320,54221
8911,1674,54223
8912,1675,54223
8913,3302,54223
8914,5104,54223
8915,9744,54223
8916,9745,54223
8917,19069,54223
8918,19805,54223
8919,8251,54224
8920,14837,54225
8921,20132,54226
8922,3586,54227
8923,17265,54227
8924,955,54230
8925,955,54325
8926,9881,54230
8927,9881,54325
8928,9883,54230
8929,9883,54325
8930,9884,54230
8931,9884,54325
8932,15331,54230
8933,15331,54325
8934,15505,54230
8935,15505,54325
8936,18821,54230
8937,18821,54325
8938,956,54230
8939,956,54325
8940,9885,54230
8941,9885,54325
8942,9882,54230
8943,9882,54325
8944,380,54235
8945,10030,54235
8946,16199,54235
8947,20092,54248
8948,6392,54255
8949,6393,54255
8950,16076,54257
8951,18305,54258
8952,3386,54260
8953,8837,54263
8954,14526,54266
8955,16552,54266
8956,16553,54266
8957,6172,54270
8958,10075,54270
8959,13118,54270
8960,10085,54271
8961,10085,54274
8962,9196,54273
8963,20185,54276
8964,27495,54276
8965,3689,54277
8966,7986,54279
8967,17298,54279
8968,25662,54279
8969,3306,54281
8970,9328,54281
8971,14184,54282
8972,14745,54282
8973,20294,54282
8974,5532,54284
8975,963,54287
8976,964,54287
8977,8933,54289
8978,9424,54289
8979,2998,54292
8980,7383,54292
8981,7752,54292
8982,18655,54292
8983,18657,54292
8984,3004,54293
8985,3004,121514
8986,25931,54293
8987,25931,121514
8988,5652,54294
8989,20019,54295
8990,10521,54296
8991,22284,54296
8992,27700,54296
8993,9410,54298
8994,15098,54300
8995,18331,54300
8996,1197,54301
8997,12101,54301
8998,3399,54302
8999,27693,54303
9000,20001,54305
9001,10583,54306
9002,10584,54306
9003,22031,54308
9004,27712,54308
9005,3743,54312
9006,20684,54317
9007,3209,54318
9008,3210,54318
9009,3423,54318
9010,13045,54318
9011,17270,54320
9012,10083,54322
9013,9586,54323
9014,9870,54324
9015,9870,66293
9016,20623,54324
9017,20623,66293
9018,9436,54328
9019,9437,54328
9020,18424,54328
9021,3790,54330
9022,4176,54330
9023,15943,54332
9024,20324,54332
9025,5860,54333
9026,8920,54333
9027,27496,54333
9028,11446,54334
9029,17778,54334
9030,5491,54335
9031,10959,54335
9032,20208,54341
9033,2173,54342
9034,9649,54343
9035,10047,54343
9036,2496,54344
9037,2507,54344
9038,14308,54344
9039,17626,54344
9040,22233,54345
9041,22234,54345
9042,18115,54346
9043,20333,54346
9044,20282,54348
9045,3376,54351
9046,16377,54351
9047,10082,54353
9048,10637,54354
9049,22004,54355
9050,1685,54358
9051,18818,54360
9052,11713,54367
9053,11954,54367
9054,18414,54367
9055,18124,54369
9056,15252,54370
9057,3066,54371
9058,3066,137447
9059,26812,54371
9060,26812,137447
9061,26813,54371
9062,26813,137447
9063,9418,54373
9064,9418,86814
9065,9418,147323
9066,10093,54375
9067,15412,54375
9068,9223,54378
9069,13808,54379
9070,11479,54380
9071,27377,54380
9072,3429,54382
9073,6143,54382
9074,20947,54382
9075,27672,54384
9076,12186,54385
9077,7376,54386
9078,13292,54386
9079,3441,54387
9080,22279,54387
9081,21524,54389
9082,14005,54390
9083,14780,54391
9084,6011,54392
9085,6154,54392
9086,6168,54392
9087,10975,54392
9088,21473,54392
9089,13411,54393
9090,13411,81211
9091,16595,54394
9092,16906,54394
9093,3472,54395
9094,4323,54395
9095,13471,54395
9096,9648,54397
9097,10154,54397
9098,14795,54397
9099,3086,54398
9100,3418,54398
9101,8111,54398
9102,9313,54398
9103,10067,54398
9104,16991,54398
9105,11957,54398
9106,5648,54399
9107,10162,54399
9108,17812,54399
9109,16232,54400
9110,8085,54401
9111,20279,54401
9112,26928,54401
9113,3279,54402
9114,27804,54402
9115,14858,54403
9116,15204,54403
9117,11268,54404
9118,3503,54405
9119,10097,54405
9120,27274,54406
9121,4242,54407
9122,10068,54407
9123,13470,54407
9124,20011,54407
9125,22174,54408
9126,22170,54409
9127,11941,54410
9128,13239,54413
9129,3117,54415
9130,3099,54416
9131,14630,54416
9132,17302,54416
9133,9276,54417
9134,20643,54417
9135,22172,54417
9136,9991,54418
9137,16623,54418
9138,17455,54419
9139,13904,54420
9140,5548,54421
9141,5548,107163
9142,6178,54421
9143,6178,107163
9144,8336,54421
9145,8336,107163
9146,18007,54422
9147,18007,141253
9148,9788,54423
9149,9820,54423
9150,11771,54423
9151,3643,54424
9152,9608,54424
9153,14799,54424
9154,16997,54424
9155,26898,54424
9156,26899,54424
9157,20280,54426
9158,7732,54427
9159,13039,54427
9160,16358,54427
9161,3690,54432
9162,7208,54433
9163,27059,54434
9164,27059,63681
9165,11895,54435
9166,13231,54435
9167,20370,54435
9168,22191,54435
9169,3845,54436
9170,14292,54436
9171,17330,54437
9172,10119,54438
9173,11712,54438
9174,14572,54438
9175,20024,54438
9176,3113,54439
9177,3506,54439
9178,6206,54439
9179,9559,54439
9180,10136,54439
9181,3101,54440
9182,7760,54440
9183,18039,54440
9184,18040,54440
9185,26852,54441
9186,7592,54442
9187,11943,54442
9188,10295,54443
9189,6309,54445
9190,7329,54446
9191,26853,54446
9192,16614,54448
9193,21988,54448
9194,26880,54449
9195,26880,133263
9196,20249,54450
9197,20381,54460
9198,20381,140962
9199,7612,54469
9200,7613,54469
9201,7614,54469
9202,15544,54471
9203,10501,54472
9204,15221,54473
9205,16155,54475
9206,8601,54478
9207,8602,54478
9208,4957,54479
9209,4958,54479
9210,14212,54479
9211,13971,54481
9212,13972,54481
9213,13973,54481
9214,7419,54483
9215,15927,54484
9216,15927,147725
9217,6847,54486
9218,20100,54486
9219,27079,54487
9220,27079,86514
9221,19973,54487
9222,19973,86514
9223,20516,54490
9224,5748,54491
9225,7253,54491
9226,15125,54491
9227,18234,54492
9228,4921,54494
9229,5753,54494
9230,17075,54494
9231,18140,54494
9232,14255,54495
9233,4978,54496
9234,4979,54496
9235,10456,54498
9236,10457,54498
9237,17209,54498
9238,14793,54500
9239,14793,91642
9240,14793,197910
9241,17965,54500
9242,17965,91642
9243,17965,197910
9244,8013,54501
9245,20520,54503
9246,3339,54507
9247,10737,54507
9248,12203,54508
9249,14058,54510
9250,27735,54511
9251,16879,54512
9252,16880,54512
9253,22418,54512
9254,6827,54513
9255,16943,54514
9256,16943,147626
9257,16943,198838
9258,21685,54514
9259,21685,147626
9260,21685,198838
9261,26822,54515
9262,26824,54515
9263,15022,54516
9264,18205,54518
9265,20133,54518
9266,7165,54519
9267,10965,54520
9268,10965,147813
9269,10007,54521
9270,10004,54522
9271,10005,54522
9272,10006,54522
9273,19894,54522
9274,10333,54523
9275,10334,54523
9276,17671,54524
9277,17671,147568
9278,9488,54525
9279,9489,54525
9280,9695,54525
9281,18606,54526
9282,6969,54530
9283,7696,54530
9284,14035,54530
9285,17238,54530
9286,8841,54531
9287,22421,54531
9288,8861,54535
9289,8861,92924
9290,8861,100385
9291,16322,54535
9292,16322,92924
9293,16322,100385
9294,14708,54536
9295,18697,54537
9296,18698,54537
9297,18699,54537
9298,7297,54538
9299,13984,54539
9300,15268,54539
9301,14956,54540
9302,10825,54542
9303,8605,54543
9304,13646,54543
9305,20691,54543
9306,15682,54544
9307,20606,54544
9308,17440,54545
9309,17440,113639
9310,17440,113640
9311,17441,54545
9312,17441,113639
9313,17441,113640
9314,17658,54545
9315,17658,113639
9316,17658,113640
9317,7345,54546
9318,14263,54546
9319,27140,54546
9320,19088,54547
9321,15622,54548
9322,14200,54551
9323,14200,147594
9324,7578,54552
9325,7579,54552
9326,14941,54552
9327,17850,54552
9328,20678,54553
9329,6981,54554
9330,6982,54554
9331,14859,54562
9332,14859,94438
9333,17107,54562
9334,17107,94438
9335,22237,54562
9336,22237,94438
9337,10102,54562
9338,10102,94438
9339,16332,54589
9340,16332,59352
9341,1445,54598
9342,2891,54598
9343,3587,54601
9344,9094,54601
9345,28090,54601
9346,11051,54603
9347,997,54604
9348,998,54604
9349,10785,54604
9350,15531,54604
9351,4255,54605
9352,1835,54607
9353,9888,54610
9354,15549,54610
9355,18875,54610
9356,15220,54611
9357,15930,54611
9358,12249,54615
9359,16776,54615
9360,5747,54616
9361,1644,54621
9362,9054,54621
9363,5518,54622
9364,11520,54622
9365,18033,54622
9366,3264,54623
9367,10113,54623
9368,20281,54623
9369,971,54625
9370,3597,54625
9371,26811,54626
9372,21367,54633
9373,10143,54636
9374,10144,54636
9375,9366,54644
9376,25810,54644
9377,13796,54650
9378,8012,54654
9379,8012,66424
9380,20902,54654
9381,20902,66424
9382,21908,54654
9383,21908,66424
9384,11136,54654
9385,11136,66424
9386,11527,54657
9387,965,54664
9388,5258,54664
9389,6040,54664
9390,16086,54664
9391,22140,54664
9392,5785,54667
9393,8979,54667
9394,9422,54667
9395,3377,54668
9396,6161,54668
9397,17916,54668
9398,18609,54668
9399,9981,54669
9400,4152,54674
9401,4725,54674
9402,22147,54677
9403,3285,54679
9404,3285,110105
9405,3293,54679
9406,3293,110105
9407,20438,54679
9408,20438,110105
9409,1676,54679
9410,1676,110105
9411,1677,54679
9412,1677,110105
9413,27165,54679
9414,27165,110105
9415,3252,54680
9416,10286,54682
9417,10287,54682
9418,15701,54682
9419,9655,54684
9420,10174,54688
9421,15711,54688
9422,25585,54688
9423,25585,74574
9424,25585,124480
9425,12485,74574
9426,12486,74574
9427,13912,54702
9428,25859,54702
9429,22324,54711
9430,10179,54714
9431,14204,54714
9432,20210,54720
9433,20210,54770
9434,1523,54735
9435,1523,102568
9436,6107,54735
9437,6107,102568
9438,1989,54735
9439,1989,102568
9440,3805,54745
9441,11804,54761
9442,11804,54762
9443,20211,54774
9444,15450,54781
9445,15450,139337
9446,15451,54781
9447,15451,139337
9448,16331,54781
9449,16331,139337
9450,16692,54781
9451,16692,139337
9452,13909,54793
9453,10192,54820
9454,3501,54876
9455,3166,54879
9456,6935,54880
9457,2698,54882
9458,12905,54889
9459,12905,124847
9460,27323,54889
9461,27323,124847
9462,21663,54890
9463,2842,54920
9464,18192,55057
9465,19495,55062
9466,4488,55072
9467,21578,55072
9468,19447,55077
9469,21494,55094
9470,21496,55094
9471,21497,55094
9472,25603,55099
9473,24167,55114
9474,24167,103025
9475,24167,103187
9476,24169,55114
9477,24169,103025
9478,24169,103187
9479,15366,55131
9480,15368,55131
9481,10229,55174
9482,10229,85794
9483,10229,85796
9484,11932,55197
9485,27538,55197
9486,10246,55198
9487,20031,55201
9488,2147,55202
9489,1759,55203
9490,2034,55203
9491,4929,55205
9492,848,55206
9493,2793,55222
9494,2793,58477
9495,982,55226
9496,10534,55234
9497,8194,55271
9498,8194,147406
9499,14494,55271
9500,14494,147406
9501,2412,55272
9502,13975,55272
9503,15456,55272
9504,15616,55272
9505,16266,55272
9506,27589,55272
9507,13158,55276
9508,13158,85082
9509,3046,55316
9510,4293,55316
9511,15216,55316
9512,15217,55316
9513,17433,55316
9514,18374,55322
9515,18374,99046
9516,13443,55330
9517,3186,55364
9518,18826,55364
9519,785,55370
9520,8390,55370
9521,8586,55379
9522,522,55383
9523,15330,55383
9524,606,55413
9525,5277,55413
9526,5424,55413
9527,10278,55413
9528,3960,55414
9529,24215,55416
9530,3242,55431
9531,3341,55433
9532,11231,55438
9533,4877,55439
9534,4877,99273
9535,4878,55439
9536,4878,99273
9537,4879,55439
9538,4879,99273
9539,4880,55439
9540,4880,99273
9541,9379,55444
9542,19663,55452
9543,21156,55452
9544,21299,55452
9545,14695,55456
9546,15768,55456
9547,18426,55459
9548,18427,55459
9549,18428,55459
9550,18429,55459
9551,18430,55459
9552,18431,55459
9553,18432,55459
9554,24917,193243
9555,24918,193243
9556,25243,193243
9557,25007,193243
9558,10833,55469
9559,15504,55479
9560,253,144016
9561,5319,144016
9562,24707,69132
9563,24707,69737
9564,24708,69132
9565,24708,69737
9566,24709,69132
9567,24709,69737
9568,1312,72054
9569,21587,72054
9570,9517,105456
9571,9518,105456
9572,24819,81775
9573,2593,69135
9574,2594,69135
9575,2595,69135
9576,24584,121596
9577,4531,121588
9578,4532,121588
9579,24549,103159
9580,24878,103159
9581,4565,103159
9582,3022,121564
9583,24692,138400
9584,24799,138400
9585,21604,55933
9586,1027,55934
9587,7634,55934
9588,9142,55934
9589,2845,55940
9590,19338,55971
9591,19338,99280
9592,1062,55980
9593,9131,55981
9594,17625,55981
9595,6209,56010
9596,6209,56019
9597,6209,196740
9598,11859,56010
9599,11859,56019
9600,11859,196740
9601,11860,56010
9602,11860,56019
9603,11860,196740
9604,10329,56016
9605,10329,56017
9606,10329,56018
9607,10329,196091
9608,2088,56016
9609,2088,56017
9610,2088,56018
9611,2088,196091
9612,611,56026
9613,611,56027
9614,612,56026
9615,612,56027
9616,25826,56026
9617,25826,56027
9618,27784,56047
9619,27785,56048
9620,1010,56060
9621,1010,56063
9622,6903,56060
9623,6903,56063
9624,12625,56060
9625,12625,56063
9626,1101,56064
9627,9570,56073
9628,9570,84371
9629,1802,56073
9630,1802,84371
9631,1803,56073
9632,1803,84371
9633,10372,56082
9634,10372,56083
9635,18734,56082
9636,18734,56083
9637,3335,56089
9638,9920,56089
9639,10379,56089
9640,10380,56089
9641,10381,56089
9642,11265,56089
9643,25888,56089
9644,10397,56094
9645,15293,56102
9646,10839,56118
9647,11642,56120
9648,1716,56127
9649,20040,56127
9650,21885,56127
9651,311,56129
9652,311,149207
9653,1864,56132
9654,1864,84272
9655,21244,56132
9656,21244,84272
9657,19407,56139
9658,19407,119495
9659,19516,56139
9660,19516,119495
9661,2805,56143
9662,5904,56149
9663,19598,56149
9664,15538,56182
9665,15538,56311
9666,1993,56192
9667,1993,108168
9668,18910,56192
9669,18910,108168
9670,18909,56192
9671,18909,108168
9672,12155,56200
9673,3692,56201
9674,20093,56201
9675,4072,56216
9676,15119,56216
9677,25187,193579
9678,25224,193579
9679,25223,193579
9680,10477,56233
9681,10416,56257
9682,4494,56265
9683,10419,56274
9684,21181,56296
9685,21182,56296
9686,21183,56296
9687,10362,56300
9688,14002,56300
9689,15861,56301
9690,21325,56301
9691,20581,56312
9692,5603,56323
9693,6569,56323
9694,24652,143204
9695,24580,143204
9696,2243,124089
9697,27013,124089
9698,17910,144596
9699,24651,144596
9700,6606,56502
9701,6606,72404
9702,18322,56502
9703,18322,72404
9704,700,56511
9705,16831,56511
9706,22398,56511
9707,1765,56516
9708,22474,56516
9709,10236,56526
9710,14920,56526
9711,16662,56526
9712,15750,56536
9713,10443,56542
9714,10444,56542
9715,10445,56542
9716,10446,56542
9717,18372,56542
9718,10452,56548
9719,17333,56566
9720,16940,56567
9721,6884,56577
9722,6884,64635
9723,6884,64636
9724,28038,56577
9725,28038,64635
9726,28038,64636
9727,17806,56577
9728,17806,64635
9729,17806,64636
9730,8076,56577
9731,8076,64635
9732,8076,64636
9733,16681,56577
9734,16681,64635
9735,16681,64636
9736,15703,56577
9737,15703,64635
9738,15703,64636
9739,14882,56585
9740,708,56588
9741,17142,56588
9742,21478,56588
9743,9622,56589
9744,17219,56593
9745,20534,56593
9746,18253,56600
9747,16714,56606
9748,5669,56607
9749,5669,107482
9750,16715,56607
9751,16715,107482
9752,16716,56607
9753,16716,107482
9754,3459,56624
9755,3459,100467
9756,2518,56627
9757,2519,56627
9758,2520,56627
9759,5041,56655
9760,5930,56655
9761,8566,56655
9762,9875,56658
9763,4068,56667
9764,25591,56697
9765,16640,56801
9766,25600,56828
9767,6055,56834
9768,922,56835
9769,923,56835
9770,3317,56835
9771,12321,56835
9772,2722,56849
9773,23095,56857
9774,25522,56857
9775,12262,56859
9776,12262,57239
9777,12263,56859
9778,12263,57239
9779,14146,56861
9780,5312,56868
9781,5312,139651
9782,5317,56868
9783,5317,139651
9784,27398,56887
9785,27398,119203
9786,15794,56887
9787,15794,119203
9788,4392,56889
9789,13151,56889
9790,18369,56889
9791,19230,56889
9792,5840,56910
9793,5840,128741
9794,5840,135503
9795,21063,56910
9796,21063,128741
9797,21063,135503
9798,18037,56927
9799,11269,56947
9800,9029,56948
9801,19933,56948
9802,20644,56948
9803,705,56952
9804,705,56953
9805,7,56968
9806,8254,56968
9807,15349,56970
9808,15349,84545
9809,2462,56995
9810,13201,56995
9811,15233,56995
9812,18117,56995
9813,10498,57004
9814,10499,57004
9815,10500,57004
9816,13481,57004
9817,10797,57005
9818,15854,57010
9819,10034,57031
9820,12039,57031
9821,15405,57031
9822,16236,57043
9823,8516,57051
9824,8102,57058
9825,6495,57061
9826,15892,57073
9827,7225,57074
9828,14701,57076
9829,14701,87115
9830,11183,57076
9831,11183,87115
9832,21419,57076
9833,21419,87115
9834,2480,57076
9835,2480,87115
9836,15715,57077
9837,15715,69476
9838,11909,57085
9839,20605,57085
9840,14070,57111
9841,5028,57115
9842,14162,57115
9843,18188,57115
9844,9151,57116
9845,27232,57116
9846,22508,57117
9847,4959,57167
9848,4959,95926
9849,15821,57167
9850,15821,95926
9851,17246,57167
9852,17246,95926
9853,19936,57167
9854,19936,95926
9855,13649,57174
9856,9982,57195
9857,9438,57201
9858,4682,57203
9859,10339,57205
9860,4858,57216
9861,4858,57217
9862,5452,57218
9863,14507,57219
9864,14507,147538
9865,22428,57219
9866,22428,147538
9867,15464,57219
9868,15464,147538
9869,5112,57262
9870,15517,57270
9871,27699,57328
9872,10525,57340
9873,4625,57343
9874,26413,57379
9875,12300,57384
9876,18181,57384
9877,26866,57385
9878,26867,57385
9879,10346,57395
9880,1006,57396
9881,10345,57396
9882,18858,57396
9883,1005,57397
9884,14422,57401
9885,1156,57403
9886,10540,57403
9887,11175,57403
9888,25582,57405
9889,25582,137434
9890,10541,57415
9891,10182,57427
9892,2292,57434
9893,8508,57434
9894,19374,57434
9895,25617,57434
9896,19766,57435
9897,12145,59197
9898,12146,59197
9899,12144,59197
9900,12573,57439
9901,10993,57441
9902,18743,57445
9903,4283,57460
9904,19498,57460
9905,800,57468
9906,800,135903
9907,10564,57490
9908,10564,57491
9909,10564,57513
9910,10564,131650
9911,16973,109917
9912,16974,109917
9913,10171,109917
9914,10563,57490
9915,10563,57491
9916,10563,57513
9917,10563,131650
9918,10562,57490
9919,10562,57491
9920,10562,57513
9921,10562,131650
9922,16975,109917
9923,16976,57490
9924,16976,57491
9925,16976,57513
9926,16976,109917
9927,10939,57490
9928,10939,57491
9929,10939,57513
9930,10939,131650
9931,9115,57494
9932,3948,57512
9933,23818,57512
9934,23819,57512
9935,2054,57520
9936,3412,57523
9937,18894,57523
9938,19482,57523
9939,19512,57523
9940,20497,139540
9941,20498,139540
9942,20499,139540
9943,20500,139540
9944,10348,57532
9945,10348,72902
9946,20086,57532
9947,20086,72902
9948,10349,57551
9949,4912,57586
9950,7203,57586
9951,5083,57619
9952,12035,57625
9953,10576,57633
9954,10577,57633
9955,10578,57663
9956,15974,57663
9957,24992,57698
9958,24992,57699
9959,24994,57698
9960,24994,57699
9961,25198,57698
9962,25198,57699
9963,19655,57707
9964,11229,57709
9965,13851,57709
9966,18587,57709
9967,1786,57715
9968,12358,57715
9969,17642,57715
9970,19350,57715
9971,2035,57717
9972,5477,57722
9973,16278,57722
9974,3584,57724
9975,6034,57724
9976,488,57725
9977,10698,57725
9978,21920,57725
9979,1956,57726
9980,20587,57726
9981,11012,57727
9982,11013,57727
9983,10354,57728
9984,10579,57745
9985,25726,57757
9986,25726,194849
9987,1812,57791
9988,1812,113906
9989,12037,57791
9990,12037,113906
9991,17680,57791
9992,17680,113906
9993,27181,57791
9994,27181,113906
9995,873,57798
9996,1029,57798
9997,4927,57798
9998,18836,57798
9999,6801,57829
10000,6802,57829
10001,150,57838
10002,1012,57839
10003,5988,57839
10004,2012,57905
10005,16396,57905
10006,4789,57912
10007,4789,57913
10008,10601,57912
10009,10601,57913
10010,4139,57915
10011,3048,57915
10012,26582,57915
10013,5915,57920
10014,5915,155432
10015,6816,57924
10016,21126,57926
10017,19027,57929
10018,19027,123829
10019,19425,57938
10020,15971,57941
10021,27679,57942
10022,12293,57943
10023,21307,57943
10024,4771,57944
10025,5815,57951
10026,20056,57951
10027,3852,57955
10028,3852,143060
10029,3852,144278
10030,26162,57956
10031,19563,57960
10032,20168,57961
10033,19471,57965
10034,19471,106542
10035,19472,57965
10036,19472,106542
10037,19473,57965
10038,19473,106542
10039,27267,57965
10040,27267,106542
10041,11997,57966
10042,17454,57966
10043,26055,57969
10044,26106,57969
10045,7585,57980
10046,12804,88557
10047,12805,88557
10048,7894,57981
10049,504,58080
10050,504,90280
10051,4466,58080
10052,4466,90280
10053,4733,58080
10054,4733,90280
10055,10625,58088
10056,18044,58088
10057,25611,58088
10058,5399,58089
10059,23989,58095
10060,23989,143910
10061,15280,58099
10062,120,58104
10063,8156,58104
10064,10697,58111
10065,21876,58111
10066,26500,58111
10067,24335,58116
10068,12521,58118
10069,12521,67569
10070,12521,76914
10071,12521,76958
10072,14681,58119
10073,21577,58119
10074,11005,58120
10075,10609,58123
10076,26268,58123
10077,6575,58124
10078,7651,58124
10079,1038,58128
10080,2641,58128
10081,23763,58135
10082,4767,58173
10083,17473,58173
10084,17666,58173
10085,1842,58205
10086,1842,143199
10087,23892,58205
10088,23892,143199
10089,23893,58205
10090,23893,143199
10091,24137,58206
10092,24137,68497
10093,24137,85463
10094,24138,58206
10095,24138,68497
10096,24138,85463
10097,14680,58207
10098,17474,58207
10099,24033,58208
10100,24079,58208
10101,24185,58209
10102,24186,58209
10103,14261,58210
10104,4714,58212
10105,14758,58213
10106,4106,58259
10107,23776,58266
10108,25523,58268
10109,2765,58271
10110,3538,58271
10111,23177,58271
10112,23731,58271
10113,25530,58271
10114,13639,58273
10115,5889,58274
10116,12647,58274
10117,11811,58295
10118,11811,108205
10119,11812,58295
10120,11812,108205
10121,2336,58351
10122,2516,58442
10123,3409,58444
10124,7892,58593
10125,7892,96764
10126,4889,58593
10127,4889,96764
10128,3416,58595
10129,5166,58595
10130,10634,58595
10131,1314,58596
10132,5967,58596
10133,21360,58596
10134,21557,58626
10135,21557,64023
10136,10652,58703
10137,16484,58703
10138,18745,58759
10139,18752,58759
10140,18753,58759
10141,11686,58780
10142,412,58837
10143,12111,58837
10144,18328,58837
10145,18748,58839
10146,18771,58839
10147,4238,58924
10148,18273,58924
10149,18863,58924
10150,12653,58926
10151,12653,58938
10152,12654,58926
10153,12654,58938
10154,12655,58926
10155,12655,58938
10156,3451,58927
10157,12727,58927
10158,12761,58927
10159,19266,58927
10160,20048,58927
10161,20049,58927
10162,3550,58928
10163,14108,58928
10164,18879,58928
10165,18879,105457
10166,27661,58928
10167,5089,105457
10168,7747,58933
10169,7747,59362
10170,15905,58933
10171,15905,59362
10172,20621,58933
10173,20621,59362
10174,8836,58933
10175,8836,59362
10176,12494,58933
10177,12494,59362
10178,2861,58934
10179,14044,58939
10180,318,58946
10181,2024,58946
10182,2025,58946
10183,2193,58946
10184,15085,58946
10185,17204,58946
10186,18814,58946
10187,19097,58946
10188,7393,58957
10189,9168,58958
10190,9928,58958
10191,5698,58962
10192,7911,58962
10193,17445,58962
10194,14578,58973
10195,22002,58979
10196,1666,58980
10197,10686,58980
10198,2832,58981
10199,17819,58981
10200,1381,58989
10201,13161,58989
10202,14278,58993
10203,18207,58998
10204,15959,58999
10205,707,59004
10206,2023,59004
10207,27696,59005
10208,3079,59009
10209,3705,59009
10210,5537,59010
10211,11176,59010
10212,16019,59010
10213,8265,59015
10214,14121,59015
10215,9215,59024
10216,10520,59024
10217,15641,59024
10218,21833,59024
10219,22302,59024
10220,5388,59026
10221,475,59028
10222,475,59029
10223,624,59028
10224,624,59029
10225,9947,59028
10226,9947,59029
10227,9947,138284
10228,260,59033
10229,16758,59033
10230,25748,59034
10231,3469,59035
10232,3650,59035
10233,27447,59035
10234,13900,59047
10235,15723,59047
10236,15724,59047
10237,15725,59047
10238,12906,59051
10239,2780,59056
10240,10573,59061
10241,10574,59061
10242,1170,59067
10243,20320,59067
10244,26018,59070
10245,27201,59070
10246,4986,59075
10247,4986,59178
10248,7318,59075
10249,7318,59178
10250,12259,59080
10251,6337,59093
10252,15921,59099
10253,18049,59099
10254,18464,59099
10255,22446,59100
10256,10324,59102
10257,27820,59103
10258,27903,59103
10259,27821,59104
10260,27904,59104
10261,2211,59106
10262,8090,59108
10263,26796,59111
10264,26797,59111
10265,3766,59119
10266,20315,59121
10267,20452,59121
10268,27512,59122
10269,3230,59124
10270,183,59126
10271,183,59460
10272,183,137141
10273,1517,59126
10274,1517,59460
10275,1517,137141
10276,1972,59126
10277,1972,59460
10278,1972,137141
10279,1973,59126
10280,1973,59460
10281,1973,137141
10282,27912,59126
10283,27912,59460
10284,27912,137141
10285,13487,59129
10286,5342,59132
10287,16204,59133
10288,2010,59134
10289,20094,59134
10290,3484,59137
10291,7168,59137
10292,10156,59137
10293,13384,59139
10294,13384,137735
10295,15272,59142
10296,15274,59142
10297,21533,59142
10298,15341,59149
10299,22416,59149
10300,27651,59149
10301,27842,59151
10302,22506,59154
10303,22506,60087
10304,22513,59154
10305,22513,60087
10306,9420,59161
10307,9421,59161
10308,13311,59161
10309,19107,59165
10310,19107,105504
10311,8890,59187
10312,18751,59188
10313,12104,59190
10314,12143,59194
10315,21980,59194
10316,12136,59198
10317,14620,59199
10318,14621,59199
10319,20149,59206
10320,5138,59208
10321,18163,59209
10322,1198,59210
10323,2783,59210
10324,14042,59210
10325,14042,103132
10326,21971,59210
10327,21971,103132
10328,19279,103132
10329,18164,59212
10330,18165,59212
10331,17384,59214
10332,21750,59214
10333,3819,59216
10334,4298,59216
10335,12771,59216
10336,5553,59229
10337,5553,59267
10338,8574,59229
10339,8574,59267
10340,8575,59229
10341,8575,59267
10342,10545,59230
10343,10545,96527
10344,10546,59230
10345,10546,96527
10346,7993,59231
10347,7993,76322
10348,10481,59231
10349,10481,76322
10350,10482,59231
10351,10482,76322
10352,15582,59239
10353,15582,74202
10354,17836,59239
10355,17836,74202
10356,2879,59246
10357,6379,59246
10358,10003,59246
10359,4084,59257
10360,8873,59259
10361,14709,59259
10362,9326,59261
10363,12286,59261
10364,9997,59268
10365,9998,59268
10366,12033,59269
10367,196,59270
10368,196,85917
10369,196,85921
10370,15195,59270
10371,15195,85917
10372,15195,85921
10373,17208,59270
10374,17208,85917
10375,17208,85921
10376,1372,59272
10377,9857,59272
10378,15929,59275
10379,15929,59386
10380,15929,157009
10381,6472,59275
10382,6472,59386
10383,6472,157009
10384,8271,59275
10385,8271,59386
10386,8271,157009
10387,15596,59280
10388,15596,86529
10389,201,59280
10390,201,86529
10391,10867,59281
10392,10867,136518
10393,7099,59285
10394,2385,59286
10395,2385,85621
10396,1575,59286
10397,1575,85621
10398,15507,59286
10399,15507,85621
10400,15508,59286
10401,15508,85621
10402,28002,59286
10403,28002,85621
10404,1040,59306
10405,3328,59306
10406,11432,59312
10407,16059,59312
10408,11410,59317
10409,11410,66102
10410,14678,59317
10411,14678,66102
10412,1131,59317
10413,1131,66102
10414,5670,59326
10415,5671,59326
10416,15471,59335
10417,15471,61177
10418,15471,97699
10419,4821,59342
10420,20202,59347
10421,20203,59347
10422,12238,59348
10423,12238,59388
10424,12240,59348
10425,12240,59388
10426,12241,59348
10427,12241,59388
10428,12239,59348
10429,12239,59388
10430,10808,59351
10431,20598,59351
10432,16688,59353
10433,2976,59356
10434,20226,59356
10435,16285,59358
10436,16285,69402
10437,16285,96693
10438,1562,59358
10439,1562,69402
10440,1562,96693
10441,5933,59360
10442,18441,59366
10443,18441,90671
10444,17434,59366
10445,17434,90671
10446,28034,59366
10447,28034,90671
10448,14938,59370
10449,7608,59371
10450,14037,59382
10451,1579,59389
10452,1580,59389
10453,15257,59395
10454,3428,59396
10455,11478,59396
10456,3649,59398
10457,3649,138112
10458,8978,59398
10459,15919,59398
10460,15919,138112
10461,13675,59398
10462,13675,138112
10463,13678,138112
10464,13676,59398
10465,13676,138112
10466,13679,138112
10467,13677,59398
10468,13677,138112
10469,5224,59399
10470,5169,59400
10471,9635,59400
10472,6288,59401
10473,20318,59401
10474,2465,59402
10475,7190,59414
10476,10643,59414
10477,21769,59414
10478,2755,59420
10479,2755,103034
10480,2756,59420
10481,6063,59420
10482,27324,59420
10483,27325,59420
10484,21081,59422
10485,16706,59426
10486,12112,59429
10487,17520,59429
10488,6318,59430
10489,10636,59430
10490,18162,59430
10491,4738,59431
10492,12305,59431
10493,13753,59431
10494,13754,59431
10495,1361,59437
10496,6351,59437
10497,19787,59441
10498,5212,59443
10499,5212,132935
10500,16919,59448
10501,16919,59765
10502,16920,59448
10503,16920,59765
10504,16920,105640
10505,6686,59451
10506,21842,59451
10507,27668,59451
10508,308,59452
10509,308,59524
10510,5178,59452
10511,5178,59524
10512,5856,59452
10513,5856,59524
10514,6093,59452
10515,6093,59524
10516,8496,59452
10517,8496,59524
10518,8497,59452
10519,8497,59524
10520,21816,59452
10521,21816,59524
10522,5124,103287
10523,20220,59455
10524,20221,59455
10525,12163,59456
10526,22138,59456
10527,22139,59456
10528,27130,59456
10529,1837,59457
10530,4396,59458
10531,6645,59458
10532,12704,59458
10533,18218,59458
10534,21579,59458
10535,2026,59459
10536,2026,103177
10537,21795,59459
10538,5943,59482
10539,8070,59482
10540,8070,103633
10541,19133,59482
10542,14602,59491
10543,144,59494
10544,144,59530
10545,4456,59494
10546,4456,59530
10547,17623,59494
10548,17623,59530
10549,20984,59561
10550,8567,59569
10551,8567,78639
10552,9522,59569
10553,9522,78639
10554,1263,59764
10555,11191,59764
10556,21556,59764
10557,21819,59764
10558,27697,59764
10559,18224,59766
10560,27667,59766
10561,255,59768
10562,1242,59768
10563,12507,59768
10564,27999,59768
10565,12125,59769
10566,18058,59769
10567,10766,59770
10568,12812,59770
10569,11248,59771
10570,14720,59773
10571,14720,105746
10572,18881,59773
10573,6664,59774
10574,10646,59774
10575,16567,59774
10576,18991,59775
10577,14085,59777
10578,20495,59777
10579,20496,59777
10580,12683,59777
10581,16065,59779
10582,3347,134317
10583,10647,59780
10584,21087,59781
10585,16035,59784
10586,16035,132754
10587,27627,59861
10588,16391,59872
10589,15472,59914
10590,15472,69530
10591,4615,59916
10592,4615,111413
10593,17693,59916
10594,17693,111413
10595,17694,59916
10596,17694,111413
10597,3332,59967
10598,5646,59967
10599,7539,59967
10600,7540,59967
10601,9929,59967
10602,13237,59967
10603,27706,59967
10604,27716,59967
10605,19066,59971
10606,27557,59972
10607,972,59974
10608,972,114053
10609,972,114060
10610,15253,59976
10611,27456,59979
10612,2980,59983
10613,9685,59984
10614,9685,152055
10615,9686,59984
10616,9686,152055
10617,14490,59986
10618,10642,59988
10619,7969,59989
10620,7969,137581
10621,8975,59992
10622,5590,59993
10623,21753,59993
10624,27891,59993
10625,5991,59994
10626,9955,59994
10627,6604,59995
10628,14525,59995
10629,5892,59996
10630,5893,59996
10631,9558,59996
10632,7555,59997
10633,27211,59998
10634,3675,60002
10635,3676,60002
10636,17355,60007
10637,19720,60048
10638,5215,60056
10639,14132,60062
10640,16286,60062
10641,17243,60062
10642,18128,60062
10643,27185,60062
10644,27682,60062
10645,3701,60063
10646,3702,60063
10647,9804,60064
10648,22229,60064
10649,25905,60068
10650,27886,60068
10651,18759,60070
10652,7957,60074
10653,20727,60074
10654,13169,60077
10655,13169,60111
10656,3762,60078
10657,3763,60078
10658,13962,60079
10659,8965,60080
10660,6712,86491
10661,6716,86491
10662,8874,60083
10663,9579,60085
10664,9580,60085
10665,13299,60086
10666,5273,60088
10667,13883,60088
10668,8914,60089
10669,26984,60090
10670,5117,60091
10671,5118,60091
10672,8110,60092
10673,14544,60092
10674,15687,60092
10675,15688,60092
10676,27439,60093
10677,27965,60093
10678,13482,60094
10679,3493,60098
10680,3494,60098
10681,3862,60100
10682,3863,60100
10683,19863,60100
10684,20328,60108
10685,27418,60108
10686,22500,60110
10687,3449,60113
10688,27504,60113
10689,27366,60114
10690,27367,60114
10691,3473,60115
10692,3832,60115
10693,3068,60116
10694,3872,60116
10695,22286,60116
10696,16942,60120
10697,16942,109605
10698,16942,151657
10699,4709,60124
10700,4710,60124
10701,15386,60125
10702,15386,95224
10703,16839,60128
10704,16840,60128
10705,9734,60133
10706,9734,60147
10707,27626,60133
10708,27626,60147
10709,9735,60133
10710,9735,60147
10711,17383,60136
10712,16214,60137
10713,811,60141
10714,811,60150
10715,15593,60153
10716,7942,60156
10717,7943,60156
10718,7944,60156
10719,6338,60158
10720,6265,60159
10721,6266,60159
10722,6267,60159
10723,4899,60160
10724,4899,76327
10725,21514,60162
10726,5895,60167
10727,8206,60195
10728,6057,61015
10729,15572,61015
10730,2589,61019
10731,24816,61019
10732,2582,61027
10733,10657,61038
10734,21252,61038
10735,2603,61056
10736,24800,61056
10737,3217,61137
10738,8634,61137
10739,6455,61155
10740,8138,61156
10741,19487,61157
10742,11074,61175
10743,22202,61175
10744,10664,61178
10745,10664,147565
10746,15696,61178
10747,15696,147565
10748,10669,61181
10749,10669,141002
10750,2749,61181
10751,2749,141002
10752,9342,61182
10753,9343,61182
10754,10104,61182
10755,18408,61184
10756,18408,81011
10757,27051,61184
10758,27051,81011
10759,9925,61184
10760,9925,81011
10761,17264,61185
10762,5880,61193
10763,9235,61193
10764,10668,61193
10765,25698,61193
10766,18106,61196
10767,18106,80609
10768,18106,122495
10769,18105,61196
10770,18105,80609
10771,18105,122495
10772,28016,61200
10773,1833,61213
10774,17776,61213
10775,18842,61215
10776,9344,61223
10777,17468,61223
10778,10052,61224
10779,1014,61303
10780,1014,84993
10781,3815,61303
10782,3815,84993
10783,8021,61303
10784,8021,84993
10785,10859,61303
10786,10859,84993
10787,10860,61303
10788,10860,84993
10789,1567,61314
10790,8399,61314
10791,1693,61322
10792,6578,61335
10793,8120,61336
10794,17781,61338
10795,6487,61376
10796,19360,61384
10797,19360,132170
10798,16467,61384
10799,16467,132170
10800,14423,61391
10801,26342,61391
10802,3924,61393
10803,25514,61394
10804,26139,61395
10805,26355,61395
10806,26356,61395
10807,10685,61399
10808,27732,61413
10809,12797,61421
10810,20884,61428
10811,4218,61458
10812,2745,193562
10813,25231,193562
10814,25976,193562
10815,19507,61467
10816,14886,61477
10817,22217,61487
10818,18616,61490
10819,18841,61490
10820,4829,61551
10821,8084,61559
10822,9494,61560
10823,9495,61560
10824,9496,61560
10825,9497,61560
10826,3748,61571
10827,11300,61605
10828,11542,61607
10829,12489,101255
10830,23455,61607
10831,13513,61608
10832,4047,61609
10833,4047,105719
10834,4770,61609
10835,4770,105719
10836,24935,61609
10837,24935,105719
10838,24936,61609
10839,24936,105719
10840,24937,61609
10841,24937,105719
10842,24040,61614
10843,10892,61619
10844,12102,61619
10845,13694,61619
10846,2860,61622
10847,5348,61622
10848,3224,61633
10849,13739,61634
10850,13740,61634
10851,10725,61635
10852,25948,61671
10853,27515,61671
10854,3318,61672
10855,5470,61672
10856,10741,61672
10857,27347,61672
10858,27348,61672
10859,10569,61673
10860,27414,61673
10861,1506,61682
10862,2740,61682
10863,27252,61682
10864,26789,61683
10865,6514,61686
10866,27242,61693
10867,1380,61707
10868,16162,61707
10869,21895,61707
10870,23566,61712
10871,23674,61712
10872,10772,61755
10873,16275,61755
10874,10805,61787
10875,10805,64041
10876,10806,61787
10877,10806,64041
10878,5631,61802
10879,2140,61805
10880,27,61806
10881,15061,61808
10882,7012,61811
10883,1055,61817
10884,17141,61817
10885,18090,61817
10886,21427,61818
10887,21428,61818
10888,17501,61822
10889,16450,61826
10890,10815,61827
10891,12153,61827
10892,16242,61827
10893,12414,61870
10894,14316,61920
10895,18746,61921
10896,26405,61923
10897,26403,103607
10898,26404,61923
10899,6320,61925
10900,6320,106288
10901,6724,61925
10902,14622,61925
10903,14622,106288
10904,17925,61925
10905,17925,106288
10906,18685,61925
10907,18685,106288
10908,19079,61925
10909,6719,61926
10910,6720,61926
10911,6721,61926
10912,12842,61927
10913,16369,61928
10914,5446,61929
10915,5457,61929
10916,18173,61929
10917,21554,61929
10918,3320,61938
10919,11081,61941
10920,11081,123765
10921,12810,61962
10922,5717,61963
10923,5718,61963
10924,12738,69767
10925,12742,61964
10926,12762,61964
10927,12762,69767
10928,13442,61964
10929,13442,69767
10930,11509,61965
10931,8486,61966
10932,3215,61978
10933,11133,61978
10934,27815,61978
10935,15072,61980
10936,3853,62839
10937,11986,62839
10938,1733,62005
10939,2430,62010
10940,2430,117679
10941,2431,62010
10942,2431,117679
10943,2432,62010
10944,2432,117679
10945,2433,62010
10946,2433,117679
10947,21158,62010
10948,21158,117679
10949,7844,62022
10950,1109,62028
10951,10828,62028
10952,24032,62038
10953,699,62043
10954,2321,62043
10955,5382,62043
10956,7381,62043
10957,16653,62043
10958,7148,62054
10959,14821,62054
10960,7861,62057
10961,16098,62057
10962,19013,62057
10963,19628,62057
10964,27131,62067
10965,1910,62073
10966,4203,62080
10967,7232,62080
10968,7233,62080
10969,11263,62089
10970,11584,62089
10971,11585,62089
10972,11668,62089
10973,18720,62089
10974,13179,62100
10975,16183,62101
10976,16793,62101
10977,1951,62104
10978,4965,62104
10979,5614,62132
10980,7637,62132
10981,1992,62210
10982,696,62213
10983,697,62213
10984,3838,62213
10985,22442,62213
10986,11490,62219
10987,26795,62223
10988,27299,139658
10989,4853,139658
10990,19736,62228
10991,2204,62243
10992,2854,62246
10993,19957,62248
10994,21348,62248
10995,1359,62251
10996,15422,62251
10997,21864,62252
10998,25732,62255
10999,20686,62278
11000,10853,62326
11001,1070,62337
11002,11691,62357
11003,11748,62357
11004,21827,62357
11005,13963,62358
11006,27163,62358
11007,13472,62359
11008,26479,62380
11009,8721,62381
11010,2167,62382
11011,2168,62382
11012,2169,62382
11013,20979,62383
11014,21225,62385
11015,2008,62386
11016,4574,62389
11017,5897,62391
11018,11189,62391
11019,6799,62394
11020,20679,62394
11021,27002,62394
11022,21891,62395
11023,24680,62395
11024,21599,62396
11025,21616,62396
11026,23187,62400
11027,23765,62400
11028,8869,62402
11029,2053,62404
11030,14751,62404
11031,14975,62404
11032,5551,76438
11033,1222,62406
11034,6384,62406
11035,10835,62406
11036,2609,62407
11037,24790,62407
11038,19176,62408
11039,2075,62409
11040,2311,62410
11041,1717,62411
11042,3067,62413
11043,11177,62414
11044,15226,62414
11045,19206,62414
11046,10773,81757
11047,9141,62416
11048,26549,62418
11049,2673,62418
11050,26074,62418
11051,14055,62419
11052,18773,62419
11053,15031,62421
11054,5372,62422
11055,11199,62422
11056,19619,62440
11057,19619,129422
11058,21146,62440
11059,21146,129422
11060,9320,62441
11061,10327,62441
11062,10984,62441
11063,14871,62441
11064,16780,62447
11065,22370,62447
11066,7834,62449
11067,21856,62464
11068,21856,62467
11069,20898,62464
11070,20898,62467
11071,20896,62464
11072,20896,62467
11073,3425,62464
11074,3425,62467
11075,2974,62464
11076,2974,62467
11077,2975,62464
11078,2975,62467
11079,18442,62464
11080,18442,62467
11081,10517,62464
11082,10517,62467
11083,2155,62469
11084,11324,62492
11085,2989,62500
11086,3756,62500
11087,17920,62502
11088,26110,62541
11089,8338,62621
11090,8338,148987
11091,20730,62649
11092,17824,62651
11093,17825,62651
11094,17827,62651
11095,25285,193479
11096,4018,193479
11097,24949,193479
11098,6222,62676
11099,947,62679
11100,947,62711
11101,10940,62679
11102,10940,62711
11103,11422,62679
11104,11422,62711
11105,21563,62679
11106,21563,62711
11107,15759,77959
11108,21515,77959
11109,26527,62685
11110,5456,62707
11111,10221,62707
11112,258,62719
11113,22247,62719
11114,23768,62738
11115,25197,193268
11116,25196,193268
11117,24927,193268
11118,24938,62751
11119,24938,193268
11120,25218,193268
11121,20397,62804
11122,13726,62828
11123,16931,62828
11124,8292,62829
11125,10894,62829
11126,10951,62876
11127,16376,62876
11128,21507,62876
11129,19394,62884
11130,14350,62887
11131,16230,62922
11132,3404,62927
11133,7244,62934
11134,17108,62936
11135,25974,62936
11136,9628,62948
11137,9629,62948
11138,11719,62948
11139,19975,62954
11140,19975,62955
11141,279,62981
11142,14126,62981
11143,16659,62981
11144,26223,62982
11145,14733,62984
11146,4736,62985
11147,21937,62985
11148,15863,62989
11149,18363,62989
11150,19911,63006
11151,1160,63031
11152,2327,63031
11153,27088,63046
11154,7199,63050
11155,2896,63061
11156,22426,63061
11157,7272,63100
11158,7276,63100
11159,10560,63100
11160,12608,63100
11161,28044,63100
11162,5369,63102
11163,21199,63102
11164,16330,63130
11165,16330,76129
11166,16330,96153
11167,4839,63130
11168,4839,76129
11169,4839,96153
11170,18914,63163
11171,18915,63163
11172,6147,63174
11173,613,63180
11174,1859,63180
11175,460,63182
11176,5647,63182
11177,27582,63182
11178,14066,63183
11179,14066,79920
11180,25857,63183
11181,25857,79920
11182,27294,63186
11183,11002,63187
11184,11002,63719
11185,3860,63189
11186,9272,63195
11187,9273,63195
11188,9274,63195
11189,5039,63198
11190,2437,63215
11191,10710,63216
11192,12561,63222
11193,3078,63273
11194,10956,63273
11195,14491,63281
11196,14491,99999
11197,14492,63281
11198,14492,99999
11199,14493,63281
11200,14493,99999
11201,15069,63281
11202,15069,99999
11203,21519,63281
11204,21519,99999
11205,3526,63284
11206,10953,63284
11207,13278,63284
11208,27738,63284
11209,10954,63299
11210,10958,63323
11211,24891,63334
11212,4220,63364
11213,10963,63364
11214,5490,63380
11215,17545,63380
11216,26782,63380
11217,8588,63381
11218,16161,63381
11219,20489,63381
11220,113,63393
11221,1762,63393
11222,12260,63393
11223,18148,63393
11224,24111,63425
11225,109,63470
11226,1136,63470
11227,1280,63470
11228,2179,63470
11229,15714,63479
11230,9730,63517
11231,9731,63517
11232,10968,63517
11233,10969,63517
11234,10970,63517
11235,10971,63517
11236,8074,63668
11237,12324,63670
11238,6526,63676
11239,24649,63683
11240,24812,63683
11241,24813,63683
11242,10991,63707
11243,10991,80534
11244,3652,63716
11245,23126,63717
11246,2062,63726
11247,10917,63726
11248,11654,63726
11249,21292,63726
11250,12215,63729
11251,8694,63731
11252,2656,63735
11253,2663,63735
11254,26069,63735
11255,26199,63735
11256,26215,63735
11257,26337,63735
11258,6954,63738
11259,1954,63746
11260,7357,63746
11261,21163,63746
11262,19543,63796
11263,19544,63796
11264,19094,63813
11265,19094,92926
11266,11021,63823
11267,3685,63834
11268,11033,63834
11269,13342,63834
11270,17368,63834
11271,18208,63834
11272,1163,63848
11273,1163,63853
11274,1498,63848
11275,1498,63853
11276,2386,63848
11277,2386,63853
11278,11026,63848
11279,11026,63853
11280,11027,63859
11281,11019,63867
11282,11020,63867
11283,11030,63867
11284,26335,63875
11285,26981,63875
11286,9856,63886
11287,12850,63886
11288,27128,63886
11289,12169,63899
11290,15851,63900
11291,17385,63966
11292,27957,63968
11293,4909,63970
11294,6253,63970
11295,11039,63970
11296,9357,63972
11297,9357,63973
11298,9357,71848
11299,16731,63972
11300,16731,63973
11301,16731,71848
11302,17456,63972
11303,17456,63973
11304,17456,71848
11305,17905,63978
11306,3128,64001
11307,9986,64001
11308,26881,64001
11309,230,64021
11310,21042,64021
11311,11044,64022
11312,10802,64025
11313,11045,64025
11314,5768,64025
11315,5768,128769
11316,9020,64032
11317,9021,64032
11318,9022,64032
11319,9958,64032
11320,13309,64032
11321,4170,64045
11322,4171,64045
11323,3355,64046
11324,1740,64049
11325,1286,64057
11326,19777,64057
11327,27432,64057
11328,251,64058
11329,252,64058
11330,18645,64058
11331,5251,64061
11332,18614,64061
11333,13908,64062
11334,27517,64062
11335,27518,64062
11336,704,64063
11337,27584,64063
11338,19203,64065
11339,9433,64074
11340,9433,133300
11341,8278,64074
11342,8278,133300
11343,18404,64074
11344,18404,133300
11345,11053,64092
11346,6043,64109
11347,1819,64113
11348,1819,97593
11349,21950,64113
11350,21950,97593
11351,1166,64126
11352,1167,64126
11353,5957,64126
11354,8843,64126
11355,22423,64126
11356,14569,64127
11357,16747,64129
11358,14534,64130
11359,14534,102319
11360,17090,64130
11361,17090,102319
11362,22143,64130
11363,22143,102319
11364,9083,64131
11365,9083,64153
11366,9286,64131
11367,9286,64153
11368,584,64132
11369,7774,64134
11370,9349,64134
11371,15276,64134
11372,16541,64134
11373,12038,64136
11374,49,64137
11375,27319,64137
11376,12,64138
11377,12,102320
11378,2270,64138
11379,2270,102320
11380,15283,64138
11381,15283,102320
11382,6191,64139
11383,4822,64140
11384,12261,64140
11385,14903,64142
11386,63,64144
11387,919,64144
11388,9353,64144
11389,13348,64144
11390,16070,64144
11391,16402,64144
11392,3733,64147
11393,14527,64147
11394,2474,64148
11395,5965,64148
11396,16542,64148
11397,13268,64149
11398,16536,64149
11399,22280,64149
11400,17258,64150
11401,18303,64151
11402,10081,64152
11403,6124,64156
11404,13821,64156
11405,18384,64156
11406,13826,64157
11407,8366,64167
11408,22164,64177
11409,20243,64198
11410,20243,137948
11411,1654,64198
11412,1654,137948
11413,1653,64475
11414,10531,64515
11415,11121,64515
11416,21369,64515
11417,17528,64522
11418,17529,64522
11419,26439,64524
11420,18905,64584
11421,2332,64589
11422,2332,81972
11423,1107,64592
11424,4875,64592
11425,8976,64592
11426,11155,64592
11427,11156,64592
11428,13003,64592
11429,1979,64614
11430,16901,64614
11431,2273,64629
11432,5544,64629
11433,15949,64629
11434,9445,64637
11435,20924,64637
11436,10790,64641
11437,16782,64641
11438,13484,64643
11439,27358,64643
11440,27419,64643
11441,20107,64653
11442,5970,64668
11443,686,64706
11444,3311,64706
11445,10587,64706
11446,4278,64736
11447,6617,64736
11448,11192,64740
11449,14117,64744
11450,5066,64754
11451,14919,64754
11452,5571,64755
11453,17719,64764
11454,17719,196130
11455,2676,64766
11456,16679,64781
11457,9392,64782
11458,25891,64782
11459,1114,64810
11460,7220,64810
11461,11202,64810
11462,15262,64810
11463,1113,64814
11464,1113,64817
11465,1113,196361
11466,7354,64814
11467,7354,64817
11468,7354,196361
11469,20775,64823
11470,27430,64823
11471,22225,64851
11472,19531,64889
11473,24087,64925
11474,26182,83185
11475,4662,64991
11476,11093,65041
11477,25798,193565
11478,25797,193565
11479,18712,193565
11480,4266,65143
11481,4267,65143
11482,14893,65143
11483,4422,65145
11484,8363,65153
11485,11447,65153
11486,11448,65153
11487,9203,65186
11488,9203,118778
11489,8755,65186
11490,8755,118778
11491,9211,65186
11492,9211,118778
11493,17478,65223
11494,644,65228
11495,645,65228
11496,646,65228
11497,25981,65228
11498,2858,65275
11499,6418,65309
11500,6672,65309
11501,11488,65309
11502,13053,65326
11503,17212,65329
11504,21402,65329
11505,12779,65371
11506,11310,65363
11507,16132,65363
11508,17573,65415
11509,3283,65416
11510,8359,65416
11511,6021,65418
11512,8115,65418
11513,11635,65421
11514,12844,65421
11515,1151,65430
11516,5851,65430
11517,8372,65430
11518,3284,65436
11519,983,65446
11520,11329,65446
11521,11844,65446
11522,27126,65446
11523,27127,65446
11524,447,65469
11525,447,71851
11526,27597,65469
11527,27597,71851
11528,16801,65473
11529,17896,65473
11530,19438,65474
11531,20713,65474
11532,14436,65476
11533,18683,65476
11534,1187,65490
11535,1187,66016
11536,5254,65490
11537,5254,66016
11538,6659,65490
11539,6659,66016
11540,11174,65491
11541,2316,65562
11542,9521,65562
11543,1473,65582
11544,11379,65582
11545,21773,65582
11546,11380,65590
11547,11381,65590
11548,17608,65590
11549,20662,65590
11550,689,65594
11551,1097,65594
11552,8313,65594
11553,8849,65594
11554,9040,65594
11555,20604,65594
11556,5737,65601
11557,10882,65601
11558,20883,65601
11559,4344,65603
11560,11113,65631
11561,15429,65636
11562,174,65641
11563,423,65641
11564,21452,65642
11565,3560,65643
11566,6398,65643
11567,11395,65643
11568,2466,65677
11569,7001,65677
11570,21737,65811
11571,24171,65885
11572,24170,65885
11573,23872,65885
11574,23968,65888
11575,3988,65893
11576,23988,65903
11577,14615,65907
11578,14616,65907
11579,27086,65907
11580,1493,65908
11581,1493,111761
11582,24227,65908
11583,24227,111761
11584,4231,65912
11585,19388,65912
11586,24292,65916
11587,24293,65916
11588,19669,65924
11589,24122,65924
11590,24099,65952
11591,24099,130785
11592,24099,142725
11593,23802,65955
11594,11523,65987
11595,13467,65987
11596,16039,65987
11597,16170,65987
11598,16982,65987
11599,11116,65997
11600,18149,65997
11601,19026,66024
11602,1130,66030
11603,11122,66030
11604,11408,66030
11605,11409,66030
11606,27154,66030
11607,18985,66065
11608,12718,66072
11609,22353,66075
11610,11438,66153
11611,11438,147653
11612,11439,66153
11613,11439,147653
11614,19052,66153
11615,19052,147653
11616,11449,66157
11617,22287,66157
11618,1384,66158
11619,10274,66158
11620,11450,66158
11621,11571,66158
11622,17299,66158
11623,10073,66161
11624,10074,66161
11625,10763,66161
11626,11451,66161
11627,11452,66161
11628,5266,66179
11629,6658,66179
11630,13517,66209
11631,19815,66209
11632,1470,66212
11633,14587,66212
11634,3396,66214
11635,3175,66217
11636,3251,66217
11637,3604,66217
11638,8703,66217
11639,17155,66218
11640,22270,66218
11641,19889,66219
11642,19889,133707
11643,21526,66220
11644,8065,66222
11645,8334,66222
11646,22218,66224
11647,21460,66227
11648,26878,66228
11649,20212,66271
11650,4950,66279
11651,20200,66279
11652,20201,66279
11653,15615,66281
11654,27550,66281
11655,4785,66285
11656,11568,66285
11657,15463,66285
11658,15469,66285
11659,9893,66300
11660,9508,66310
11661,12934,66310
11662,15823,66310
11663,26927,66310
11664,5190,66311
11665,15488,66311
11666,20600,66312
11667,15802,66313
11668,15828,66313
11669,9650,66324
11670,10373,66324
11671,13030,66324
11672,1533,66335
11673,26336,66374
11674,357,66378
11675,171,66380
11676,26257,66380
11677,22038,66381
11678,8829,66383
11679,26370,66384
11680,26488,66384
11681,11475,66385
11682,4069,66386
11683,26191,66386
11684,2659,66387
11685,26186,66387
11686,26280,66387
11687,26116,66391
11688,26142,66391
11689,26400,66392
11690,1727,66393
11691,2662,66393
11692,21927,66393
11693,26333,66393
11694,26264,66395
11695,26190,66398
11696,26515,66402
11697,21760,66403
11698,26058,66404
11699,26238,66405
11700,26239,66405
11701,26093,66406
11702,26193,66406
11703,26460,66406
11704,82,66416
11705,2380,66416
11706,9222,66416
11707,15325,66425
11708,5213,66426
11709,9162,66436
11710,11481,66473
11711,11482,66473
11712,6149,66478
11713,10699,66480
11714,10059,66518
11715,1034,66599
11716,24012,66613
11717,19497,66633
11718,19497,196467
11719,19700,66633
11720,19700,196467
11721,19493,66633
11722,19493,196467
11723,19389,66637
11724,19389,75634
11725,19389,75656
11726,11514,66652
11727,11517,66654
11728,14401,66654
11729,12621,66664
11730,4636,66693
11731,8257,66714
11732,11544,66716
11733,12769,66754
11734,1102,66759
11735,1102,86412
11736,1103,66759
11737,1103,86412
11738,5703,66759
11739,5703,86412
11740,18176,66759
11741,18176,86412
11742,25286,193572
11743,26334,66771
11744,26064,66771
11745,3360,66839
11746,11154,66840
11747,11556,66840
11748,11557,66840
11749,3460,66841
11750,3461,66841
11751,10425,66859
11752,15141,66859
11753,26561,66926
11754,18567,66929
11755,21014,66937
11756,21014,149230
11757,5834,66937
11758,5834,149230
11759,16756,67022
11760,16756,81933
11761,3383,67022
11762,3383,81933
11763,18420,67022
11764,18420,81933
11765,25832,67022
11766,25832,81933
11767,16755,67022
11768,16755,81933
11769,2419,67023
11770,7110,67023
11771,17786,67268
11772,6940,67276
11773,11672,67277
11774,19251,67277
11775,27032,67331
11776,4575,67331
11777,11710,67346
11778,11710,118371
11779,6481,67391
11780,13765,67401
11781,19312,67401
11782,6210,67410
11783,6211,67410
11784,2406,67433
11785,11787,67433
11786,21697,67480
11787,22160,67480
11788,22187,67480
11789,22188,67480
11790,22189,67480
11791,22190,67480
11792,25785,67480
11793,27340,67480
11794,4649,67487
11795,4649,103533
11796,4649,103681
11797,4649,106192
11798,4649,155205
11799,24975,193303
11800,25143,193303
11801,24976,193303
11802,6000,67510
11803,1173,67522
11804,5911,67522
11805,11826,67551
11806,11826,72218
11807,11828,67551
11808,11828,72218
11809,11827,67551
11810,11827,72218
11811,21038,67590
11812,21038,150429
11813,2102,67612
11814,2103,67612
11815,11864,67612
11816,12152,67612
11817,1937,67630
11818,1937,200122
11819,19221,67646
11820,20033,67739
11821,20033,69475
11822,20033,137603
11823,16784,67749
11824,16784,67750
11825,16785,67749
11826,16785,67750
11827,16786,67749
11828,16786,67750
11829,27561,67749
11830,27561,67750
11831,16783,67749
11832,16783,67750
11833,19461,67861
11834,6660,67900
11835,13367,67903
11836,19929,67905
11837,20265,67907
11838,2156,67916
11839,21726,67952
11840,7087,67957
11841,11879,67957
11842,7448,67959
11843,27883,67960
11844,17674,68006
11845,23754,103821
11846,27484,68006
11847,4593,68098
11848,4594,68098
11849,8267,68106
11850,4687,68111
11851,1122,68152
11852,23990,68163
11853,1154,68179
11854,4167,68179
11855,6874,68179
11856,11683,68179
11857,13096,68179
11858,16558,68179
11859,20412,68190
11860,4985,68195
11861,19613,68195
11862,19649,68195
11863,11054,68198
11864,11054,142602
11865,11242,68198
11866,11242,142602
11867,8192,68198
11868,8192,142602
11869,1604,68301
11870,1604,82226
11871,21102,68301
11872,21102,82226
11873,15956,68322
11874,15956,68813
11875,8668,68322
11876,8668,68813
11877,12549,68393
11878,24411,68418
11879,24411,103684
11880,24411,112058
11881,2561,68418
11882,2561,103684
11883,2561,112058
11884,284,68430
11885,21370,68430
11886,25921,68430
11887,3973,68451
11888,3973,103316
11889,19290,68454
11890,6525,68471
11891,19373,68491
11892,27666,68491
11893,16922,68498
11894,16923,68498
11895,4672,68512
11896,4672,103086
11897,4673,68512
11898,4673,103086
11899,19793,68517
11900,23879,68528
11901,19272,68529
11902,19272,131916
11903,7870,68529
11904,7870,131916
11905,2612,68530
11906,2613,68530
11907,4011,68530
11908,7602,68561
11909,19633,68579
11910,3013,68607
11911,15985,68617
11912,6506,68623
11913,19319,68626
11914,11290,68637
11915,11810,68639
11916,4697,68659
11917,24253,68667
11918,24253,106132
11919,24250,68667
11920,24250,106132
11921,18016,68674
11922,16081,68679
11923,11645,68687
11924,19399,68687
11925,6925,68693
11926,24262,68698
11927,24262,104059
11928,14430,68708
11929,9103,68709
11930,23377,68709
11931,19651,68710
11932,5473,68733
11933,23923,68733
11934,7815,68740
11935,7815,102860
11936,7815,103347
11937,7816,68740
11938,7816,102860
11939,7816,103347
11940,8333,68740
11941,8333,102860
11942,8333,103347
11943,17596,68797
11944,24559,68798
11945,26877,68801
11946,26877,104383
11947,7323,68802
11948,7323,125617
11949,26103,68806
11950,24187,68809
11951,24068,68820
11952,8439,68832
11953,19233,68835
11954,19234,68835
11955,19235,68835
11956,3893,68850
11957,3894,68850
11958,3895,68850
11959,3896,68850
11960,24578,68851
11961,24700,68851
11962,2581,68869
11963,1054,68873
11964,17057,68873
11965,17058,68873
11966,21266,68873
11967,25647,68873
11968,27198,68873
11969,5381,68875
11970,24094,68895
11971,24094,89840
11972,24095,68895
11973,24095,89840
11974,24096,68895
11975,24096,89840
11976,3965,68895
11977,3965,89840
11978,742,68899
11979,5046,68899
11980,15237,68899
11981,12643,68903
11982,12294,68904
11983,19547,68905
11984,19526,68906
11985,16560,68917
11986,16561,68917
11987,16866,68917
11988,14300,68928
11989,17004,68928
11990,24862,68950
11991,24833,68955
11992,26694,68964
11993,26725,68964
11994,2748,68965
11995,1341,68966
11996,24761,68967
11997,24646,68968
11998,24647,68968
11999,24648,68968
12000,16583,68969
12001,16583,89337
12002,27692,68969
12003,27692,89337
12004,2235,68971
12005,24537,68971
12006,24713,68971
12007,26503,68984
12008,1121,69001
12009,22111,69002
12010,18682,69006
12011,21371,69006
12012,11398,69016
12013,16080,69016
12014,19939,69016
12015,24970,193560
12016,25158,193560
12017,25159,193560
12018,25044,193400
12019,12601,69031
12020,12601,104547
12021,19499,69031
12022,19499,104547
12023,24752,69032
12024,21796,69039
12025,27688,69045
12026,24783,69060
12027,24880,69060
12028,24881,69060
12029,15121,69061
12030,4013,69087
12031,4013,129136
12032,11162,69087
12033,11162,129136
12034,12014,69104
12035,21368,69104
12036,20444,69120
12037,23085,69120
12038,23767,69120
12039,25578,69120
12040,1987,69124
12041,1991,69124
12042,17538,69125
12043,19513,69133
12044,19632,69133
12045,21228,69133
12046,4089,69145
12047,4089,103745
12048,4089,104475
12049,4089,104497
12050,4090,69145
12051,4090,103745
12052,4090,104475
12053,4090,104497
12054,24751,69146
12055,16494,69149
12056,24670,69157
12057,16572,69159
12058,16572,132191
12059,21845,69159
12060,21845,132191
12061,4008,69160
12062,4009,69160
12063,22129,69160
12064,24728,69160
12065,24740,69160
12066,23942,69161
12067,2080,69163
12068,26535,69163
12069,27615,69163
12070,2121,69166
12071,17746,69166
12072,24733,69168
12073,1960,69169
12074,2570,69177
12075,24798,69179
12076,10401,69181
12077,18175,69181
12078,24591,69183
12079,5379,69188
12080,10275,69188
12081,2597,69192
12082,24826,69192
12083,13844,69196
12084,13844,103523
12085,403,69200
12086,404,69200
12087,24582,69200
12088,19180,69204
12089,19494,69205
12090,23851,69210
12091,23851,103351
12092,23851,103442
12093,23851,103651
12094,27650,69210
12095,27650,103351
12096,27650,103442
12097,27650,103651
12098,24560,69211
12099,24585,69211
12100,24686,69211
12101,4007,69213
12102,24642,69213
12103,24871,69213
12104,24892,69213
12105,19450,69214
12106,3767,69222
12107,19567,69222
12108,2068,69223
12109,7053,69223
12110,10921,69223
12111,11616,69223
12112,28000,69223
12113,16041,69228
12114,24778,69228
12115,8674,69229
12116,15145,69229
12117,6531,69246
12118,6532,69246
12119,6962,69246
12120,12402,69246
12121,12396,69247
12122,1589,69259
12123,2384,69259
12124,2630,69259
12125,2631,69259
12126,23223,69262
12127,23223,104381
12128,25574,69262
12129,25574,104381
12130,23312,69262
12131,23312,104381
12132,24742,69264
12133,1276,69275
12134,1276,129243
12135,19433,69276
12136,2606,69277
12137,24666,69282
12138,24726,69282
12139,18535,69293
12140,18536,69293
12141,18537,69293
12142,19445,69295
12143,19400,69302
12144,23183,69304
12145,23755,69304
12146,2081,69316
12147,24127,69332
12148,24127,132088
12149,24306,69332
12150,24306,132088
12151,24126,69332
12152,24126,132088
12153,19396,69334
12154,7278,69340
12155,26446,69340
12156,19030,69349
12157,11903,69360
12158,11903,69361
12159,11687,69360
12160,11687,69361
12161,17543,69405
12162,17544,69405
12163,20218,69413
12164,20218,136615
12165,16746,69413
12166,16746,136615
12167,1576,69419
12168,8866,69419
12169,2911,69420
12170,6826,69421
12171,15086,69427
12172,22385,90722
12173,18955,90722
12174,14254,90722
12175,9638,69497
12176,6159,69504
12177,17297,69508
12178,22194,69508
12179,6173,69509
12180,27360,69509
12181,10709,69511
12182,12455,69511
12183,15210,69511
12184,6256,69513
12185,16511,69513
12186,9170,69514
12187,20272,69514
12188,3796,69522
12189,11431,69528
12190,1395,69563
12191,14964,69563
12192,23905,69584
12193,23905,77276
12194,23905,77277
12195,23905,105623
12196,23906,69584
12197,23906,77276
12198,23906,77277
12199,23906,105623
12200,16436,69588
12201,16436,105789
12202,16437,69588
12203,16437,105789
12204,23781,69588
12205,23781,105789
12206,22821,69588
12207,22821,105789
12208,1426,69588
12209,1426,105789
12210,11653,69611
12211,5016,69612
12212,3977,69621
12213,3977,105742
12214,6427,69621
12215,6427,105742
12216,3976,69621
12217,3976,105742
12218,5321,69623
12219,5321,69840
12220,12064,69629
12221,12064,72273
12222,12064,132545
12223,13103,69629
12224,13103,72273
12225,13103,132545
12226,13105,69629
12227,13105,72273
12228,13105,132545
12229,19282,69629
12230,19282,72273
12231,19282,132545
12232,25583,69629
12233,25583,72273
12234,25583,132545
12235,26156,69629
12236,26156,72273
12237,26156,132545
12238,19724,69635
12239,6968,69645
12240,6968,114621
12241,6968,114656
12242,23995,69661
12243,16629,69667
12244,16629,105694
12245,10235,69680
12246,25325,193424
12247,136,193424
12248,25294,193424
12249,24346,69713
12250,4001,69718
12251,14757,69718
12252,24719,69718
12253,24841,69718
12254,24842,69718
12255,24710,69719
12256,24731,69719
12257,24732,69719
12258,27743,69724
12259,4002,69735
12260,12061,69749
12261,12061,69757
12262,12061,93212
12263,12060,69749
12264,12060,69757
12265,12060,93212
12266,15088,69749
12267,15088,69757
12268,15088,93212
12269,26904,69749
12270,26904,69757
12271,26904,93212
12272,21247,69761
12273,6538,69764
12274,6538,103880
12275,1026,69770
12276,10527,69770
12277,11226,69791
12278,11226,105435
12279,5921,69801
12280,10320,69801
12281,26668,69801
12282,18081,69801
12283,1028,69804
12284,1028,69822
12285,24837,69807
12286,24838,69807
12287,4301,69809
12288,7819,69813
12289,7819,69900
12290,8285,69813
12291,8285,69900
12292,8284,69813
12293,8284,69900
12294,12131,69815
12295,24716,69817
12296,24717,69817
12297,5828,69818
12298,23120,69825
12299,23427,69825
12300,24656,69832
12301,11547,69833
12302,16585,69837
12303,18629,69837
12304,21254,69843
12305,12579,69847
12306,12579,104402
12307,19444,69847
12308,19444,104402
12309,10689,69847
12310,10689,104402
12311,12277,69850
12312,12278,69850
12313,24556,69851
12314,24607,69851
12315,10774,69860
12316,16385,69860
12317,12552,69861
12318,12553,69861
12319,6221,69868
12320,6550,69868
12321,6929,69868
12322,14550,69868
12323,14852,69868
12324,2602,69881
12325,24617,69881
12326,24643,69881
12327,11500,69883
12328,24536,69886
12329,24802,69886
12330,24804,69886
12331,16713,69893
12332,17718,69893
12333,18917,69893
12334,13437,69901
12335,11836,69904
12336,11837,69904
12337,24281,69914
12338,24281,105585
12339,17855,69941
12340,2366,70003
12341,10922,70003
12342,20343,70003
12343,13632,70004
12344,4107,70007
12345,9738,70020
12346,12411,70030
12347,25902,70032
12348,1779,70038
12349,4012,70048
12350,11937,70053
12351,9356,70060
12352,11947,70061
12353,15791,70063
12354,15791,141003
12355,23429,70071
12356,23745,70075
12357,27775,70076
12358,21593,70078
12359,21593,143402
12360,2930,70078
12361,2930,143402
12362,16102,70083
12363,16104,70083
12364,24091,70086
12365,24091,143410
12366,16106,70086
12367,16106,143410
12368,16107,70086
12369,16107,143410
12370,16312,70102
12371,4268,70106
12372,16993,70106
12373,16994,70106
12374,16995,70106
12375,16996,70106
12376,18136,70108
12377,3638,70109
12378,14573,70111
12379,15661,70112
12380,27709,70112
12381,4795,70113
12382,4795,91354
12383,22054,70113
12384,22054,91354
12385,22273,70113
12386,22273,91354
12387,16757,70114
12388,11723,70115
12389,3468,70119
12390,28070,70119
12391,3708,70121
12392,11785,70121
12393,3321,70124
12394,10141,70124
12395,26983,70126
12396,14094,70128
12397,11958,70129
12398,2182,70132
12399,2183,70132
12400,17823,70132
12401,3866,70133
12402,17429,70133
12403,17784,70134
12404,13206,70137
12405,20744,70142
12406,20744,84581
12407,22178,70142
12408,22178,84581
12409,1773,70144
12410,1774,70144
12411,5536,70144
12412,793,70558
12413,25239,193569
12414,25220,193569
12415,2768,70663
12416,2768,193569
12417,24883,70959
12418,27671,70959
12419,5920,70988
12420,6679,71063
12421,10492,71063
12422,18843,71063
12423,25744,71063
12424,177,71064
12425,11980,71065
12426,2261,71087
12427,10899,71087
12428,733,71238
12429,733,71239
12430,4389,71238
12431,4389,71239
12432,8530,71238
12433,8530,71239
12434,8396,71244
12435,21985,71279
12436,21985,71281
12437,15356,71323
12438,26310,71323
12439,26315,71323
12440,1932,71407
12441,1932,97612
12442,1932,97613
12443,6553,71680
12444,6553,76405
12445,6553,126544
12446,10736,71718
12447,10736,88181
12448,12026,71795
12449,12029,71795
12450,15295,71795
12451,16028,71808
12452,1089,71809
12453,18612,71809
12454,3263,71811
12455,3870,71811
12456,27805,71811
12457,20257,71813
12458,12040,71849
12459,23913,71882
12460,4654,71901
12461,4252,71940
12462,24390,71969
12463,26374,71992
12464,26378,71992
12465,14847,71993
12466,21255,71994
12467,21256,71994
12468,21257,71994
12469,3047,71995
12470,12285,71995
12471,22084,71995
12472,24052,71996
12473,19918,72000
12474,19919,72000
12475,24189,72002
12476,23904,72019
12477,24119,72020
12478,24119,72132
12479,8290,72020
12480,8290,72132
12481,24118,72020
12482,24118,72132
12483,3411,72023
12484,3411,72032
12485,3959,72024
12486,23850,72024
12487,13516,72035
12488,13523,72035
12489,19534,72037
12490,24391,72053
12491,24392,72053
12492,24393,72053
12493,24394,72053
12494,17638,72057
12495,24245,72062
12496,24416,72062
12497,23805,72063
12498,23805,95556
12499,23806,72063
12500,23806,95556
12501,23807,72063
12502,23807,95556
12503,23808,72063
12504,23808,95556
12505,1782,72068
12506,1782,90956
12507,6115,72068
12508,6115,90956
12509,23907,72069
12510,23908,72069
12511,23909,72069
12512,3993,72071
12513,3993,91218
12514,24385,72071
12515,24385,91218
12516,24417,72071
12517,24417,91218
12518,17492,72074
12519,18633,72075
12520,2551,72076
12521,24338,72076
12522,24379,72082
12523,24379,92716
12524,24190,72085
12525,22073,101859
12526,23186,72092
12527,23186,99443
12528,21281,72114
12529,21281,139752
12530,21281,143109
12531,21282,72114
12532,21282,139752
12533,21282,143109
12534,19307,72114
12535,19307,139752
12536,19307,143109
12537,19917,72116
12538,24285,72118
12539,189,72119
12540,24092,72120
12541,6885,72121
12542,6886,72121
12543,296,72144
12544,5120,72145
12545,24020,72146
12546,24021,72146
12547,24022,72146
12548,16620,72148
12549,17532,72151
12550,24193,72151
12551,19695,72153
12552,19696,72153
12553,12065,72154
12554,12065,72276
12555,12065,72285
12556,12067,72154
12557,12067,72276
12558,12067,72285
12559,25661,72154
12560,25661,72276
12561,25661,72285
12562,7808,72155
12563,23911,72170
12564,24116,72170
12565,26157,72179
12566,3076,72180
12567,5796,72180
12568,6893,72180
12569,16591,72180
12570,24308,72183
12571,12510,72184
12572,10532,72185
12573,15355,72186
12574,21019,72186
12575,23815,72188
12576,23816,72188
12577,3138,72192
12578,3139,72192
12579,24205,72195
12580,1049,72197
12581,7332,72197
12582,24296,72198
12583,24296,140666
12584,16253,72201
12585,23842,72202
12586,23843,72202
12587,23760,72203
12588,23844,72204
12589,23846,72204
12590,23847,72204
12591,24047,72204
12592,24222,72209
12593,24223,72209
12594,24224,72209
12595,24225,72209
12596,14924,72210
12597,14925,72210
12598,8332,72211
12599,23997,72212
12600,5476,72214
12601,24002,72215
12602,12000,72216
12603,2559,72219
12604,24325,72219
12605,24174,72220
12606,24175,72220
12607,5370,72221
12608,23837,72221
12609,23998,72222
12610,24000,72222
12611,3760,72223
12612,24348,72225
12613,24303,72226
12614,5809,72227
12615,12276,72227
12616,24352,72227
12617,24353,72230
12618,24355,72230
12619,24356,72230
12620,6790,72232
12621,12055,72237
12622,12056,72237
12623,23849,72255
12624,11988,72256
12625,12046,72256
12626,24166,72258
12627,6958,72277
12628,12066,72277
12629,24198,72283
12630,24199,72283
12631,15025,72291
12632,15026,72291
12633,3957,72298
12634,24009,72298
12635,24183,72298
12636,4506,72299
12637,27097,72299
12638,15135,72305
12639,24142,72311
12640,24144,72311
12641,1844,72315
12642,18939,72315
12643,586,72320
12644,12716,72321
12645,14349,72321
12646,14428,148832
12647,14470,77989
12648,14469,77989
12649,6710,101310
12650,5575,101310
12651,18219,81677
12652,16615,101334
12653,21973,72378
12654,11149,142595
12655,6725,108656
12656,14360,81673
12657,13446,81673
12658,4162,81673
12659,132,84718
12660,26155,72390
12661,17630,72395
12662,18233,101515
12663,12773,142695
12664,12773,145102
12665,2760,72399
12666,2760,113707
12667,105,72401
12668,4098,141179
12669,8135,141179
12670,14043,141179
12671,6347,108666
12672,18880,72406
12673,18880,108650
12674,16912,108650
12675,6677,108650
12676,11089,108651
12677,13431,108651
12678,18986,72407
12679,18986,108651
12680,18987,108651
12681,14283,72410
12682,14357,72410
12683,7658,72417
12684,7658,81671
12685,7657,72417
12686,7657,81671
12687,14467,88352
12688,5684,88352
12689,17987,88352
12690,20761,72441
12691,12077,72447
12692,13917,72448
12693,13027,72473
12694,14081,72473
12695,9416,72502
12696,17822,72502
12697,12845,72503
12698,16447,72503
12699,22043,72503
12700,25209,193552
12701,25253,193552
12702,3458,72512
12703,7273,72512
12704,21553,72538
12705,160,72552
12706,1196,72552
12707,12095,72552
12708,18102,72557
12709,10701,72563
12710,8489,124677
12711,8488,124677
12712,8767,72568
12713,9143,72568
12714,9611,72572
12715,17584,72572
12716,10314,72578
12717,10315,72578
12718,10316,72578
12719,18229,88234
12720,12808,88234
12721,12889,88234
12722,26736,72600
12723,26765,72600
12724,19051,72602
12725,6094,118703
12726,15008,118703
12727,3975,72643
12728,23864,72643
12729,23865,72643
12730,24188,72643
12731,17152,72650
12732,1471,72653
12733,1471,84455
12734,7902,72653
12735,7902,84455
12736,14575,72653
12737,14575,84455
12738,14590,72653
12739,14590,84455
12740,9936,72656
12741,2007,72686
12742,295,72710
12743,295,72711
12744,6808,72710
12745,6808,72711
12746,13850,72710
12747,13850,72711
12748,20711,72710
12749,20711,72711
12750,22072,72710
12751,22072,72711
12752,12156,72723
12753,15579,72749
12754,15579,96590
12755,16026,72749
12756,16026,96590
12757,13561,72764
12758,13561,87029
12759,12164,72774
12760,8457,72778
12761,16587,72794
12762,17276,72794
12763,19244,72809
12764,23607,72809
12765,440,72839
12766,11791,72839
12767,17184,72839
12768,315,72841
12769,12401,72841
12770,11775,72842
12771,12182,72844
12772,12660,72844
12773,5308,72850
12774,5308,74926
12775,15389,72850
12776,15389,74926
12777,15493,72850
12778,15493,74926
12779,13868,72862
12780,3668,72865
12781,3669,72865
12782,4347,72865
12783,9427,72866
12784,27849,72867
12785,5082,72870
12786,19980,72873
12787,20372,72908
12788,22912,72931
12789,12196,72933
12790,23886,72949
12791,12199,72959
12792,4706,72962
12793,20983,72964
12794,27378,72973
12795,1541,72991
12796,22168,72991
12797,1200,73009
12798,16293,73009
12799,22135,73028
12800,20087,73048
12801,6521,73107
12802,1447,73571
12803,13515,73572
12804,24404,73574
12805,8049,73578
12806,5010,73580
12807,5720,73654
12808,12491,73668
12809,12491,122188
12810,5095,73677
12811,14532,73679
12812,14532,73682
12813,10149,73679
12814,10149,73682
12815,12235,73679
12816,12235,73682
12817,11784,73683
12818,28012,73683
12819,11786,73707
12820,24576,73716
12821,24577,73716
12822,24622,73716
12823,27767,73716
12824,23759,73727
12825,25570,73727
12826,12242,73742
12827,12243,73742
12828,12244,73743
12829,12246,73755
12830,12245,73756
12831,1699,73760
12832,1699,73766
12833,19974,73760
12834,19974,73766
12835,1210,73767
12836,5937,73767
12837,18411,73767
12838,1171,73768
12839,4355,73768
12840,5807,73789
12841,18280,73790
12842,5749,73792
12843,5811,73792
12844,15001,73840
12845,11213,73888
12846,369,73961
12847,15358,73961
12848,16648,73961
12849,21145,73961
12850,17163,73971
12851,20460,73971
12852,22487,73971
12853,22488,73971
12854,22489,73971
12855,25758,73975
12856,5912,73980
12857,15369,73980
12858,26888,73980
12859,25926,73995
12860,25925,73995
12861,8693,73999
12862,5808,74007
12863,17610,74010
12864,23076,74012
12865,12311,74018
12866,2625,193597
12867,25587,193597
12868,1371,74023
12869,1371,101968
12870,8974,74023
12871,8974,101968
12872,2391,74023
12873,2391,101968
12874,26107,74027
12875,26283,74027
12876,12315,74029
12877,23078,74040
12878,23079,74040
12879,22127,74053
12880,4051,74065
12881,21260,74103
12882,5064,74119
12883,10715,74129
12884,1248,74136
12885,1248,74167
12886,1248,74717
12887,1248,102677
12888,1248,113441
12889,12292,74136
12890,12292,74167
12891,12292,74717
12892,12292,102677
12893,12292,113441
12894,1183,74145
12895,21746,74170
12896,8763,74172
12897,15400,74177
12898,20195,74177
12899,15502,74182
12900,15592,74182
12901,19866,74182
12902,7315,74186
12903,12346,74186
12904,17590,74186
12905,12252,74188
12906,12252,74189
12907,16602,74206
12908,14137,74210
12909,500,74219
12910,501,74219
12911,4426,74219
12912,7331,74219
12913,14885,74219
12914,28042,74219
12915,3103,74220
12916,12348,74221
12917,17592,74221
12918,16133,74222
12919,6378,74232
12920,8557,138526
12921,14958,138526
12922,8198,138526
12923,5900,74289
12924,5900,74890
12925,12219,74289
12926,12219,74890
12927,2067,74289
12928,2067,74890
12929,19240,74289
12930,19240,74890
12931,9024,74309
12932,24541,74321
12933,6087,74375
12934,5027,74376
12935,18784,74376
12936,4160,74377
12937,4160,93506
12938,4160,103799
12939,4312,74377
12940,4312,93506
12941,4312,103799
12942,25722,74415
12943,13657,74436
12944,18255,74436
12945,20632,74436
12946,15875,74452
12947,19609,74452
12948,26658,74455
12949,26659,74455
12950,24031,74461
12951,27087,74461
12952,12421,74469
12953,12421,152326
12954,27594,74472
12955,6831,74474
12956,11678,74474
12957,20661,74474
12958,20599,74478
12959,1377,74490
12960,1377,74501
12961,20618,74494
12962,20939,74494
12963,6438,74495
12964,12422,74495
12965,16063,74495
12966,16941,74495
12967,17214,74498
12968,2434,74517
12969,21559,74570
12970,11388,74573
12971,11389,74573
12972,11390,74573
12973,21732,74573
12974,25499,124480
12975,13847,124480
12976,13628,74618
12977,14386,74618
12978,15139,74625
12979,15139,77315
12980,21558,74625
12981,21558,77315
12982,15140,74625
12983,15140,77315
12984,2546,74627
12985,16621,74629
12986,16621,128441
12987,2064,74654
12988,5047,74654
12989,21179,74683
12990,21912,74692
12991,21912,74705
12992,1909,74693
12993,2289,74693
12994,9100,74696
12995,272,74703
12996,26746,74703
12997,5434,106308
12998,1632,74740
12999,1632,74741
13000,4465,74742
13001,11436,74806
13002,20811,74806
13003,6443,74809
13004,12374,74810
13005,12373,74817
13006,14902,74820
13007,18323,74839
13008,12379,74888
13009,1233,74900
13010,1233,74904
13011,21147,74900
13012,21147,74904
13013,28014,74900
13014,28014,74904
13015,1709,74911
13016,8821,74917
13017,12376,74917
13018,9064,74922
13019,14205,74922
13020,26850,74935
13021,26850,74942
13022,863,74941
13023,17399,74949
13024,3438,74950
13025,7221,74950
13026,22357,74951
13027,11163,74952
13028,12301,74993
13029,12302,74993
13030,12303,74993
13031,13869,74993
13032,25576,75046
13033,8795,75063
13034,18249,75063
13035,22044,75063
13036,5742,75078
13037,5742,75082
13038,2653,75122
13039,2667,75122
13040,15784,75379
13041,5926,75384
13042,10428,75384
13043,4196,75453
13044,4196,122013
13045,19537,75453
13046,19537,122013
13047,17112,75510
13048,17664,75514
13049,17664,108980
13050,17664,135961
13051,12520,75539
13052,9407,75548
13053,9408,75548
13054,6735,75549
13055,15526,75549
13056,12523,75552
13057,12528,75552
13058,588,75560
13059,16227,75562
13060,4290,75570
13061,4290,147616
13062,12524,75570
13063,12524,147616
13064,22199,75579
13065,9789,75631
13066,5052,75645
13067,5052,147506
13068,6413,75645
13069,6413,147506
13070,9729,75645
13071,9729,147506
13072,17401,75654
13073,17617,75654
13074,9174,75667
13075,10088,75667
13076,1520,75669
13077,13804,75669
13078,27705,75669
13079,2913,75676
13080,6062,75676
13081,2164,75685
13082,7734,75685
13083,18461,75685
13084,26900,75685
13085,18525,75696
13086,9258,75738
13087,12526,75738
13088,21475,75738
13089,6414,75742
13090,27595,75742
13091,7954,75756
13092,17968,75756
13093,5328,75775
13094,12519,75775
13095,9718,75777
13096,17006,75778
13097,17006,196798
13098,13846,75797
13099,13846,116706
13100,6746,75853
13101,482,75896
13102,482,75897
13103,482,89868
13104,27157,75896
13105,27157,75897
13106,27157,89868
13107,2094,75904
13108,97,75936
13109,3817,75970
13110,3817,116749
13111,27739,75970
13112,27739,116749
13113,951,75997
13114,19325,76016
13115,19326,76016
13116,21148,76016
13117,26669,76017
13118,26678,76017
13119,6866,76078
13120,1252,76084
13121,5896,76084
13122,3358,76111
13123,7743,76111
13124,10151,76111
13125,20076,76161
13126,12550,76176
13127,13923,76176
13128,20297,76176
13129,10265,76177
13130,17115,76177
13131,17503,76177
13132,20145,76179
13133,7933,76180
13134,10988,76180
13135,10197,76192
13136,9337,76206
13137,1256,76207
13138,2126,76207
13139,16537,76207
13140,24239,76239
13141,24336,76240
13142,24337,76240
13143,12382,76274
13144,16353,76288
13145,16353,147648
13146,5414,76288
13147,5414,147648
13148,26784,76319
13149,4358,76321
13150,4232,76323
13151,4232,96526
13152,15516,76323
13153,15516,96526
13154,12555,76354
13155,12555,76355
13156,12556,76354
13157,12556,76355
13158,12557,76354
13159,12557,76355
13160,14211,76354
13161,14211,76355
13162,6175,76364
13163,12914,76369
13164,12368,76370
13165,7104,76444
13166,4395,76446
13167,13907,76447
13168,8068,76450
13169,1259,76457
13170,14723,76457
13171,27302,76486
13172,19558,76491
13173,14172,76495
13174,14172,107189
13175,26871,76495
13176,26871,107189
13177,25115,193247
13178,9590,76503
13179,5420,76511
13180,12386,76511
13181,14313,76511
13182,4230,76517
13183,16363,76566
13184,20099,76566
13185,12613,76582
13186,6182,76603
13187,6687,76606
13188,6491,76610
13189,21143,76610
13190,5221,76615
13191,10095,76634
13192,12632,76703
13193,1938,76713
13194,21353,76713
13195,8522,76728
13196,25679,76728
13197,15015,76821
13198,21998,76847
13199,3151,76936
13200,8339,76936
13201,8340,76938
13202,10244,76961
13203,10244,76963
13204,19,76996
13205,2220,77001
13206,12642,77001
13207,12708,77002
13208,12720,77141
13209,19414,77141
13210,5441,77165
13211,5442,77165
13212,5443,77165
13213,5444,77166
13214,5445,77166
13215,3962,77177
13216,5702,77199
13217,19252,77219
13218,4330,77233
13219,12728,77234
13220,12729,77234
13221,15104,77234
13222,52,77239
13223,10486,77247
13224,1287,77301
13225,15950,77301
13226,23869,77334
13227,23930,77334
13228,6001,77342
13229,8561,77342
13230,15770,77342
13231,6535,77378
13232,6536,77378
13233,25761,77395
13234,18788,77419
13235,22862,77439
13236,9305,77462
13237,9306,77462
13238,12756,77462
13239,12757,77462
13240,12758,77462
13241,2844,77463
13242,16109,77463
13243,16110,77463
13244,25608,77463
13245,25609,77463
13246,33,77464
13247,2125,77464
13248,7703,77464
13249,25966,77464
13250,20312,77472
13251,11489,77483
13252,18217,77485
13253,3424,77493
13254,8364,77493
13255,27537,77494
13256,191,77511
13257,2016,77511
13258,2016,85996
13259,10870,131818
13260,10871,131818
13261,11018,131818
13262,17939,120332
13263,12785,77994
13264,17405,77994
13265,12790,78002
13266,12790,78005
13267,3543,78002
13268,3543,78005
13269,12788,78004
13270,12789,78004
13271,14584,78004
13272,544,78021
13273,544,78022
13274,542,78025
13275,543,78025
13276,16493,78025
13277,2226,78034
13278,14735,78043
13279,22021,78043
13280,20152,78053
13281,21246,78053
13282,9116,78058
13283,10935,78059
13284,6376,78060
13285,17339,78068
13286,25968,78068
13287,10937,78070
13288,20000,78075
13289,6555,78078
13290,21269,78079
13291,18154,78081
13292,3807,78082
13293,20154,78083
13294,15004,78085
13295,12796,78086
13296,12799,78090
13297,5778,78093
13298,11088,78096
13299,17476,78096
13300,21326,78099
13301,5760,78119
13302,15152,78119
13303,18711,78119
13304,21781,78119
13305,17505,78152
13306,2771,78153
13307,6780,78153
13308,19798,78164
13309,19848,87435
13310,19077,78216
13311,12741,78219
13312,4642,78224
13313,8419,78224
13314,22171,78224
13315,12821,78258
13316,12821,104674
13317,19602,78261
13318,7806,78264
13319,7806,91130
13320,10915,78264
13321,10915,91130
13322,21423,78269
13323,9821,78270
13324,9822,78270
13325,11319,78282
13326,12824,78282
13327,14727,78289
13328,14727,115811
13329,2371,78357
13330,2370,78367
13331,2370,96372
13332,22109,78367
13333,22109,96372
13334,5706,78444
13335,5706,78446
13336,6895,78444
13337,6895,78446
13338,11047,78536
13339,1292,78538
13340,19306,78549
13341,2045,78552
13342,1841,78555
13343,21868,78555
13344,5697,78573
13345,15644,78573
13346,25118,193594
13347,4049,193594
13348,25032,193594
13349,25264,193594
13350,26882,78670
13351,17181,78797
13352,17181,111141
13353,17145,78797
13354,17145,111141
13355,17934,78797
13356,17934,111141
13357,14699,78806
13358,14699,142667
13359,10648,78807
13360,4079,78813
13361,345,78814
13362,26541,78814
13363,26733,78814
13364,26560,78814
13365,26520,78815
13366,2157,78925
13367,6239,78932
13368,12453,78932
13369,5721,78967
13370,2624,193604
13371,24906,193604
13372,25215,193604
13373,10395,79148
13374,12271,79175
13375,21386,79175
13376,21387,79175
13377,13616,79274
13378,22260,79274
13379,12938,79276
13380,28089,79279
13381,23520,79292
13382,10344,79294
13383,21987,79297
13384,8037,79301
13385,6278,79305
13386,481,79308
13387,4675,79309
13388,7309,79311
13389,463,79314
13390,13540,79317
13391,3123,79319
13392,6304,79319
13393,6863,79322
13394,1274,79326
13395,1275,79326
13396,1840,79326
13397,25620,79326
13398,10714,79332
13399,8968,79337
13400,12944,79344
13401,20077,79344
13402,20078,79344
13403,2644,79345
13404,6734,79351
13405,16361,79354
13406,676,79357
13407,4646,79358
13408,7476,79358
13409,18231,79358
13410,7433,79360
13411,14018,79369
13412,1780,79372
13413,26786,79372
13414,26800,79372
13415,26801,79372
13416,27919,79372
13417,5499,79373
13418,1299,79381
13419,1300,79381
13420,1301,79381
13421,8036,79381
13422,13244,79381
13423,12948,79387
13424,12949,79387
13425,6295,79388
13426,22864,79390
13427,19895,79391
13428,8952,79396
13429,12939,79396
13430,247,79404
13431,18662,79410
13432,18662,81368
13433,18959,79411
13434,3304,79412
13435,9708,79412
13436,1302,79414
13437,27445,79415
13438,27513,79415
13439,7135,79416
13440,3487,79417
13441,20411,79417
13442,21763,79417
13443,6343,79418
13444,6463,79419
13445,20413,79420
13446,20415,79420
13447,27464,79421
13448,3713,79422
13449,7342,79422
13450,15174,79422
13451,1539,79423
13452,4777,79423
13453,12082,79424
13454,14047,79424
13455,12957,79430
13456,12958,79430
13457,20822,79431
13458,3191,79432
13459,2870,79442
13460,3524,79443
13461,3561,79443
13462,3562,79443
13463,12960,79445
13464,15963,79447
13465,22409,79450
13466,13087,79459
13467,3162,79461
13468,3163,79461
13469,17788,79462
13470,16825,79463
13471,16826,79463
13472,15242,79465
13473,27298,79465
13474,16818,79468
13475,3497,79470
13476,8817,79470
13477,8818,79470
13478,16241,79470
13479,27370,163770
13480,27426,163770
13481,27425,163770
13482,7508,79484
13483,12998,79490
13484,16834,79492
13485,27390,79493
13486,21751,79494
13487,5693,79497
13488,3943,79498
13489,2399,79506
13490,8816,79507
13491,12969,79508
13492,20908,79510
13493,13390,79512
13494,6953,79513
13495,12940,79515
13496,20829,79515
13497,22058,79515
13498,11876,79516
13499,7859,79517
13500,27260,79525
13501,18869,79526
13502,20351,79530
13503,6242,79534
13504,14477,79538
13505,11881,79540
13506,9707,79542
13507,15219,79543
13508,20833,79545
13509,17722,79547
13510,1308,79549
13511,1403,79549
13512,1620,79549
13513,18599,79549
13514,16212,79553
13515,12971,79558
13516,12184,79559
13517,2877,79565
13518,6217,79566
13519,22039,79577
13520,1003,79578
13521,1004,79578
13522,7546,79578
13523,835,79579
13524,17315,79579
13525,16821,79581
13526,18440,79581
13527,27822,79581
13528,27823,79581
13529,27824,79581
13530,13007,79584
13531,20828,79584
13532,5274,79619
13533,10739,79679
13534,13119,79679
13535,13121,79679
13536,2850,79687
13537,4122,79687
13538,13138,79687
13539,13906,79687
13540,13152,79690
13541,4865,79711
13542,7758,79711
13543,3192,79713
13544,11525,79713
13545,22204,79713
13546,28081,79713
13547,14876,79716
13548,13166,79719
13549,13275,79719
13550,19071,79721
13551,13170,79727
13552,13171,79727
13553,11253,79737
13554,11253,79738
13555,11253,140944
13556,13174,79737
13557,13174,79738
13558,13174,140944
13559,14909,79737
13560,14909,79738
13561,14909,140944
13562,21749,79742
13563,3232,79745
13564,11737,79745
13565,9167,79758
13566,614,79760
13567,1760,79760
13568,7090,79763
13569,13704,79763
13570,9260,79782
13571,9260,81095
13572,14697,79795
13573,18945,79801
13574,12979,79802
13575,13178,79805
13576,16141,79816
13577,16141,118327
13578,17648,79816
13579,17648,118327
13580,22148,79816
13581,22148,118327
13582,10326,79817
13583,10490,79817
13584,11274,79817
13585,16763,79817
13586,6349,79827
13587,17432,79832
13588,3121,79834
13589,3481,79834
13590,3656,79834
13591,13180,79837
13592,7865,79847
13593,18338,80209
13594,4277,80209
13595,13181,79858
13596,7926,79864
13597,178,79869
13598,15948,79875
13599,5433,79890
13600,5964,79890
13601,17632,79890
13602,27507,79890
13603,27654,79890
13604,772,79892
13605,773,79892
13606,15286,79892
13607,18823,79892
13608,837,79896
13609,5455,79896
13610,13188,79896
13611,16335,79904
13612,17798,79905
13613,4384,79906
13614,4384,137625
13615,12189,79906
13616,12189,137625
13617,13228,79906
13618,13228,137625
13619,17051,79906
13620,17051,137625
13621,9945,79908
13622,11272,79908
13623,27788,79918
13624,27796,79921
13625,27830,79921
13626,27831,79921
13627,21905,79922
13628,13192,79929
13629,13192,81102
13630,16399,79929
13631,16399,81102
13632,192,79930
13633,20843,79930
13634,9531,79938
13635,13193,79943
13636,6344,79950
13637,7541,79950
13638,20917,79950
13639,13194,79951
13640,13296,79954
13641,18127,79954
13642,957,79956
13643,12992,79958
13644,16305,79959
13645,1474,80000
13646,5140,80000
13647,15659,80000
13648,9519,80005
13649,13204,80008
13650,6051,80009
13651,4512,80017
13652,1913,80020
13653,18412,80020
13654,13319,80023
13655,13320,80023
13656,299,80025
13657,13795,80025
13658,9182,80033
13659,13205,80033
13660,1718,80034
13661,18091,80034
13662,18242,80034
13663,17945,80040
13664,13012,80041
13665,16346,80047
13666,22156,80047
13667,7077,80056
13668,9592,80057
13669,27551,80060
13670,2452,80061
13671,5362,80061
13672,22219,80061
13673,852,80062
13674,13794,80062
13675,22221,80064
13676,13208,80066
13677,5235,80068
13678,5235,80069
13679,3056,80076
13680,26851,80076
13681,13209,80077
13682,16336,80078
13683,8431,80085
13684,8432,80085
13685,11518,80085
13686,11533,80085
13687,11534,80085
13688,1602,80086
13689,1790,80086
13690,11531,80086
13691,11532,80086
13692,16138,80101
13693,84,80107
13694,5252,80107
13695,25896,80111
13696,22203,80115
13697,27989,80115
13698,8391,80125
13699,10296,80146
13700,11281,80149
13701,6003,80156
13702,6003,134238
13703,13223,80156
13704,13223,134238
13705,13793,80156
13706,13793,134238
13707,28037,80156
13708,28037,134238
13709,15654,80157
13710,20071,80157
13711,25939,80157
13712,13567,80158
13713,13708,80158
13714,5261,80165
13715,10160,80165
13716,27772,80170
13717,15512,80178
13718,20066,80178
13719,17390,80183
13720,22414,80184
13721,13399,80186
13722,4874,80193
13723,14151,80193
13724,14152,80193
13725,14153,80193
13726,21542,80194
13727,26875,80204
13728,26932,80204
13729,9711,80212
13730,6341,80223
13731,13232,80224
13732,6125,80226
13733,11270,80226
13734,14524,80226
13735,16294,80226
13736,20325,80226
13737,6151,80229
13738,13412,80233
13739,13413,80233
13740,27556,80233
13741,11096,80235
13742,21435,80250
13743,859,80255
13744,3436,80255
13745,577,80259
13746,18146,80259
13747,21413,80259
13748,3378,80266
13749,9535,80271
13750,9536,80271
13751,9985,80271
13752,789,80272
13753,8040,80272
13754,6171,80274
13755,13245,80274
13756,22277,80275
13757,5184,80281
13758,15795,80281
13759,15835,80281
13760,8027,80283
13761,8028,80283
13762,8029,80283
13763,8030,80283
13764,13394,80284
13765,14517,80293
13766,9625,80295
13767,7890,80297
13768,18777,80297
13769,9913,80298
13770,13240,80298
13771,13241,80298
13772,3752,80305
13773,3272,80307
13774,19818,80308
13775,19819,80308
13776,3489,80310
13777,9675,80312
13778,19842,80322
13779,3453,80325
13780,14144,80325
13781,14145,80325
13782,7341,80334
13783,15332,80336
13784,15149,80338
13785,15702,80338
13786,21491,80338
13787,1307,80340
13788,13055,80340
13789,20530,80340
13790,22159,80340
13791,1297,80342
13792,1887,80342
13793,1888,80342
13794,10161,80342
13795,14471,80344
13796,14471,114057
13797,18483,80344
13798,18483,114057
13799,22223,80344
13800,22223,114057
13801,17695,80344
13802,17695,114057
13803,16682,80344
13804,16682,114057
13805,1146,80350
13806,22142,80350
13807,28076,80363
13808,28077,80363
13809,28078,80363
13810,28079,80363
13811,19892,80366
13812,25892,80367
13813,25895,80374
13814,10027,80376
13815,21490,80376
13816,9563,80379
13817,10365,80379
13818,847,80382
13819,8896,80382
13820,5326,80384
13821,27744,80386
13822,12980,80388
13823,13257,80388
13824,13258,80388
13825,13259,80388
13826,1689,80396
13827,334,80406
13828,2454,80406
13829,13165,80406
13830,17290,80406
13831,21448,80406
13832,21459,80406
13833,79,80411
13834,9470,80414
13835,407,80415
13836,408,80415
13837,6233,80419
13838,17242,80425
13839,8374,80426
13840,13263,80436
13841,9390,80438
13842,13264,80438
13843,13265,80438
13844,13266,80438
13845,13563,80444
13846,17093,80444
13847,10100,80448
13848,958,80456
13849,20301,80456
13850,13356,80465
13851,1722,80466
13852,8302,80474
13853,13033,80474
13854,27634,80476
13855,13277,80493
13856,8825,80496
13857,22483,80496
13858,17000,80498
13859,20288,80498
13860,690,80501
13861,9778,80501
13862,10986,80503
13863,1942,80504
13864,9551,80504
13865,14868,80507
13866,14868,90532
13867,17803,80507
13868,17803,90532
13869,19719,80507
13870,19719,90532
13871,18839,80507
13872,18839,90532
13873,11928,80510
13874,11929,80510
13875,9212,80511
13876,13392,80511
13877,3281,80512
13878,13256,80512
13879,244,80513
13880,4995,80513
13881,824,80516
13882,8689,80516
13883,20454,80517
13884,7940,80526
13885,12649,80527
13886,12650,80527
13887,12651,80527
13888,604,80535
13889,16549,80551
13890,12988,80552
13891,12989,80552
13892,12088,80553
13893,13148,80557
13894,13189,80561
13895,13190,80561
13896,13191,80561
13897,13291,80561
13898,1810,80564
13899,13236,80564
13900,1882,80565
13901,12982,80565
13902,26794,80565
13903,25786,80568
13904,6085,80586
13905,11132,80586
13906,1648,80589
13907,1648,80590
13908,8088,80589
13909,8088,80590
13910,12975,80589
13911,12975,80590
13912,16233,80592
13913,20787,80592
13914,13329,80598
13915,7939,80599
13916,11271,80599
13917,2028,80600
13918,17404,80601
13919,17404,80602
13920,14800,80601
13921,14800,80602
13922,18194,80606
13923,25877,80606
13924,9365,80607
13925,6272,80610
13926,18485,80688
13927,1488,80689
13928,9647,80689
13929,26971,80689
13930,27491,80689
13931,9980,80728
13932,4,80729
13933,20250,80730
13934,22269,80730
13935,6164,80733
13936,16765,80734
13937,26790,80737
13938,5227,80742
13939,9676,80742
13940,37,80744
13941,38,80744
13942,5593,80747
13943,6006,80747
13944,13197,80747
13945,3737,80756
13946,7959,80756
13947,12995,80758
13948,517,80759
13949,6317,80759
13950,21498,80761
13951,9612,80763
13952,1133,80766
13953,1073,80775
13954,20906,80775
13955,9810,80783
13956,11393,80783
13957,13303,80783
13958,18406,80784
13959,107,80793
13960,2969,80793
13961,10078,80794
13962,20338,80794
13963,22462,80794
13964,9532,80806
13965,9532,100625
13966,13476,80806
13967,13476,100625
13968,22179,80806
13969,22179,100625
13970,9533,80806
13971,9533,100625
13972,8889,80810
13973,15495,80810
13974,9972,80811
13975,9973,80811
13976,14178,80812
13977,14179,80812
13978,14180,80812
13979,14181,80812
13980,14182,80812
13981,16510,80813
13982,19806,80815
13983,13198,80816
13984,13199,80816
13985,3253,80817
13986,14147,80817
13987,10279,80818
13988,10281,80818
13989,582,80819
13990,1824,80819
13991,10267,80819
13992,6603,80820
13993,4724,80821
13994,17097,80821
13995,1041,80824
13996,1042,80824
13997,27793,80838
13998,27793,80958
13999,27795,80838
14000,27795,80958
14001,22241,80839
14002,9092,80843
14003,27238,80843
14004,8139,80854
14005,27443,80854
14006,8140,80858
14007,8141,80858
14008,3207,80859
14009,27535,80859
14010,2781,80861
14011,8878,80861
14012,27169,80869
14013,27169,80870
14014,22855,163485
14015,13425,80875
14016,13533,80875
14017,20289,80875
14018,250,80878
14019,5523,80878
14020,6992,80878
14021,8981,80878
14022,9926,80878
14023,21836,80878
14024,9710,80880
14025,13478,80884
14026,13974,80884
14027,14907,80884
14028,13006,80885
14029,18272,80894
14030,19141,80894
14031,2467,80903
14032,8299,80903
14033,8105,80904
14034,22358,80905
14035,22364,80905
14036,13672,80911
14037,7082,80916
14038,7778,80924
14039,7778,84591
14040,7779,80924
14041,7779,84591
14042,7780,80924
14043,7780,84591
14044,13931,80924
14045,13931,84591
14046,22386,80933
14047,3110,80945
14048,17895,80945
14049,22259,80947
14050,9192,80953
14051,10122,80953
14052,22149,80953
14053,27210,80953
14054,1432,80954
14055,8995,80954
14056,17236,80954
14057,20638,80954
14058,6589,80966
14059,6590,80966
14060,14150,80966
14061,14429,80966
14062,15407,80974
14063,872,80975
14064,7709,80975
14065,1271,80977
14066,12168,80977
14067,17096,80977
14068,649,80981
14069,10166,80981
14070,11280,80981
14071,13741,80981
14072,17230,80982
14073,1467,80983
14074,6289,80989
14075,13330,80995
14076,13011,80996
14077,14646,80996
14078,19025,80996
14079,15653,81003
14080,25816,81004
14081,27856,81005
14082,8150,81013
14083,11173,81013
14084,2881,81014
14085,2881,81015
14086,13334,81014
14087,13334,81015
14088,2642,81017
14089,3223,81017
14090,22183,81017
14091,26846,81017
14092,22272,81018
14093,723,81019
14094,724,81019
14095,22314,81023
14096,9428,81025
14097,391,81029
14098,391,81030
14099,391,81031
14100,392,81029
14101,392,81030
14102,392,81031
14103,1747,81029
14104,1747,81030
14105,1747,81031
14106,1257,81029
14107,1257,81030
14108,1257,81031
14109,928,81032
14110,12424,81032
14111,17901,81032
14112,8777,81035
14113,21866,81035
14114,3247,81039
14115,3835,81039
14116,11550,81039
14117,7950,81041
14118,13340,81041
14119,20579,81041
14120,14310,81042
14121,14310,81043
14122,14869,81042
14123,14869,81043
14124,15172,81042
14125,15172,81043
14126,15351,81042
14127,15351,81043
14128,21839,81042
14129,21839,81043
14130,27364,81042
14131,27364,81043
14132,27949,81042
14133,27949,81043
14134,13341,81047
14135,18042,81047
14136,13344,81070
14137,13344,81444
14138,13345,81070
14139,13345,81444
14140,3709,81071
14141,7267,81071
14142,10864,81071
14143,16135,81071
14144,13350,81081
14145,16810,81081
14146,3254,81083
14147,9386,81083
14148,20291,81083
14149,5103,81098
14150,2481,81104
14151,6457,81107
14152,21961,81112
14153,13357,81115
14154,6015,81118
14155,16323,81118
14156,16764,81118
14157,13806,81119
14158,17541,81119
14159,3861,81123
14160,1635,81126
14161,27096,81126
14162,27113,81126
14163,7499,81127
14164,3226,81129
14165,3781,81130
14166,19721,81130
14167,25932,81130
14168,9474,81131
14169,21610,81132
14170,23647,81133
14171,23647,176241
14172,16442,81144
14173,13261,81145
14174,26931,81149
14175,3087,81150
14176,3419,81150
14177,3420,81150
14178,11125,81150
14179,1399,81151
14180,3414,81151
14181,8924,81151
14182,1334,81165
14183,3731,81167
14184,27686,81167
14185,27905,81167
14186,27906,81167
14187,7495,81168
14188,492,81172
14189,14402,81172
14190,13370,81173
14191,13371,81173
14192,15844,81187
14193,8989,81188
14194,8990,81188
14195,8991,81188
14196,20522,81190
14197,18659,81191
14198,18660,81191
14199,18811,81191
14200,13702,81200
14201,13374,81204
14202,13375,81204
14203,14053,81204
14204,13377,81207
14205,13377,81208
14206,13378,81207
14207,13378,81208
14208,12876,81209
14209,12223,81213
14210,13501,81224
14211,13501,88021
14212,13500,81224
14213,13500,88021
14214,13164,81225
14215,13381,81229
14216,17217,81230
14217,20030,81230
14218,1255,81232
14219,1255,109942
14220,13382,81242
14221,13383,81242
14222,23010,81243
14223,846,81246
14224,2839,81266
14225,4727,81267
14226,22323,81268
14227,14716,81269
14228,14716,90597
14229,25911,81269
14230,25911,90597
14231,21417,81270
14232,17147,81278
14233,13117,81280
14234,146,81285
14235,22224,81285
14236,418,81294
14237,647,81299
14238,648,81299
14239,9008,81299
14240,18744,81299
14241,5454,81300
14242,13024,81300
14243,4996,81302
14244,14306,81306
14245,14306,136806
14246,13861,81306
14247,13861,136806
14248,5974,81309
14249,13396,81309
14250,2458,81314
14251,2458,84544
14252,2459,81314
14253,2459,84544
14254,1459,81316
14255,1460,81316
14256,1694,81316
14257,13379,81318
14258,13379,81325
14259,13380,81318
14260,13380,81325
14261,16797,81321
14262,16797,107831
14263,16797,107833
14264,11373,81326
14265,13397,81326
14266,27396,81326
14267,13688,81332
14268,13690,81332
14269,27399,81333
14270,20907,81334
14271,20907,137273
14272,2847,81338
14273,3444,81338
14274,7728,81338
14275,13355,81349
14276,16021,81349
14277,1719,81350
14278,16055,81350
14279,16471,81350
14280,18336,81350
14281,13352,81351
14282,13353,81351
14283,18213,81352
14284,19925,81367
14285,22452,81367
14286,27483,81367
14287,12475,81383
14288,14670,81383
14289,16749,81390
14290,1588,81397
14291,15680,81404
14292,9364,81405
14293,16954,81405
14294,13301,81412
14295,27931,81415
14296,27167,81416
14297,533,81417
14298,6762,81417
14299,14476,81418
14300,7344,81419
14301,2888,81422
14302,8715,81423
14303,18459,81425
14304,1499,81427
14305,27397,81431
14306,27478,81431
14307,8407,81433
14308,22322,81436
14309,13031,81445
14310,6198,81451
14311,2479,81454
14312,17583,81454
14313,7769,81483
14314,8645,81483
14315,3721,81500
14316,13421,81500
14317,9257,81504
14318,21425,81504
14319,27497,81504
14320,13788,81505
14321,5820,81511
14322,13176,81511
14323,25927,81511
14324,25942,81511
14325,2853,81517
14326,12562,81517
14327,20354,81519
14328,20354,81521
14329,1903,81526
14330,5130,81526
14331,22333,81526
14332,13662,81528
14333,13401,81538
14334,20844,81540
14335,20845,81540
14336,25910,81540
14337,28030,81541
14338,21486,81552
14339,27064,81552
14340,13127,81572
14341,21463,81632
14342,13435,81633
14343,9871,81644
14344,14789,81644
14345,11441,81645
14346,14107,81645
14347,16131,81645
14348,16759,81645
14349,5298,81647
14350,5299,81647
14351,6199,81647
14352,14901,81647
14353,6310,81648
14354,13970,81649
14355,13970,85004
14356,15524,81649
14357,15524,85004
14358,28074,81649
14359,28074,85004
14360,5042,81665
14361,7785,81665
14362,17266,81665
14363,27327,81665
14364,11625,81694
14365,6701,81698
14366,8570,81698
14367,13449,81698
14368,13450,81698
14369,12114,81718
14370,21981,81718
14371,1990,81727
14372,12713,81739
14373,5377,81745
14374,11735,81745
14375,17127,81745
14376,17146,81745
14377,20511,81745
14378,13460,81747
14379,13460,147599
14380,17581,81747
14381,17581,147599
14382,11419,81755
14383,16392,81756
14384,19114,81758
14385,19114,113294
14386,19115,81758
14387,23903,81770
14388,16896,81794
14389,16897,81794
14390,27563,81794
14391,4769,81796
14392,27925,81799
14393,19068,81800
14394,27030,81800
14395,2470,81812
14396,10071,81818
14397,10130,81818
14398,1132,81819
14399,22153,81819
14400,14369,81828
14401,1526,81840
14402,10041,81840
14403,15697,81840
14404,8688,81851
14405,17262,81851
14406,21457,81851
14407,22285,81857
14408,5427,81862
14409,13284,81862
14410,9267,81871
14411,6135,81882
14412,13046,81882
14413,13047,81882
14414,2145,81884
14415,2145,86755
14416,3612,81884
14417,3612,86755
14418,22308,81884
14419,22308,86755
14420,539,81886
14421,1486,81886
14422,15304,81886
14423,15317,81886
14424,16680,81886
14425,27742,81887
14426,9702,81891
14427,9702,155714
14428,15695,81891
14429,15695,155714
14430,22018,81891
14431,22018,155714
14432,2013,81893
14433,2115,81893
14434,2116,81893
14435,20090,81897
14436,25954,81899
14437,14083,81900
14438,22119,81901
14439,358,81902
14440,9058,81902
14441,16743,81902
14442,7749,81904
14443,10392,81910
14444,27334,81910
14445,935,81913
14446,936,81913
14447,1863,81913
14448,21354,81913
14449,9324,81915
14450,9325,81915
14451,27308,81915
14452,9682,81928
14453,9683,81928
14454,10148,81931
14455,20631,81932
14456,16057,81944
14457,21854,81949
14458,21854,84616
14459,5460,81952
14460,25909,81952
14461,9138,81957
14462,11522,81957
14463,25695,81957
14464,3749,81962
14465,13497,81962
14466,27431,81962
14467,13498,81963
14468,10108,81982
14469,17166,81982
14470,7301,81984
14471,5186,82019
14472,8072,82019
14473,13464,82019
14474,13799,82019
14475,8774,82021
14476,27530,82021
14477,2358,82022
14478,21852,82022
14479,1446,82031
14480,10181,82031
14481,12154,82031
14482,27174,82031
14483,28022,82031
14484,4391,82033
14485,12078,82034
14486,27493,82050
14487,524,82058
14488,5107,82063
14489,8108,82063
14490,5153,82064
14491,20487,82064
14492,9208,82065
14493,9208,139405
14494,8736,82065
14495,8736,139405
14496,2632,82091
14497,22338,82091
14498,22339,82091
14499,19783,82092
14500,19783,153948
14501,27372,82092
14502,27372,153948
14503,8307,82096
14504,20095,82096
14505,9819,82100
14506,25950,82100
14507,4765,82110
14508,5653,82110
14509,13505,82117
14510,3843,82118
14511,5164,82118
14512,13506,82118
14513,13507,82118
14514,13508,82118
14515,13509,82118
14516,13510,82118
14517,17413,82118
14518,15763,82119
14519,22161,82121
14520,27930,82121
14521,5061,82170
14522,13775,82185
14523,14045,82186
14524,14230,82186
14525,19557,82186
14526,362,82191
14527,15522,82191
14528,399,82208
14529,21792,82223
14530,11358,82228
14531,8219,82234
14532,14468,82256
14533,16762,82256
14534,21144,82260
14535,7669,82308
14536,13056,82308
14537,13528,82308
14538,3443,82317
14539,693,82318
14540,20082,82319
14541,977,82322
14542,17760,82322
14543,12361,82329
14544,8649,82336
14545,14171,82343
14546,6298,82345
14547,1610,82346
14548,20751,82347
14549,27388,82352
14550,27786,82354
14551,27787,82354
14552,7085,82355
14553,13224,82355
14554,3671,82356
14555,19064,82356
14556,27791,82356
14557,13538,82358
14558,13071,82363
14559,27407,82363
14560,10436,82365
14561,25923,82374
14562,25923,82375
14563,13583,82377
14564,5500,82381
14565,27269,82384
14566,7089,82386
14567,675,82396
14568,5330,82396
14569,13595,82398
14570,13227,82399
14571,9583,82402
14572,13248,82408
14573,20252,82408
14574,27101,82410
14575,1412,82414
14576,13529,82414
14577,13611,82414
14578,27468,82414
14579,16848,82418
14580,16150,82422
14581,7086,82424
14582,21997,82424
14583,26964,82424
14584,17137,82426
14585,13539,82439
14586,15845,82440
14587,21899,82441
14588,10803,82443
14589,27461,82443
14590,21791,82451
14591,5068,82454
14592,13769,82455
14593,26845,82455
14594,27451,82455
14595,27457,82455
14596,5285,82456
14597,27180,82456
14598,3529,82457
14599,4264,82457
14600,8408,82457
14601,16194,82464
14602,13058,82466
14603,3266,82469
14604,20020,82469
14605,20021,82469
14606,3268,82472
14607,20073,82475
14608,20074,82475
14609,20075,82475
14610,3442,82487
14611,16727,82487
14612,27038,82487
14613,634,82495
14614,6854,82495
14615,2308,82496
14616,15030,82504
14617,13559,82505
14618,8103,82511
14619,6456,82512
14620,13100,82512
14621,27379,82512
14622,6588,82514
14623,22449,82516
14624,5724,82518
14625,6121,82518
14626,8583,82518
14627,27501,82520
14628,26843,82527
14629,13535,82528
14630,2835,82530
14631,8585,82532
14632,11241,82534
14633,25946,82543
14634,27494,82543
14635,19737,82545
14636,15335,82546
14637,14096,82550
14638,10893,82554
14639,17372,82554
14640,20027,82573
14641,1325,82591
14642,20420,82595
14643,5195,82597
14644,2129,82608
14645,6236,82624
14646,6237,82624
14647,6238,82624
14648,27004,82624
14649,17552,82628
14650,3250,82629
14651,8098,82629
14652,8099,82629
14653,7646,82645
14654,7647,82645
14655,7648,82645
14656,13573,82647
14657,27466,82647
14658,13575,82651
14659,4437,82654
14660,13576,82655
14661,2887,82665
14662,2887,155812
14663,12463,82665
14664,12463,155812
14665,20867,82667
14666,17759,82668
14667,13064,82669
14668,307,82671
14669,20554,82672
14670,1217,82676
14671,14021,82676
14672,5780,82677
14673,17846,82679
14674,17848,82679
14675,17849,82679
14676,5197,82680
14677,6251,82686
14678,13580,82687
14679,14016,82687
14680,14017,82687
14681,7210,82693
14682,13625,82693
14683,16836,82694
14684,13581,82710
14685,12635,82712
14686,12635,137349
14687,20583,82712
14688,20583,137349
14689,4166,82713
14690,16827,82714
14691,17148,82719
14692,13858,82720
14693,14915,82722
14694,27882,82722
14695,6855,82723
14696,6855,153956
14697,9610,82723
14698,9610,153956
14699,25710,82723
14700,25710,153956
14701,20582,82725
14702,5325,82727
14703,28017,82733
14704,28018,82733
14705,20151,82738
14706,10461,82744
14707,7545,82749
14708,8590,82750
14709,20258,82751
14710,20259,82751
14711,27416,82752
14712,22252,82753
14713,1673,82754
14714,20886,82755
14715,27998,82755
14716,27265,82756
14717,27003,82757
14718,3518,82759
14719,16174,82759
14720,16175,82759
14721,13629,82763
14722,6412,82766
14723,17794,82768
14724,1068,82775
14725,8972,82776
14726,12961,82779
14727,5198,82784
14728,10807,82786
14729,27454,82786
14730,13599,82787
14731,9603,82788
14732,9604,82788
14733,9605,82788
14734,9606,82788
14735,5676,82789
14736,6292,82790
14737,6853,82790
14738,11700,82790
14739,13548,82791
14740,20276,82791
14741,12465,82793
14742,13600,82794
14743,7084,82797
14744,27381,82799
14745,27402,82799
14746,18667,114833
14747,18663,82800
14748,18663,114833
14749,20419,82806
14750,25935,82807
14751,19841,82811
14752,1349,82812
14753,27778,82819
14754,17677,82821
14755,13610,82823
14756,25707,82826
14757,22000,82829
14758,7202,82830
14759,7478,82830
14760,10012,82833
14761,27017,82835
14762,27900,82835
14763,27901,82835
14764,20537,82837
14765,13226,82840
14766,3653,82851
14767,3653,82852
14768,13619,82851
14769,13619,82852
14770,13620,82851
14771,13620,82852
14772,21073,82851
14773,21073,82852
14774,7509,82853
14775,8785,82855
14776,7442,82856
14777,17927,82857
14778,18054,82859
14779,26008,82859
14780,27187,82859
14781,7823,82861
14782,20838,82861
14783,1214,82872
14784,5080,82872
14785,27632,82872
14786,25903,82885
14787,4891,82887
14788,2876,82888
14789,13553,82894
14790,21994,82898
14791,4617,82899
14792,4717,82901
14793,27511,82915
14794,7160,82920
14795,24114,82940
14796,24115,82940
14797,6486,82945
14798,1206,82947
14799,19636,82947
14800,21801,82947
14801,24146,82960
14802,4780,82972
14803,10450,82972
14804,7893,82985
14805,15752,82994
14806,14342,83054
14807,1310,83059
14808,1358,83059
14809,4504,83059
14810,5417,83059
14811,22422,83059
14812,5945,83099
14813,12128,83099
14814,12484,83099
14815,17777,83099
14816,19125,83099
14817,2852,83099
14818,11754,83100
14819,14195,103064
14820,19520,103064
14821,2278,83101
14822,2278,98517
14823,1660,83128
14824,6755,83128
14825,19204,83128
14826,5876,83133
14827,13428,83163
14828,22334,83163
14829,9634,83168
14830,14816,83168
14831,27459,83169
14832,27460,83169
14833,13084,83170
14834,5584,83178
14835,8773,83179
14836,10158,83181
14837,13655,83181
14838,13755,83192
14839,13554,83199
14840,27037,83203
14841,2942,83205
14842,4104,83215
14843,11158,83216
14844,21359,83216
14845,13568,83217
14846,13667,83217
14847,13666,83218
14848,13668,83218
14849,22451,83232
14850,2146,83236
14851,13608,83239
14852,13609,83239
14853,4248,83242
14854,27498,83242
14855,6566,83244
14856,7248,83244
14857,7727,83248
14858,14543,83256
14859,4604,83261
14860,205,83269
14861,5029,83270
14862,7753,83270
14863,16820,83270
14864,26050,83280
14865,11893,83288
14866,20836,83307
14867,17408,83310
14868,20915,83311
14869,12937,83314
14870,8412,83316
14871,25777,83326
14872,13295,83327
14873,13295,138181
14874,13661,83332
14875,17421,83332
14876,17422,83332
14877,11732,83341
14878,20047,83343
14879,10438,83354
14880,27871,83360
14881,15679,83362
14882,1219,83363
14883,12634,83364
14884,22253,83366
14885,13591,83368
14886,10306,83370
14887,13837,83370
14888,7227,83373
14889,17425,83374
14890,23457,83381
14891,13627,83383
14892,27138,83389
14893,27138,83390
14894,7230,83392
14895,11307,83401
14896,20862,83404
14897,13669,83412
14898,7542,83416
14899,13701,83432
14900,21829,83432
14901,1787,83441
14902,17011,83441
14903,17012,83441
14904,1681,83446
14905,13373,83446
14906,7824,83447
14907,11315,83447
14908,27320,83447
14909,25704,83448
14910,18949,83451
14911,7725,83452
14912,20866,83452
14913,16393,83453
14914,579,83456
14915,4640,83462
14916,4641,83462
14917,13360,83467
14918,11780,83476
14919,11883,83479
14920,19924,83479
14921,27923,83489
14922,27923,83492
14923,5635,83491
14924,27892,83491
14925,11454,83494
14926,631,83495
14927,22396,83497
14928,10794,83503
14929,5633,83511
14930,22103,83514
14931,25853,83516
14932,18433,83520
14933,2867,83521
14934,4400,83527
14935,4967,83533
14936,21786,83536
14937,1347,83538
14938,27839,83548
14939,8409,83550
14940,27843,83552
14941,2790,83557
14942,5637,83557
14943,27233,83557
14944,7098,83559
14945,27832,83562
14946,13066,83563
14947,27010,83563
14948,7440,83564
14949,11572,83566
14950,25984,83568
14951,26884,83568
14952,19846,83573
14953,589,83584
14954,25918,83584
14955,10924,83589
14956,25947,83589
14957,13714,83595
14958,13715,83595
14959,19845,83600
14960,9547,83604
14961,8035,83608
14962,13723,83613
14963,26128,83648
14964,26451,83648
14965,11877,83669
14966,537,83676
14967,18981,83676
14968,781,83677
14969,8087,83679
14970,9378,83679
14971,14890,83683
14972,14891,83683
14973,42,83695
14974,42,83697
14975,42,198197
14976,10629,83695
14977,10629,83697
14978,10629,198197
14979,4360,83700
14980,27444,83700
14981,26466,83706
14982,26470,83706
14983,4812,83710
14984,11843,83710
14985,9087,83718
14986,9724,83718
14987,9725,83718
14988,20904,83718
14989,26834,83718
14990,7243,83725
14991,18626,83773
14992,13894,83816
14993,21432,83816
14994,1360,83826
14995,10146,83826
14996,1825,83905
14997,14110,83905
14998,21461,83905
14999,27145,83908
15000,27145,88539
15001,17162,83908
15002,17162,88539
15003,17161,83908
15004,17161,88539
15005,10996,83909
15006,12363,83913
15007,5469,83916
15008,14504,83916
15009,3955,83920
15010,12284,83923
15011,14829,83923
15012,17480,83923
15013,18471,83938
15014,18471,106600
15015,18472,83938
15016,18472,106600
15017,21571,83951
15018,21571,89552
15019,21571,200349
15020,1246,83969
15021,1247,83969
15022,12603,83969
15023,3322,83970
15024,10631,83970
15025,12387,83971
15026,12454,83971
15027,12540,83971
15028,21573,83971
15029,12178,83980
15030,7858,83981
15031,21010,83981
15032,25811,83989
15033,6545,83998
15034,3197,84012
15035,3198,84012
15036,4402,84012
15037,21810,84012
15038,3193,84013
15039,3194,84013
15040,3195,84013
15041,3196,84013
15042,13077,84013
15043,5587,84016
15044,9845,84017
15045,17274,84017
15046,22346,84017
15047,21184,84040
15048,26459,84041
15049,19321,84049
15050,14760,84050
15051,13852,84079
15052,8044,84087
15053,8044,84096
15054,9906,84087
15055,9906,84096
15056,17931,84087
15057,17931,84096
15058,2833,84093
15059,11440,84114
15060,27311,84117
15061,3298,84133
15062,7622,84133
15063,9287,84139
15064,24,84148
15065,2410,84148
15066,15931,84166
15067,15932,84166
15068,7853,84187
15069,19740,84187
15070,24714,84187
15071,13830,84222
15072,14329,84222
15073,19937,84222
15074,26791,84222
15075,7020,84244
15076,12418,84245
15077,14657,84245
15078,23430,84246
15079,23431,84246
15080,25552,84246
15081,25553,84246
15082,25554,84246
15083,5847,84284
15084,16465,84284
15085,27658,84285
15086,27659,84285
15087,222,84288
15088,222,131936
15089,5467,84288
15090,5467,131936
15091,16632,84288
15092,16632,131936
15093,10131,84301
15094,14406,84310
15095,20119,84310
15096,1370,84315
15097,13862,84315
15098,15294,84315
15099,7128,84318
15100,12993,84318
15101,11273,84325
15102,2019,84333
15103,2019,195249
15104,6019,84333
15105,6019,195249
15106,22369,84338
15107,13147,84348
15108,10043,84349
15109,10044,84349
15110,13873,84352
15111,14570,84352
15112,13876,84354
15113,13876,84599
15114,14931,84354
15115,14931,84599
15116,575,198339
15117,1192,84362
15118,1193,84362
15119,1327,84362
15120,1800,84362
15121,10188,84362
15122,12087,84362
15123,18319,84362
15124,2892,84366
15125,13014,84369
15126,13879,84369
15127,13134,84375
15128,16218,84375
15129,27001,84378
15130,3119,84380
15131,27440,84380
15132,10717,84382
15133,10719,84382
15134,27847,84383
15135,13781,84389
15136,21873,84389
15137,1453,84391
15138,13144,84391
15139,13145,84391
15140,394,84393
15141,7152,84393
15142,13884,84394
15143,13136,84399
15144,22460,84399
15145,8928,84404
15146,13872,84422
15147,981,84425
15148,14516,84433
15149,9001,84438
15150,10506,84440
15151,13430,84440
15152,9397,84443
15153,9397,84444
15154,9397,84445
15155,22312,84443
15156,22312,84444
15157,22312,84445
15158,2286,84447
15159,20251,84447
15160,21535,84447
15161,9351,84454
15162,10098,84454
15163,13867,84454
15164,14115,84454
15165,22244,84454
15166,6190,84459
15167,6998,84494
15168,11168,84494
15169,4949,84505
15170,17280,84505
15171,21545,84505
15172,1490,84506
15173,8240,84506
15174,21870,84518
15175,2038,84524
15176,11759,84528
15177,11760,84528
15178,11761,84528
15179,11762,84528
15180,11763,84528
15181,11764,84528
15182,15305,84528
15183,934,84540
15184,11043,84540
15185,10868,84551
15186,22195,84551
15187,1316,84554
15188,6073,84554
15189,15243,84554
15190,3672,84557
15191,4191,84557
15192,4192,84557
15193,8217,84558
15194,13816,84564
15195,13817,84564
15196,13818,84564
15197,4788,84565
15198,28041,84578
15199,5542,84601
15200,7941,84601
15201,17037,84601
15202,126,84617
15203,5656,84618
15204,7313,84629
15205,19105,84629
15206,13409,84632
15207,27060,84642
15208,248,84773
15209,7368,84774
15210,9015,84774
15211,918,84789
15212,13155,84789
15213,27714,84789
15214,2825,84790
15215,7231,84790
15216,22326,84813
15217,22327,84813
15218,22328,84813
15219,876,84814
15220,14877,84814
15221,15261,84815
15222,7328,84819
15223,13269,84819
15224,1902,84823
15225,21418,84823
15226,10127,84824
15227,15945,84824
15228,6241,84825
15229,8550,84827
15230,14597,84827
15231,14437,84828
15232,21208,84828
15233,7501,84837
15234,13966,84840
15235,16215,84840
15236,17619,84840
15237,4977,84851
15238,4977,96470
15239,4977,96471
15240,13969,84852
15241,13969,84932
15242,15565,84852
15243,15565,84932
15244,13968,84852
15245,13968,84932
15246,4758,84854
15247,13967,84854
15248,22430,84860
15249,138,84867
15250,138,84868
15251,138,95232
15252,26832,84867
15253,26832,84868
15254,26832,95232
15255,15577,84936
15256,27292,84936
15257,808,84939
15258,1777,84939
15259,7174,84939
15260,2415,84940
15261,2415,96472
15262,8113,84940
15263,8113,96472
15264,2090,84940
15265,2090,96472
15266,3160,84940
15267,3160,96472
15268,20591,84940
15269,20591,96472
15270,2171,84940
15271,2171,96472
15272,13978,84947
15273,13978,84949
15274,13979,84951
15275,3440,84959
15276,3440,84961
15277,3536,84959
15278,3536,84961
15279,7985,84959
15280,7985,84961
15281,1566,84959
15282,1566,84961
15283,13980,84975
15284,15497,84975
15285,1320,84987
15286,4922,84991
15287,4923,84991
15288,10356,84991
15289,939,84998
15290,940,84998
15291,1379,84998
15292,2033,84998
15293,13987,85011
15294,13987,85112
15295,17550,85011
15296,17550,85112
15297,13157,85011
15298,13157,85112
15299,5211,85011
15300,5211,85112
15301,15580,85012
15302,15580,147420
15303,14976,85012
15304,14976,147420
15305,15895,85014
15306,15895,85114
15307,13989,85014
15308,13989,85114
15309,6226,85016
15310,8856,85016
15311,8857,85016
15312,9502,85016
15313,15581,85020
15314,13115,85025
15315,13985,85025
15316,9719,85035
15317,9719,96477
15318,1417,85035
15319,1417,96477
15320,1418,85035
15321,1418,96477
15322,22055,85052
15323,1899,85053
15324,18151,85053
15325,18288,85053
15326,17629,85069
15327,2733,85070
15328,13988,85070
15329,5160,85088
15330,8242,85088
15331,9069,85088
15332,15548,85106
15333,15548,147617
15334,13995,85106
15335,13995,147617
15336,17615,85106
15337,17615,147617
15338,13994,85106
15339,13994,147617
15340,4818,85139
15341,27878,85162
15342,21603,85191
15343,21603,131311
15344,21603,152476
15345,21603,153538
15346,819,85191
15347,819,131311
15348,819,153538
15349,19311,85191
15350,19311,131311
15351,19311,153538
15352,21913,85203
15353,14007,85214
15354,14008,85225
15355,17969,85227
15356,17970,85227
15357,13783,85228
15358,9660,85232
15359,27141,85233
15360,27142,85233
15361,27143,85233
15362,8306,85238
15363,17245,85241
15364,14014,85265
15365,13557,85269
15366,16084,85269
15367,13624,85277
15368,6219,85279
15369,22392,85279
15370,12996,85280
15371,12997,85280
15372,12539,85288
15373,12950,85288
15374,12951,85288
15375,6494,85324
15376,14061,85330
15377,14257,85330
15378,7643,85332
15379,11772,85332
15380,3356,85409
15381,1149,85457
15382,3388,85457
15383,6796,85457
15384,10484,85457
15385,25105,193351
15386,3630,85553
15387,4453,85557
15388,10366,85557
15389,10367,85557
15390,11356,85557
15391,17878,85557
15392,27129,85558
15393,18191,85559
15394,27330,85562
15395,10663,85564
15396,1764,85572
15397,10662,85578
15398,20585,85585
15399,6488,85598
15400,8287,85598
15401,19263,85598
15402,14028,85607
15403,6509,85604
15404,6510,85604
15405,14174,85608
15406,13097,85613
15407,14177,85650
15408,1772,85653
15409,6348,85653
15410,9237,85677
15411,16999,85677
15412,14029,85678
15413,17178,85678
15414,24815,85684
15415,24539,85684
15416,19182,85685
15417,19145,85737
15418,19958,85737
15419,13944,85748
15420,13945,85748
15421,5942,85775
15422,8116,85775
15423,16387,85775
15424,21793,85776
15425,1078,85798
15426,1078,200479
15427,2014,85798
15428,2014,200479
15429,6203,85853
15430,7057,85853
15431,14203,85853
15432,26987,85853
15433,14040,85885
15434,14040,147582
15435,27070,85885
15436,27070,147582
15437,5259,85892
15438,5260,85892
15439,4569,85905
15440,15397,85906
15441,15398,85906
15442,2727,85908
15443,2447,85908
15444,4183,85930
15445,4227,85930
15446,8056,85930
15447,8741,85930
15448,11741,85930
15449,11742,85930
15450,10605,85937
15451,11621,85937
15452,25618,85937
15453,11505,85940
15454,21064,85940
15455,19634,85963
15456,21942,85969
15457,14084,85972
15458,14226,85972
15459,14227,85972
15460,6978,85981
15461,2622,193460
15462,4029,193460
15463,24900,193460
15464,6758,85989
15465,21200,85991
15466,14231,85993
15467,11124,86025
15468,11425,86025
15469,3640,86028
15470,5384,86030
15471,5410,86030
15472,8531,86030
15473,20058,86183
15474,13150,86227
15475,4807,86230
15476,19130,107187
15477,19129,107187
15478,21946,86232
15479,18275,109820
15480,18282,109820
15481,18283,109820
15482,16248,86260
15483,19254,86261
15484,1429,86265
15485,24358,86274
15486,24359,86274
15487,24360,86274
15488,2304,86288
15489,23087,86289
15490,23289,86289
15491,23733,86289
15492,18948,86301
15493,4509,86303
15494,7163,86307
15495,10228,86350
15496,7839,86365
15497,19506,86365
15498,24409,86368
15499,24409,142092
15500,26099,86371
15501,21272,86373
15502,15187,86377
15503,13787,86409
15504,5076,86410
15505,5303,86424
15506,14052,86424
15507,14252,86424
15508,2478,86425
15509,17977,86425
15510,22157,86425
15511,27021,86425
15512,143,86447
15513,21054,86447
15514,21153,86447
15515,1392,86451
15516,11108,86451
15517,25959,86451
15518,4188,86463
15519,4598,86463
15520,4273,86474
15521,16151,86474
15522,16152,86474
15523,9419,86481
15524,11535,86481
15525,10722,86483
15526,6715,86490
15527,9792,86492
15528,11515,86495
15529,22013,86497
15530,5132,86498
15531,13803,86499
15532,3112,86500
15533,5535,86500
15534,6176,86501
15535,13885,86501
15536,13886,86501
15537,10096,86502
15538,21480,86502
15539,15815,86509
15540,15457,86515
15541,13880,86516
15542,10502,86517
15543,6691,86527
15544,6907,86528
15545,6908,86528
15546,14823,86542
15547,7038,86543
15548,9233,86546
15549,27532,86546
15550,5818,86554
15551,15011,86595
15552,352,86645
15553,352,86658
15554,9016,86645
15555,9016,86658
15556,179,86648
15557,179,86649
15558,459,86648
15559,459,86649
15560,711,86648
15561,711,86649
15562,1584,86648
15563,1584,86649
15564,11597,86661
15565,21023,86661
15566,8498,86686
15567,22226,86686
15568,3225,86692
15569,16957,86695
15570,16957,97629
15571,8692,86695
15572,8692,97629
15573,286,86695
15574,286,97629
15575,11612,86706
15576,10836,86707
15577,10836,149948
15578,758,86707
15579,758,149948
15580,5997,86713
15581,6632,86713
15582,5987,86718
15583,6101,86718
15584,1116,86722
15585,12537,86746
15586,9976,86757
15587,14158,86810
15588,14825,86838
15589,7801,86849
15590,15133,86849
15591,15134,86849
15592,5871,86850
15593,14934,86850
15594,17953,86850
15595,1438,86887
15596,20641,86887
15597,10193,86889
15598,13402,86897
15599,4860,86906
15600,4860,86908
15601,3582,86906
15602,3582,86908
15603,13641,86906
15604,13641,86908
15605,17329,86906
15606,17329,86908
15607,16707,86906
15608,16707,86908
15609,5110,86906
15610,5110,86908
15611,67,86915
15612,13185,86932
15613,1125,86955
15614,11367,86955
15615,2616,193252
15616,27016,193252
15617,22182,87010
15618,11989,87018
15619,525,87096
15620,27271,87099
15621,20376,87101
15622,20376,87102
15623,21104,87101
15624,21104,87102
15625,1478,87105
15626,13512,87106
15627,0,87108
15628,5741,87108
15629,8389,87112
15630,23585,87149
15631,26982,87153
15632,26982,90059
15633,14296,87153
15634,14296,90059
15635,11346,87156
15636,13935,87174
15637,17511,87198
15638,14067,87209
15639,27520,87209
15640,953,87248
15641,953,87249
15642,1366,87248
15643,1366,87249
15644,14304,87255
15645,14305,87255
15646,14311,87255
15647,13494,87270
15648,7739,87272
15649,13489,87275
15650,13234,87276
15651,7239,87277
15652,9180,87279
15653,9181,87279
15654,16334,87279
15655,5413,87280
15656,8025,87280
15657,8107,87289
15658,23418,87289
15659,26859,87289
15660,26860,87289
15661,8091,87291
15662,14334,87291
15663,17997,87291
15664,17998,87291
15665,14131,87293
15666,14131,90309
15667,21768,87293
15668,21768,90309
15669,24725,87296
15670,8524,87332
15671,8738,87333
15672,21108,87333
15673,2992,87340
15674,5812,87341
15675,8740,87341
15676,805,87342
15677,12679,87342
15678,7385,87346
15679,11731,87346
15680,12117,87346
15681,14444,87346
15682,19362,87349
15683,19451,87349
15684,19189,87351
15685,19189,102303
15686,19591,87351
15687,19591,102303
15688,1857,87353
15689,1857,138564
15690,1858,87353
15691,1858,138564
15692,12275,87353
15693,12275,138564
15694,5836,87357
15695,5836,116438
15696,7062,87357
15697,7062,116438
15698,8716,87357
15699,8716,116438
15700,8311,87359
15701,741,87361
15702,24672,87383
15703,24729,87383
15704,18538,87391
15705,21191,87391
15706,12019,87396
15707,23132,87405
15708,23558,87405
15709,24916,87434
15710,2352,87447
15711,24910,193600
15712,25333,193600
15713,25317,193600
15714,1059,193600
15715,2106,87498
15716,2813,87498
15717,20699,87498
15718,25941,87536
15719,3158,87543
15720,3158,87544
15721,20612,87543
15722,20612,87544
15723,27152,87543
15724,27152,87544
15725,10595,87557
15726,10595,125144
15727,10595,200066
15728,24196,87574
15729,14737,87589
15730,13302,87633
15731,14387,87633
15732,14383,87637
15733,17394,87640
15734,26838,87640
15735,26839,87640
15736,27514,87640
15737,15359,87651
15738,9715,87661
15739,19170,87674
15740,14384,87682
15741,1629,87692
15742,19503,87692
15743,7531,87714
15744,14382,87714
15745,14385,87714
15746,11606,87724
15747,19521,87752
15748,19521,129405
15749,27124,87752
15750,27124,129405
15751,5835,87753
15752,6480,87757
15753,8667,87757
15754,11648,87757
15755,21229,87757
15756,23833,87759
15757,14418,87776
15758,14418,145172
15759,14419,87776
15760,14419,145172
15761,14420,87776
15762,14420,145172
15763,10427,87786
15764,10427,95166
15765,5600,87791
15766,5602,87791
15767,5426,87794
15768,26271,87820
15769,5060,87829
15770,22166,87837
15771,22167,87837
15772,27691,87837
15773,2394,87861
15774,26826,87861
15775,26833,87861
15776,5354,87865
15777,1096,87871
15778,2392,87871
15779,5723,87871
15780,12858,87874
15781,14983,87876
15782,2448,87894
15783,2449,87894
15784,12987,87894
15785,13391,87894
15786,16781,87894
15787,18480,87894
15788,21477,87894
15789,22381,87894
15790,15235,87985
15791,14440,88017
15792,14440,197750
15793,19376,88029
15794,19376,88030
15795,19377,88029
15796,19377,88030
15797,26226,88035
15798,7997,88075
15799,11507,88075
15800,11640,88075
15801,19434,88083
15802,19434,104366
15803,19012,88083
15804,19012,104366
15805,802,88085
15806,802,113101
15807,802,125130
15808,10607,88085
15809,10607,113101
15810,10607,125130
15811,24846,88087
15812,24846,120315
15813,628,88092
15814,14443,88121
15815,6179,88138
15816,10157,88139
15817,16787,88139
15818,1861,88146
15819,7411,88146
15820,16622,88166
15821,16622,96269
15822,14036,88166
15823,14036,96269
15824,26990,88166
15825,26990,96269
15826,7058,88166
15827,7058,96269
15828,19999,88167
15829,16844,88171
15830,3818,88173
15831,11919,88173
15832,5056,88184
15833,9078,88184
15834,20758,88184
15835,12445,88188
15836,12446,88188
15837,14450,88188
15838,14451,88188
15839,17635,88189
15840,23917,88196
15841,23918,88196
15842,1277,88233
15843,18732,88233
15844,21113,88233
15845,21114,88233
15846,27200,88233
15847,11244,88249
15848,11244,141147
15849,11245,88249
15850,11245,141147
15851,11246,88249
15852,11246,141147
15853,12108,88250
15854,8162,88258
15855,8162,147578
15856,20802,88258
15857,20802,147578
15858,20198,88259
15859,15267,88279
15860,17818,88279
15861,7022,88346
15862,14088,88346
15863,27683,88346
15864,5685,88359
15865,12725,88363
15866,14095,88363
15867,14465,88363
15868,4246,88365
15869,13825,88365
15870,25719,88365
15871,17022,88427
15872,17022,135571
15873,17022,197766
15874,14277,88437
15875,14481,88437
15876,14482,88441
15877,4131,88461
15878,1457,88464
15879,1457,120577
15880,14472,88464
15881,18619,88464
15882,18619,120577
15883,8630,88468
15884,11587,88468
15885,14488,88468
15886,19379,88468
15887,3821,88494
15888,316,88508
15889,13764,88537
15890,437,88538
15891,10795,88538
15892,2807,88540
15893,13050,88541
15894,22376,88541
15895,13654,88543
15896,14502,88544
15897,14503,88544
15898,18201,88544
15899,5971,88555
15900,17600,88586
15901,28069,88586
15902,3397,88587
15903,16367,88587
15904,4861,88637
15905,21999,88639
15906,27826,88639
15907,21992,88657
15908,1290,88749
15909,19579,88749
15910,27973,88749
15911,8748,88763
15912,14519,88768
15913,19424,88769
15914,18812,88771
15915,14520,88772
15916,10028,88784
15917,12511,88784
15918,27894,88784
15919,18695,88800
15920,15281,88860
15921,10341,102493
15922,18581,102493
15923,16930,88926
15924,4722,88949
15925,6870,88949
15926,18607,88949
15927,20784,88949
15928,718,88950
15929,718,100109
15930,5142,88950
15931,5142,100109
15932,9798,88950
15933,9798,100109
15934,17633,88950
15935,17633,100109
15936,4816,88952
15937,10491,88952
15938,6562,88955
15939,27039,88955
15940,3591,88961
15941,18595,88977
15942,18595,142314
15943,18595,143682
15944,27548,88977
15945,27548,142314
15946,27548,143682
15947,11134,88993
15948,9656,88997
15949,9656,141261
15950,20515,88997
15951,20515,141261
15952,20674,88997
15953,20674,141261
15954,20675,88997
15955,20675,141261
15956,15753,89045
15957,4918,89081
15958,4919,89081
15959,4920,89081
15960,14540,89081
15961,14486,89082
15962,16434,89082
15963,16435,89082
15964,17935,89082
15965,27091,89082
15966,16433,89084
15967,19368,89084
15968,7953,89108
15969,22325,89108
15970,3725,89110
15971,18118,89110
15972,6339,89111
15973,12615,89111
15974,3372,89115
15975,3375,89115
15976,3677,89115
15977,9074,89115
15978,9075,89115
15979,9371,89115
15980,9372,89115
15981,27453,89115
15982,26967,89122
15983,26967,90670
15984,26967,90672
15985,20992,89122
15986,20992,90670
15987,20992,90672
15988,2777,89122
15989,2777,90670
15990,2777,90672
15991,22017,89145
15992,22017,89147
15993,14548,89152
15994,1582,89158
15995,5547,89161
15996,14990,89161
15997,3477,89168
15998,14549,89169
15999,7638,89175
16000,13339,89178
16001,21024,89221
16002,4639,89222
16003,4639,135693
16004,21173,89222
16005,21173,135693
16006,4638,89222
16007,4638,135693
16008,15096,89308
16009,17765,89314
16010,11282,89330
16011,16139,89330
16012,10789,89331
16013,21739,89333
16014,27276,89335
16015,15718,89359
16016,17360,89359
16017,1343,89374
16018,8909,89374
16019,10058,89374
16020,17979,89374
16021,27983,89374
16022,21409,89379
16023,21409,96614
16024,12849,89379
16025,12849,96614
16026,14564,89379
16027,14564,96614
16028,6625,89381
16029,13418,89392
16030,1617,89393
16031,7937,89393
16032,5630,89395
16033,8888,89395
16034,9231,89395
16035,22197,89395
16036,17150,89399
16037,17150,96667
16038,9902,89399
16039,9902,96667
16040,14666,89402
16041,14666,90218
16042,25847,89407
16043,25847,96620
16044,7235,89407
16045,7235,96620
16046,948,89410
16047,10169,89410
16048,15801,89410
16049,70,89415
16050,1318,89415
16051,15762,89415
16052,14113,89424
16053,14112,89432
16054,14565,89432
16055,2324,89441
16056,18211,89496
16057,2869,89509
16058,5268,89509
16059,5269,89509
16060,6703,89509
16061,18222,89509
16062,20389,89509
16063,20390,89509
16064,20391,89509
16065,11739,89510
16066,18184,89510
16067,5939,89512
16068,3617,89513
16069,12197,89559
16070,12198,89559
16071,22378,89562
16072,22378,89563
16073,22378,140961
16074,5359,89565
16075,6313,89565
16076,26703,89572
16077,26740,89572
16078,26570,89572
16079,26756,89572
16080,26744,89573
16081,4326,89573
16082,26748,89573
16083,2596,89576
16084,24827,89576
16085,14595,89585
16086,6682,89593
16087,6682,141100
16088,6682,144498
16089,21125,89593
16090,21125,141100
16091,21125,144498
16092,7350,89593
16093,7350,141100
16094,7350,144498
16095,24113,89597
16096,23233,89600
16097,19469,89618
16098,19469,106525
16099,19469,106526
16100,19469,124551
16101,27606,89640
16102,18351,89689
16103,5228,89693
16104,23899,89719
16105,11194,89730
16106,11194,112436
16107,11195,89730
16108,11195,112436
16109,11196,89730
16110,11196,112436
16111,21767,89738
16112,21767,107591
16113,21766,107591
16114,11539,107591
16115,3029,89739
16116,25141,89739
16117,26242,89740
16118,26461,89740
16119,12502,89749
16120,5023,89750
16121,14275,89753
16122,1422,89762
16123,1422,89764
16124,1422,89765
16125,424,89778
16126,24237,89807
16127,24961,89907
16128,25144,89907
16129,1294,89915
16130,14638,89918
16131,21934,89920
16132,21343,89937
16133,13647,89941
16134,27071,89942
16135,14129,89958
16136,14642,89958
16137,18094,89960
16138,18095,89960
16139,18096,89960
16140,2658,89964
16141,26288,89964
16142,26293,89964
16143,28063,89970
16144,16956,90006
16145,14643,90007
16146,14644,90007
16147,14645,90007
16148,4881,90027
16149,4882,90027
16150,14647,90038
16151,7949,90039
16152,13462,90039
16153,19267,90044
16154,14651,90049
16155,14652,90049
16156,14653,90049
16157,15150,90049
16158,17996,90054
16159,2720,90058
16160,11963,90111
16161,14658,90111
16162,26172,90111
16163,26173,90111
16164,26208,90111
16165,3324,90130
16166,17985,90130
16167,27633,90130
16168,4216,90148
16169,7355,90148
16170,20987,90148
16171,26702,90159
16172,26690,90159
16173,2716,90159
16174,9596,90195
16175,13785,90195
16176,4975,90264
16177,9853,90264
16178,1564,90278
16179,2779,90278
16180,24623,90291
16181,24624,90291
16182,23269,90293
16183,19429,90318
16184,19694,90318
16185,14130,90351
16186,21945,90368
16187,23568,90368
16188,23638,90368
16189,26835,90385
16190,14034,90390
16191,15527,90394
16192,15527,147590
16193,14414,90397
16194,11037,90399
16195,11528,90399
16196,14677,90399
16197,9878,90400
16198,9878,90403
16199,9879,90400
16200,9879,90403
16201,14251,90406
16202,14251,142135
16203,11563,90408
16204,11563,90409
16205,725,90420
16206,5507,90420
16207,6369,90420
16208,8982,90455
16209,8982,129496
16210,8982,155490
16211,10888,90455
16212,10888,129496
16213,10888,155490
16214,21956,90455
16215,21956,129496
16216,21956,155490
16217,2811,90462
16218,19673,90462
16219,19674,90462
16220,20996,90462
16221,6403,90485
16222,15052,90485
16223,16224,90485
16224,2109,90489
16225,2109,117989
16226,19463,90489
16227,19463,117989
16228,27573,90489
16229,27573,117989
16230,6410,90499
16231,6411,90499
16232,14287,90500
16233,22309,90500
16234,7299,90508
16235,7299,120096
16236,14691,90508
16237,14691,120096
16238,14692,90508
16239,14692,120096
16240,19756,90518
16241,2338,90522
16242,1480,90526
16243,1480,132512
16244,1480,132513
16245,2393,90526
16246,2393,132512
16247,2393,132513
16248,13798,90526
16249,13798,132512
16250,13798,132513
16251,21929,90526
16252,21929,132512
16253,21929,132513
16254,1420,90535
16255,1618,90535
16256,21437,90535
16257,15955,90545
16258,25828,90545
16259,13893,90546
16260,15954,90546
16261,12306,90548
16262,1544,90549
16263,14714,90586
16264,21040,119237
16265,4511,90588
16266,12366,90591
16267,3744,90594
16268,14711,90594
16269,10165,90595
16270,4153,90598
16271,14712,90598
16272,3390,90599
16273,13335,90599
16274,14717,90600
16275,6148,90603
16276,17087,90603
16277,1451,90608
16278,17885,90609
16279,17884,90610
16280,3788,90631
16281,9134,90631
16282,9135,90631
16283,9760,90631
16284,17009,90638
16285,17009,96628
16286,15486,90638
16287,15486,96628
16288,15487,90638
16289,15487,96628
16290,16371,90642
16291,16371,102285
16292,7908,90654
16293,9283,90667
16294,16771,90667
16295,8512,90683
16296,11102,90683
16297,26130,90690
16298,25160,193365
16299,10672,90719
16300,16360,90719
16301,26825,90721
16302,15922,90775
16303,20521,90775
16304,18169,90792
16305,21436,90792
16306,1483,90809
16307,17918,90809
16308,28009,90809
16309,21708,90933
16310,14164,101996
16311,16515,90948
16312,19324,90937
16313,27281,90937
16314,27281,90948
16315,16516,90937
16316,16516,90948
16317,16519,90948
16318,14089,90973
16319,14090,90973
16320,16451,90999
16321,4116,91030
16322,23800,91030
16323,27867,91036
16324,24027,91065
16325,14736,91072
16326,14738,91074
16327,14739,91074
16328,23965,91083
16329,23966,91083
16330,23969,91083
16331,24069,91101
16332,24201,91101
16333,24013,91103
16334,24013,105771
16335,24014,91103
16336,24014,105771
16337,24015,91103
16338,24015,105771
16339,3075,91114
16340,3108,91114
16341,3109,91114
16342,19393,91147
16343,19560,91147
16344,19561,91147
16345,24018,91211
16346,24019,91211
16347,24364,91227
16348,24364,121600
16349,24743,91242
16350,26936,142689
16351,18378,142689
16352,27333,91292
16353,23632,91297
16354,23633,91297
16355,14743,91349
16356,13913,91351
16357,16503,91353
16358,3822,91434
16359,3822,91444
16360,3822,197900
16361,6732,91434
16362,6732,91444
16363,6732,197900
16364,19688,91434
16365,19688,91444
16366,19688,197900
16367,25665,193373
16368,25228,91436
16369,25228,193373
16370,14824,91456
16371,1640,91472
16372,69,91520
16373,9935,91520
16374,17001,91520
16375,1877,91558
16376,17946,91558
16377,20264,91559
16378,20264,155563
16379,5021,91560
16380,14787,91560
16381,15036,91560
16382,15037,91560
16383,16852,91564
16384,16853,91564
16385,14963,91566
16386,14963,147600
16387,4424,91583
16388,9990,91583
16389,18446,91583
16390,5006,91587
16391,5007,91587
16392,5008,91587
16393,18976,91587
16394,20657,91587
16395,17591,91593
16396,11483,91626
16397,11484,91626
16398,20531,91626
16399,13864,91627
16400,1754,91628
16401,27404,91628
16402,581,91631
16403,7205,91631
16404,20131,91632
16405,8367,91641
16406,7262,91646
16407,7875,91646
16408,3445,91647
16409,13141,91647
16410,16137,91648
16411,3491,91651
16412,3589,91651
16413,6307,91665
16414,6308,91665
16415,7169,91665
16416,14887,91665
16417,3122,91666
16418,20446,91666
16419,20447,91666
16420,12428,91667
16421,13814,91667
16422,13815,91667
16423,13212,91668
16424,1342,91672
16425,6558,91672
16426,9164,91672
16427,1223,91681
16428,8573,91681
16429,9484,91703
16430,9484,100656
16431,6842,91703
16432,6842,100656
16433,10212,91703
16434,10212,100656
16435,9485,91703
16436,9485,100656
16437,16856,91703
16438,16856,100656
16439,782,91713
16440,8788,91713
16441,14812,91747
16442,14831,91782
16443,14832,91782
16444,14833,193336
16445,3408,91830
16446,14596,91830
16447,15034,91830
16448,1495,91832
16449,10537,91832
16450,14835,91834
16451,14836,91834
16452,26611,91856
16453,1986,193337
16454,1975,193337
16455,7026,91926
16456,7026,132592
16457,19706,91926
16458,19706,132592
16459,19707,91926
16460,19707,132592
16461,10387,91932
16462,24587,91973
16463,24587,118254
16464,24786,91973
16465,24786,118254
16466,2048,92118
16467,25472,92118
16468,19576,92128
16469,19576,126760
16470,14940,92146
16471,14942,92150
16472,15094,92150
16473,17207,92160
16474,17207,136606
16475,14001,92160
16476,14001,136606
16477,89,92161
16478,4284,92161
16479,19882,92161
16480,19883,92161
16481,14945,92162
16482,14945,107100
16483,25863,92162
16484,25863,107100
16485,25864,92162
16486,25864,107100
16487,1527,92252
16488,14968,92252
16489,14969,92252
16490,15529,92252
16491,16282,92252
16492,10453,92372
16493,15433,92372
16494,20746,92378
16495,19152,92412
16496,780,92587
16497,19960,92616
16498,21278,92616
16499,21347,92616
16500,27591,92616
16501,18585,92618
16502,18585,92635
16503,16426,92648
16504,16426,101244
16505,14826,92653
16506,14905,92653
16507,16425,92669
16508,4297,92685
16509,6662,92685
16510,6663,92685
16511,25898,92698
16512,15483,92762
16513,7394,92763
16514,2701,92770
16515,4077,92770
16516,3581,92772
16517,3581,99171
16518,3581,200081
16519,14074,92772
16520,14074,99171
16521,14074,200081
16522,19517,92772
16523,19517,99171
16524,19517,200081
16525,11332,92788
16526,15040,92810
16527,15041,92810
16528,18569,92811
16529,18569,92812
16530,20785,92811
16531,20785,92812
16532,28001,92811
16533,28001,92812
16534,3539,92814
16535,13235,92814
16536,20371,92814
16537,5743,92815
16538,15035,92815
16539,15042,92818
16540,21233,92831
16541,21233,103690
16542,21233,155529
16543,19732,92831
16544,19732,103690
16545,19732,155529
16546,2186,92838
16547,2186,128066
16548,18182,92838
16549,18182,128066
16550,25649,92838
16551,25649,128066
16552,21280,92845
16553,21280,143362
16554,14898,92883
16555,11905,92930
16556,11906,92930
16557,11907,92930
16558,3234,92964
16559,3850,92964
16560,10791,92964
16561,14462,92964
16562,14838,92965
16563,11232,92970
16564,19481,92970
16565,21710,93060
16566,25708,93142
16567,2816,93144
16568,7967,93144
16569,8663,93147
16570,8663,121275
16571,13834,93147
16572,13834,121275
16573,17867,93147
16574,17867,121275
16575,14454,93173
16576,2759,93237
16577,4790,93237
16578,17424,93237
16579,6942,93258
16580,8112,93265
16581,430,93318
16582,12273,93318
16583,13771,93331
16584,4454,93333
16585,12576,93333
16586,15136,93333
16587,19358,93333
16588,24512,93333
16589,5622,93344
16590,5839,93391
16591,5839,121945
16592,5839,136042
16593,12281,93391
16594,12281,121945
16595,12281,136042
16596,27011,93433
16597,22437,93437
16598,11316,93438
16599,12548,93448
16600,21285,93448
16601,13521,93487
16602,12444,93491
16603,12444,143369
16604,12413,93491
16605,12413,143369
16606,15127,93491
16607,15127,143369
16608,15130,93513
16609,15131,93513
16610,6952,93518
16611,18364,93518
16612,2,93524
16613,4433,93524
16614,11867,93524
16615,21580,93524
16616,11340,93526
16617,19701,93527
16618,14936,93529
16619,19456,93530
16620,21262,93530
16621,12822,93532
16622,18854,93532
16623,21056,93532
16624,12681,148860
16625,18756,148860
16626,14315,148860
16627,19175,93536
16628,19660,93536
16629,4150,93551
16630,19231,93560
16631,2414,93561
16632,18795,93569
16633,11337,93597
16634,2441,93601
16635,27762,93601
16636,18439,93602
16637,23064,93608
16638,23266,93608
16639,8783,93620
16640,597,93628
16641,3803,93628
16642,9480,93628
16643,11861,93628
16644,19017,93628
16645,19466,93641
16646,26065,93642
16647,2784,93675
16648,75,93676
16649,76,93676
16650,26352,93676
16651,16036,93677
16652,21771,93677
16653,3511,93679
16654,21394,93684
16655,24888,93709
16656,28026,93709
16657,24735,93710
16658,13432,93736
16659,1296,93789
16660,14579,93790
16661,16414,93790
16662,3684,93793
16663,21527,93793
16664,1542,93800
16665,10998,93800
16666,20617,93800
16667,141,93801
16668,3849,93801
16669,6386,93960
16670,17898,94031
16671,15176,94034
16672,19704,94034
16673,26612,94050
16674,26556,94050
16675,21004,94054
16676,14849,94078
16677,6967,94099
16678,15179,94099
16679,15182,94099
16680,6930,94101
16681,18473,94102
16682,27213,94102
16683,21569,94106
16684,7018,94108
16685,4260,94114
16686,1504,94118
16687,11067,94127
16688,18183,94127
16689,17589,94128
16690,6529,94136
16691,6530,94136
16692,9096,94144
16693,15884,94149
16694,17834,94150
16695,3519,94154
16696,6508,94154
16697,19264,94156
16698,15177,94157
16699,14850,94158
16700,17662,94158
16701,15186,94165
16702,15188,94166
16703,16657,94168
16704,3532,94170
16705,12730,94170
16706,12349,94172
16707,21590,94173
16708,7015,94175
16709,7016,94175
16710,15343,94179
16711,6503,94181
16712,1031,94183
16713,11590,94183
16714,16177,94183
16715,16178,94183
16716,19418,94186
16717,19419,94186
16718,6047,94189
16719,20722,94190
16720,20723,94190
16721,11103,94195
16722,14853,94195
16723,10533,94209
16724,6549,94224
16725,25705,94225
16726,17028,94227
16727,19330,94227
16728,19352,94243
16729,15193,94250
16730,15528,94250
16731,24050,94268
16732,18500,94334
16733,2882,94430
16734,2882,94435
16735,15205,94430
16736,15205,94435
16737,3415,94432
16738,26048,94432
16739,7554,94433
16740,11443,94439
16741,15647,94439
16742,2901,94440
16743,19955,94440
16744,20729,94440
16745,11184,94443
16746,20278,94443
16747,15208,94445
16748,11472,94447
16749,11473,94447
16750,2119,94449
16751,14860,94450
16752,672,94456
16753,8024,94456
16754,17106,94456
16755,15360,94485
16756,1162,94503
16757,10695,94503
16758,11715,94503
16759,11716,94503
16760,4826,94508
16761,6835,94508
16762,7228,94508
16763,2571,94514
16764,7846,123743
16765,2757,94515
16766,2757,123743
16767,17109,94518
16768,5931,94521
16769,15532,94521
16770,26894,94527
16771,6202,94533
16772,15228,94533
16773,15797,94533
16774,27084,94533
16775,15232,94554
16776,5516,94574
16777,7538,94574
16778,14748,94574
16779,20508,94574
16780,20509,94574
16781,20510,94574
16782,15240,94587
16783,15240,94588
16784,18026,94599
16785,6061,94640
16786,15455,94640
16787,16292,94640
16788,2457,94645
16789,10571,94645
16790,10487,94666
16791,20523,94666
16792,21471,94670
16793,15264,94671
16794,14581,94739
16795,10426,94762
16796,3303,94765
16797,25720,94765
16798,22235,94773
16799,8455,94811
16800,9849,94811
16801,15322,94811
16802,3546,94830
16803,20337,94835
16804,10718,94836
16805,23962,94845
16806,14060,94848
16807,15016,94848
16808,18034,94881
16809,18034,137120
16810,19268,94888
16811,20841,94947
16812,26770,94947
16813,14487,148866
16814,3073,148866
16815,25156,193551
16816,25157,94958
16817,25154,193551
16818,25155,193551
16819,15342,95002
16820,27677,95002
16821,19193,95008
16822,14899,95055
16823,1553,95081
16824,10886,95081
16825,28051,95081
16826,1189,95089
16827,22319,95101
16828,27452,95101
16829,15353,95132
16830,1289,95180
16831,6765,95194
16832,6765,112947
16833,6765,112948
16834,6765,112951
16835,6765,137252
16836,17569,95194
16837,17569,112947
16838,17569,112948
16839,17569,112951
16840,17569,137252
16841,17569,140919
16842,26857,95194
16843,26857,112948
16844,26857,112951
16845,26857,140919
16846,9471,95195
16847,17881,95195
16848,7697,95228
16849,14593,95228
16850,17962,95228
16851,4913,95233
16852,7563,95233
16853,15673,95233
16854,8617,95250
16855,8618,95250
16856,8619,95250
16857,15749,95252
16858,4644,95258
16859,26576,95258
16860,18490,95264
16861,6321,95265
16862,11008,95265
16863,11339,95265
16864,6436,95266
16865,6437,95266
16866,12892,95268
16867,12893,95268
16868,12894,95268
16869,20431,95319
16870,20432,95319
16871,8015,95326
16872,8016,95326
16873,8017,95326
16874,11949,95383
16875,6005,95394
16876,3206,95396
16877,3206,95404
16878,15411,95396
16879,15411,95404
16880,1525,95401
16881,14929,95401
16882,5650,95407
16883,14928,95407
16884,27481,95408
16885,8266,95409
16886,13346,95410
16887,6130,95411
16888,6131,95411
16889,6132,95411
16890,15414,95411
16891,3091,95412
16892,3092,95412
16893,13347,95413
16894,1455,95421
16895,6291,95421
16896,17310,95421
16897,20694,95421
16898,15418,95424
16899,26040,95426
16900,27441,95426
16901,2345,95475
16902,3054,95519
16903,21877,95519
16904,19759,95520
16905,12070,95523
16906,2251,95525
16907,19186,95525
16908,3148,95540
16909,3148,132132
16910,7837,95551
16911,9873,95568
16912,15045,95576
16913,5144,95708
16914,7067,95742
16915,13332,95743
16916,13333,95743
16917,5109,95971
16918,11437,95971
16919,18197,95971
16920,7140,96036
16921,26997,96036
16922,7718,96044
16923,7718,108387
16924,15807,96044
16925,15807,108387
16926,8212,96065
16927,19802,96065
16928,7679,96091
16929,7679,96486
16930,15506,96091
16931,15506,96486
16932,17622,96091
16933,17622,96486
16934,26829,96091
16935,26829,96486
16936,15513,96101
16937,15515,96103
16938,16345,96148
16939,10170,96149
16940,26998,96149
16941,7369,96249
16942,2130,96258
16943,10858,96258
16944,14207,96282
16945,18460,96282
16946,22478,96282
16947,1572,96286
16948,1573,96286
16949,17039,96287
16950,17613,96287
16951,1624,96290
16952,7147,96290
16953,7260,96290
16954,18466,96290
16955,9995,96301
16956,15541,96303
16957,15542,96303
16958,16156,96304
16959,19065,96304
16960,12525,96328
16961,19162,96335
16962,15546,96339
16963,15566,96339
16964,15567,96339
16965,17548,96339
16966,6448,96354
16967,10538,96354
16968,15554,96354
16969,17221,96354
16970,1847,96361
16971,14674,96361
16972,535,96362
16973,535,111372
16974,536,96362
16975,536,111372
16976,6423,96362
16977,6423,111372
16978,6424,96362
16979,6424,111372
16980,9886,96364
16981,1025,96365
16982,15489,96370
16983,1894,96379
16984,16179,96383
16985,19871,96403
16986,4944,96405
16987,4945,96405
16988,7818,96405
16989,8314,96405
16990,10273,96406
16991,15555,96406
16992,8660,96410
16993,8660,147505
16994,15556,96410
16995,15556,147505
16996,27763,96410
16997,27763,147505
16998,15537,96411
16999,12551,96419
17000,15607,96431
17001,6447,96432
17002,6447,100860
17003,10378,96434
17004,1374,96436
17005,13952,96436
17006,22419,96436
17007,4873,96450
17008,8623,96450
17009,7303,96463
17010,5664,96469
17011,6103,96469
17012,20491,96473
17013,13992,96474
17014,13159,96475
17015,15563,96475
17016,6906,96476
17017,15798,96476
17018,18237,96476
17019,9753,96478
17020,14555,96478
17021,1603,96479
17022,3249,96479
17023,15460,96479
17024,15827,96479
17025,17185,96480
17026,5674,96483
17027,5675,96483
17028,7415,96491
17029,10512,96499
17030,15570,96500
17031,15571,96500
17032,15573,96513
17033,15574,96513
17034,6923,96517
17035,11792,96517
17036,8014,96521
17037,11718,96521
17038,7133,96524
17039,8700,96524
17040,10196,96524
17041,12383,96525
17042,15245,96525
17043,743,96529
17044,1552,96529
17045,20595,96529
17046,20485,96537
17047,25907,96537
17048,1577,96538
17049,8840,96538
17050,363,96540
17051,10215,96540
17052,4835,96544
17053,10347,96544
17054,16531,96544
17055,17216,96551
17056,6468,96559
17057,8950,96559
17058,8858,96579
17059,7914,96582
17060,15923,96582
17061,5636,96585
17062,7704,96585
17063,14133,96585
17064,27355,96585
17065,2884,96591
17066,2886,96591
17067,7677,96591
17068,20235,96596
17069,7481,96599
17070,5929,96606
17071,9890,96606
17072,2855,96608
17073,2856,96608
17074,17607,96608
17075,14505,96609
17076,15458,96609
17077,9752,96615
17078,14208,96615
17079,14209,96615
17080,20096,96617
17081,1705,96618
17082,1705,100851
17083,1512,96619
17084,1569,96619
17085,10217,96619
17086,1522,96624
17087,14913,96624
17088,15800,96625
17089,16893,96625
17090,14949,96632
17091,14950,96632
17092,14951,96632
17093,15589,96632
17094,15590,96634
17095,15503,96637
17096,6838,96664
17097,15594,96670
17098,5209,96675
17099,5209,96677
17100,5772,96675
17101,5772,96677
17102,27962,96675
17103,27962,96677
17104,27963,96675
17105,27963,96677
17106,16280,96692
17107,16281,96692
17108,16693,96692
17109,16794,96692
17110,17325,96692
17111,15814,96694
17112,18307,96694
17113,5623,96695
17114,5624,96695
17115,5625,96695
17116,6804,96695
17117,1578,96698
17118,20820,96702
17119,20821,96702
17120,9095,96704
17121,14063,96707
17122,14064,96707
17123,25634,96707
17124,25635,96707
17125,14668,96708
17126,15603,96712
17127,15604,96712
17128,15605,96712
17129,15606,96712
17130,16739,96712
17131,26973,96712
17132,66,96713
17133,5069,96713
17134,14309,96713
17135,28036,96713
17136,4804,96720
17137,15804,96720
17138,3219,96739
17139,1571,96741
17140,2987,96741
17141,13081,96741
17142,4258,96744
17143,20524,96744
17144,6571,96745
17145,15820,96745
17146,19730,96746
17147,356,96749
17148,3314,96752
17149,12435,96753
17150,17121,96766
17151,17122,96766
17152,17169,96766
17153,20142,96767
17154,20143,96767
17155,2912,96769
17156,16050,96772
17157,22440,96772
17158,27146,96772
17159,558,96774
17160,3585,96774
17161,20660,96774
17162,1662,96777
17163,12532,96777
17164,18,96778
17165,2221,96778
17166,20592,96778
17167,22429,96778
17168,17595,96788
17169,20590,96789
17170,14967,96793
17171,14967,98727
17172,7653,96793
17173,7653,98727
17174,11756,96795
17175,25613,96797
17176,25614,96797
17177,25616,96797
17178,995,96849
17179,3035,96849
17180,18198,96849
17181,1581,96883
17182,10460,96883
17183,10827,96883
17184,19093,96883
17185,20801,96883
17186,6839,96890
17187,6839,124683
17188,8275,96890
17189,8275,124683
17190,1157,96911
17191,1158,96911
17192,3495,96911
17193,8839,96916
17194,15631,96916
17195,17990,96919
17196,17991,96919
17197,131,96921
17198,8371,96921
17199,9979,96921
17200,14539,96921
17201,15632,96921
17202,19907,96921
17203,1583,96929
17204,5313,96929
17205,10504,96929
17206,7246,96930
17207,2920,96990
17208,3659,96990
17209,3660,96990
17210,3661,96990
17211,27828,97014
17212,17128,97031
17213,17128,97034
17214,5935,97038
17215,5936,97038
17216,16949,97038
17217,18309,97038
17218,1622,97047
17219,1622,97053
17220,18456,97047
17221,18456,97053
17222,15677,97047
17223,15677,97053
17224,22329,97055
17225,3551,97079
17226,3551,137475
17227,3551,139759
17228,16302,97079
17229,16302,137475
17230,16302,139759
17231,25862,97079
17232,25862,137475
17233,25862,139759
17234,1736,97085
17235,1737,97085
17236,10152,97085
17237,9062,97093
17238,25856,97093
17239,15643,97140
17240,372,97170
17241,372,155277
17242,27046,97170
17243,27046,155277
17244,26260,97172
17245,3149,97177
17246,6615,97177
17247,7863,97177
17248,7295,97189
17249,7296,97189
17250,16078,97254
17251,6229,97269
17252,6229,138030
17253,1570,97284
17254,4980,97284
17255,15934,97284
17256,15947,97286
17257,3831,97316
17258,15630,97316
17259,20129,97316
17260,457,97345
17261,4895,97345
17262,16850,97345
17263,15864,97412
17264,17477,97413
17265,4082,97460
17266,1768,97461
17267,23343,97474
17268,23344,97474
17269,24061,97478
17270,4679,97487
17271,11868,97491
17272,11868,123391
17273,21166,97491
17274,21166,123391
17275,21245,97491
17276,21245,123391
17277,10786,97494
17278,10787,97494
17279,328,97514
17280,329,97514
17281,8533,97514
17282,3392,97518
17283,5932,97518
17284,13929,97518
17285,921,97519
17286,9346,97519
17287,10018,97519
17288,13211,97519
17289,11926,97522
17290,1144,97556
17291,9793,97556
17292,15776,97580
17293,364,97631
17294,12017,97631
17295,27885,97632
17296,1454,97642
17297,11317,97643
17298,12362,97647
17299,19586,97647
17300,8243,97673
17301,14715,97673
17302,27910,97673
17303,3072,97674
17304,6305,97674
17305,27505,97674
17306,15334,97739
17307,12279,97748
17308,12279,144296
17309,27054,97782
17310,8344,97789
17311,25639,97789
17312,855,97793
17313,16027,97793
17314,16992,97793
17315,17761,97975
17316,592,98005
17317,13366,98006
17318,13368,98006
17319,5331,98008
17320,1609,98038
17321,1609,119479
17322,1609,119480
17323,3950,98206
17324,3951,98206
17325,5758,98252
17326,11303,98252
17327,19875,98252
17328,26572,98282
17329,26597,98282
17330,26661,98283
17331,1311,98316
17332,15880,98317
17333,25628,98317
17334,13633,98428
17335,5531,98456
17336,4318,98469
17337,24320,98469
17338,24366,98469
17339,2590,98470
17340,24673,98470
17341,24869,98470
17342,14364,98518
17343,18159,98519
17344,6709,98525
17345,15901,98529
17346,18027,98531
17347,15685,98532
17348,15902,98532
17349,15903,98532
17350,16750,98541
17351,15910,98582
17352,3554,98593
17353,24344,98595
17354,2978,98618
17355,22227,98618
17356,10,98619
17357,14224,98619
17358,14463,98619
17359,5416,98635
17360,8860,98636
17361,11131,98639
17362,6205,98642
17363,6311,98642
17364,10050,98644
17365,15453,98645
17366,18477,98645
17367,18444,98658
17368,865,98679
17369,866,98679
17370,8503,98679
17371,194,98740
17372,1908,98740
17373,2005,98740
17374,2006,98740
17375,3786,98740
17376,4356,98740
17377,27100,98740
17378,7216,98743
17379,17868,98868
17380,7113,98960
17381,15980,98960
17382,5621,98966
17383,24024,99033
17384,24024,132278
17385,24024,142972
17386,24025,99033
17387,24025,132278
17388,24025,142972
17389,24026,99033
17390,24026,132278
17391,24026,142972
17392,12835,99040
17393,7877,99042
17394,19242,99042
17395,3842,99083
17396,3842,201646
17397,22118,99119
17398,448,99175
17399,2149,99175
17400,2150,99175
17401,5141,99175
17402,9077,99193
17403,19643,99193
17404,21837,99199
17405,4331,99210
17406,17924,99210
17407,9155,99211
17408,8722,99214
17409,14896,99238
17410,16468,99243
17411,16469,99244
17412,21141,99244
17413,19568,99258
17414,27571,99258
17415,16010,99286
17416,7177,99318
17417,12043,99318
17418,16099,99318
17419,24897,193456
17420,7351,99357
17421,23841,99357
17422,23992,99427
17423,7689,99544
17424,7100,99569
17425,7100,147450
17426,7101,99569
17427,7101,147450
17428,7337,99569
17429,7337,147450
17430,16770,99643
17431,1088,99692
17432,7011,99692
17433,8420,99692
17434,1936,99697
17435,615,99717
17436,2184,99717
17437,15660,99717
17438,18482,99717
17439,20034,99717
17440,1626,99718
17441,1688,99724
17442,17891,99724
17443,21456,99724
17444,25770,99724
17445,27711,99724
17446,1687,99725
17447,5167,99725
17448,17874,99725
17449,21851,99725
17450,594,99742
17451,1408,99742
17452,4843,99742
17453,15424,99742
17454,17213,99742
17455,26830,99742
17456,19257,99751
17457,5538,99761
17458,21481,99761
17459,10495,99777
17460,20224,99777
17461,20229,99777
17462,8927,99782
17463,18739,99782
17464,20032,99782
17465,5415,99786
17466,12041,99792
17467,4414,99800
17468,10513,99800
17469,12853,99800
17470,22394,99800
17471,19641,99804
17472,19642,99804
17473,19765,99819
17474,23359,99828
17475,16249,99835
17476,18551,99835
17477,24117,99835
17478,4805,99838
17479,4805,149446
17480,4806,99838
17481,4806,149446
17482,15053,99842
17483,23230,99842
17484,25564,99851
17485,14846,99852
17486,23086,99852
17487,23737,99853
17488,23738,99853
17489,23772,99854
17490,25846,99858
17491,2509,99859
17492,2510,99859
17493,23253,99862
17494,16101,99867
17495,24123,99867
17496,2271,99868
17497,4125,99868
17498,23785,99870
17499,10692,99882
17500,23232,99882
17501,23564,99887
17502,23743,99887
17503,11952,99890
17504,16251,99890
17505,23341,99892
17506,23444,99893
17507,23744,99893
17508,1551,99896
17509,2537,99896
17510,22890,99897
17511,23286,99897
17512,23434,99898
17513,23435,99898
17514,23690,99899
17515,23794,99899
17516,23608,99900
17517,1448,99903
17518,16254,99903
17519,22883,99903
17520,23752,99904
17521,23753,99904
17522,3537,99907
17523,21120,99913
17524,23634,99913
17525,16258,99915
17526,23100,99916
17527,23101,99916
17528,4322,99917
17529,11298,99917
17530,11299,99917
17531,12663,99933
17532,19709,99934
17533,23747,99934
17534,23748,99934
17535,13746,99935
17536,13747,99935
17537,13748,99935
17538,23749,99938
17539,5373,99939
17540,5699,99939
17541,23229,99942
17542,23129,99943
17543,23130,99943
17544,14613,99944
17545,25563,99951
17546,2535,99953
17547,7175,99953
17548,21275,99953
17549,23758,99953
17550,22819,99954
17551,22820,99954
17552,23630,99955
17553,23735,99956
17554,23742,99956
17555,25571,99956
17556,10950,99958
17557,16247,99965
17558,23586,99971
17559,23587,99971
17560,23176,99975
17561,23739,99982
17562,16256,99983
17563,18457,99983
17564,5086,99984
17565,3336,100014
17566,11326,100028
17567,16267,100034
17568,28040,100034
17569,12622,100132
17570,19773,100132
17571,1961,100167
17572,1962,100167
17573,13062,100257
17574,27391,100258
17575,43,100265
17576,8421,100270
17577,8421,100271
17578,10866,100270
17579,10866,100271
17580,14706,100270
17581,14706,100271
17582,9241,100288
17583,9244,100288
17584,20313,100288
17585,4448,100291
17586,906,100298
17587,1690,100298
17588,9255,100298
17589,10172,100298
17590,10173,100298
17591,10321,100329
17592,3278,100330
17593,22155,100330
17594,4444,100349
17595,13503,100351
17596,7005,100363
17597,7006,100363
17598,1843,100367
17599,5515,100367
17600,16017,100367
17601,840,100372
17602,2187,100372
17603,16761,100372
17604,16405,100373
17605,6986,100390
17606,5526,100407
17607,27792,100407
17608,7680,100412
17609,25312,100413
17610,25312,193463
17611,24995,193463
17612,6704,100415
17613,16429,136188
17614,16075,100416
17615,16075,136188
17616,22146,100425
17617,6136,100426
17618,6137,100426
17619,6868,100432
17620,5297,100436
17621,3385,100468
17622,16015,100469
17623,17813,100469
17624,17814,100469
17625,17815,100469
17626,17816,100469
17627,17817,100469
17628,10606,100474
17629,1871,100482
17630,16647,100482
17631,4838,100522
17632,16031,100523
17633,17809,100524
17634,1700,100526
17635,15259,100526
17636,27625,100526
17637,13902,100536
17638,13903,100536
17639,23446,100566
17640,1669,100580
17641,9478,100580
17642,18646,100580
17643,14546,100581
17644,2395,100601
17645,15634,100601
17646,20574,100601
17647,4518,100604
17648,4520,100604
17649,4521,100604
17650,16352,100604
17651,13372,100605
17652,13372,107116
17653,13372,107168
17654,16029,100605
17655,16029,107116
17656,16029,107168
17657,21539,100605
17658,21539,107116
17659,21539,107168
17660,16721,100605
17661,16721,107116
17662,16721,107168
17663,1472,100611
17664,21520,100617
17665,13040,100618
17666,13463,100618
17667,3628,100620
17668,16362,100620
17669,20771,100623
17670,22067,100623
17671,23732,100631
17672,10830,100669
17673,4510,100671
17674,387,100688
17675,395,100688
17676,5188,100688
17677,10080,100688
17678,22041,100691
17679,966,100706
17680,9802,100706
17681,9803,100706
17682,25829,100706
17683,4194,100714
17684,16378,100714
17685,18243,100714
17686,15399,100734
17687,25646,100740
17688,25646,117345
17689,5705,100741
17690,7899,100741
17691,10616,100741
17692,165,100747
17693,10656,100749
17694,1607,100763
17695,1608,100763
17696,5018,100763
17697,21957,100763
17698,10046,100770
17699,15558,100770
17700,17943,100770
17701,28035,100771
17702,303,100782
17703,304,100782
17704,101,100801
17705,2763,100801
17706,4376,100801
17707,14391,100801
17708,6184,100807
17709,21219,100807
17710,13601,100812
17711,27782,100812
17712,5468,100813
17713,16699,100826
17714,16699,101251
17715,16700,100826
17716,16700,101251
17717,12688,100826
17718,12688,101251
17719,16114,100827
17720,1706,100863
17721,5161,100863
17722,7698,100863
17723,9454,100863
17724,11129,101005
17725,11130,101005
17726,26902,101005
17727,20135,101042
17728,1612,101052
17729,17040,101052
17730,21263,101052
17731,13389,101079
17732,22212,101079
17733,19776,101080
17734,20793,101080
17735,4411,101081
17736,5432,101081
17737,27947,101081
17738,9317,101103
17739,9318,101103
17740,9783,101103
17741,10509,101103
17742,15944,101112
17743,22299,101112
17744,1434,101114
17745,1435,101114
17746,12566,101114
17747,16415,101114
17748,16416,101132
17749,10089,101135
17750,13813,101135
17751,15278,101135
17752,18097,101136
17753,1421,101138
17754,21923,101138
17755,17350,101142
17756,18598,101142
17757,1712,101144
17758,15318,101144
17759,17279,101144
17760,25943,101144
17761,7219,101147
17762,8923,101187
17763,18615,101187
17764,18350,101191
17765,2097,101198
17766,19979,101212
17767,1064,101234
17768,12604,101234
17769,18687,101234
17770,3647,101238
17771,10418,101238
17772,14109,101239
17773,15021,101239
17774,19844,101246
17775,7759,101247
17776,8934,101247
17777,5952,101254
17778,16966,101254
17779,7569,101266
17780,20549,101291
17781,12755,101340
17782,27394,101341
17783,6243,101352
17784,25767,142263
17785,26247,142263
17786,26357,142263
17787,26772,142263
17788,26773,142263
17789,14466,101374
17790,17381,101374
17791,20153,101376
17792,7830,101380
17793,17999,101380
17794,18542,101380
17795,19386,101399
17796,1228,101404
17797,3147,101404
17798,21555,101407
17799,21797,101430
17800,21797,145178
17801,2924,101432
17802,2925,101432
17803,2926,101432
17804,12099,101436
17805,12100,101436
17806,16914,101437
17807,5691,101511
17808,24316,101560
17809,19100,101586
17810,5324,101603
17811,19810,101609
17812,19810,101719
17813,164,101637
17814,19859,101637
17815,4223,101640
17816,4224,101640
17817,11456,101640
17818,12030,101658
17819,7883,101679
17820,11260,101679
17821,24300,101689
17822,19480,101710
17823,16637,101728
17824,21003,101728
17825,745,101729
17826,14755,101729
17827,24968,193320
17828,25252,193320
17829,25200,193320
17830,25869,101783
17831,25870,101783
17832,25871,101783
17833,6193,101814
17834,17024,101848
17835,20778,101848
17836,19106,101850
17837,16459,101854
17838,16430,101855
17839,16431,101855
17840,15097,101861
17841,5941,101863
17842,12745,101863
17843,14365,101863
17844,21410,101863
17845,21652,101863
17846,6114,101871
17847,8069,101871
17848,8347,101871
17849,18221,101871
17850,3134,101875
17851,26115,101879
17852,26492,101879
17853,27007,101879
17854,1250,101891
17855,2502,101892
17856,27133,101892
17857,27579,101892
17858,18093,101894
17859,13229,101895
17860,2329,101904
17861,12879,101907
17862,16726,101907
17863,16726,141377
17864,18278,101907
17865,18279,101907
17866,19132,101916
17867,20626,101916
17868,21618,101916
17869,22066,101919
17870,1143,101940
17871,15409,101940
17872,11098,101941
17873,3351,101942
17874,13725,101946
17875,19217,101948
17876,21128,101948
17877,19028,101949
17878,19029,101949
17879,3747,101960
17880,14769,101960
17881,969,101961
17882,1513,101961
17883,1514,101961
17884,9368,101961
17885,14460,101961
17886,16226,101963
17887,10640,101966
17888,10641,101966
17889,10651,101966
17890,2937,101977
17891,4778,101978
17892,996,101990
17893,2438,101990
17894,4590,101990
17895,4591,101990
17896,14447,101992
17897,14448,101992
17898,7956,102011
17899,16507,102011
17900,1272,102013
17901,8032,102013
17902,1638,102016
17903,20619,102166
17904,2330,102168
17905,2330,102180
17906,2353,102168
17907,2353,102180
17908,3161,102168
17909,3161,102180
17910,5493,102168
17911,5493,102180
17912,16528,102175
17913,16529,102175
17914,7180,102178
17915,18318,102178
17916,2163,102199
17917,15897,102199
17918,25775,102199
17919,595,102226
17920,1409,102226
17921,1410,102226
17922,1411,102226
17923,15459,102226
17924,1215,102237
17925,3273,102237
17926,7322,102239
17927,7550,102239
17928,14307,102239
17929,11758,102243
17930,12120,102243
17931,12123,102243
17932,18047,102255
17933,7158,102256
17934,7167,102256
17935,17835,102256
17936,27282,102256
17937,4161,102257
17938,4163,102257
17939,11094,102257
17940,14051,102257
17941,8337,102265
17942,13475,102305
17943,13475,102306
17944,11058,102305
17945,11058,102306
17946,14285,102307
17947,16073,102307
17948,25615,102307
17949,1085,102314
17950,16543,102314
17951,2408,102315
17952,2408,102321
17953,16540,102315
17954,16540,102321
17955,19781,102315
17956,19781,102321
17957,16071,102329
17958,16074,102329
17959,14266,102376
17960,18048,102383
17961,2196,102392
17962,2196,138186
17963,2880,102402
17964,16547,102403
17965,5478,102436
17966,10243,102455
17967,10243,200221
17968,5899,102456
17969,11636,102456
17970,17587,102456
17971,16462,102457
17972,19477,102458
17973,19477,102479
17974,19477,102481
17975,19477,126913
17976,4179,102483
17977,5520,102483
17978,2633,102484
17979,5961,102484
17980,4702,102485
17981,18059,102485
17982,9880,102486
17983,7150,102501
17984,15113,102508
17985,18008,102511
17986,28011,102511
17987,9057,102524
17988,14403,102524
17989,16548,102524
17990,18692,102532
17991,1249,102540
17992,27799,102540
17993,13761,102549
17994,22150,102570
17995,14019,102576
17996,16554,102580
17997,4576,102632
17998,4577,102632
17999,12572,102632
18000,11359,102642
18001,21713,102642
18002,478,102674
18003,1404,102675
18004,6845,102675
18005,22479,102675
18006,8666,102676
18007,14136,102693
18008,2929,102694
18009,11685,102699
18010,12693,102702
18011,17959,102702
18012,21015,102705
18013,21016,102705
18014,9758,102709
18015,14175,102709
18016,6332,102710
18017,3403,102712
18018,10402,102712
18019,13727,102717
18020,1057,102720
18021,6334,102720
18022,5569,102721
18023,21034,102721
18024,1439,102722
18025,13131,102723
18026,15846,102723
18027,17833,102723
18028,5365,102725
18029,26440,102728
18030,739,102730
18031,16390,102730
18032,10943,102734
18033,10944,102734
18034,14874,102735
18035,15222,102735
18036,12739,102736
18037,2021,102737
18038,12385,102737
18039,12913,102737
18040,5866,102739
18041,5870,102739
18042,213,102741
18043,1855,102741
18044,3315,102741
18045,5868,102741
18046,14046,102743
18047,19685,102744
18048,2400,102745
18049,13959,102745
18050,22042,102745
18051,18688,102746
18052,4907,102748
18053,12224,102748
18054,17873,102749
18055,14725,102752
18056,11802,102754
18057,1013,102757
18058,3406,102757
18059,5570,102760
18060,6519,102762
18061,1879,102768
18062,16638,102768
18063,526,102769
18064,10942,102769
18065,18890,102769
18066,12028,102771
18067,20399,102771
18068,1174,102773
18069,24280,102802
18070,2253,102823
18071,2253,103529
18072,2253,104014
18073,10242,102823
18074,10242,103529
18075,10242,104014
18076,18723,102823
18077,18723,103529
18078,18723,104014
18079,11087,151056
18080,8490,102864
18081,11188,102864
18082,17768,102864
18083,8191,102872
18084,15111,102874
18085,4452,102878
18086,1623,102880
18087,7333,102886
18088,10431,102895
18089,16819,102896
18090,5914,102912
18091,10302,102912
18092,11415,102912
18093,7284,102914
18094,7285,102914
18095,7286,102914
18096,7287,102914
18097,14704,102914
18098,19265,102914
18099,19297,102925
18100,3136,102927
18101,3145,102927
18102,19336,102927
18103,20029,102927
18104,15675,102928
18105,15656,102940
18106,6428,102956
18107,26078,102967
18108,26111,102967
18109,6492,102969
18110,26300,102975
18111,26301,102975
18112,2668,102976
18113,26060,102976
18114,6106,106836
18115,10850,106836
18116,17100,106836
18117,19198,102998
18118,17308,102999
18119,12007,103001
18120,15793,103008
18121,26281,103008
18122,1037,103014
18123,16578,103014
18124,24001,103015
18125,2236,103020
18126,24076,103020
18127,23889,103021
18128,23890,103021
18129,23891,103021
18130,24252,103022
18131,23894,103023
18132,23910,103026
18133,6570,103037
18134,6570,108655
18135,5437,108655
18136,8494,108655
18137,14165,103039
18138,6501,103041
18139,6502,103041
18140,8833,103042
18141,23075,103043
18142,23081,103043
18143,15984,103047
18144,19075,103048
18145,5754,103070
18146,10400,103070
18147,19316,103070
18148,24723,103080
18149,24724,103080
18150,3764,103117
18151,15432,103119
18152,21017,103119
18153,2964,103121
18154,7060,103121
18155,24600,103160
18156,24601,103160
18157,4568,103161
18158,5425,103171
18159,5848,103171
18160,10554,103171
18161,14372,103171
18162,19048,103171
18163,25011,103172
18164,25011,193440
18165,14326,108700
18166,14324,108700
18167,14325,108700
18168,8220,103179
18169,26475,103180
18170,26302,103181
18171,5350,103189
18172,20349,103189
18173,24317,103191
18174,24080,103221
18175,24081,103221
18176,11794,103222
18177,23796,103226
18178,12451,103234
18179,12452,103234
18180,1957,103240
18181,11369,103261
18182,11370,103261
18183,10809,103272
18184,10810,103272
18185,26057,103274
18186,2225,103295
18187,24159,103298
18188,24159,104234
18189,24159,107036
18190,14966,103299
18191,19835,103299
18192,12343,103313
18193,19699,103313
18194,26289,103315
18195,26401,103315
18196,26269,103320
18197,11628,103325
18198,26518,103330
18199,6181,103331
18200,25121,193429
18201,12512,103336
18202,24260,103337
18203,894,103340
18204,19475,103342
18205,19475,131903
18206,19476,103342
18207,19476,131903
18208,24243,103342
18209,24243,131903
18210,9453,103344
18211,8293,103360
18212,19341,103362
18213,18918,103363
18214,19645,103363
18215,12180,103369
18216,77,103370
18217,24599,103370
18218,19357,103383
18219,25526,103386
18220,23797,103387
18221,26080,103388
18222,24075,103393
18223,26296,103394
18224,12794,103401
18225,24287,103404
18226,24287,104327
18227,24288,103404
18228,24288,104327
18229,24289,103404
18230,24289,104327
18231,17081,103410
18232,19491,103410
18233,24051,103410
18234,19554,103411
18235,10901,103414
18236,1080,103427
18237,19273,103452
18238,664,103455
18239,24831,103455
18240,23926,103456
18241,14270,103459
18242,2061,103460
18243,11973,103466
18244,13541,103466
18245,14216,103467
18246,18571,103469
18247,19356,103472
18248,19356,131989
18249,25062,193434
18250,11331,103485
18251,21411,103488
18252,11549,103517
18253,11549,104156
18254,11549,104350
18255,4460,103517
18256,4460,104156
18257,4460,104350
18258,14552,103517
18259,14552,104156
18260,14552,104350
18261,19612,103520
18262,1083,103522
18263,19593,103522
18264,27605,103522
18265,27617,103522
18266,6883,103526
18267,11863,103527
18268,19384,103528
18269,24330,103531
18270,22905,103544
18271,25515,103544
18272,22910,103547
18273,22911,103547
18274,6497,103567
18275,6543,103567
18276,26206,103585
18277,27840,103585
18278,2965,103590
18279,10319,103590
18280,17858,103601
18281,17859,103601
18282,17860,103601
18283,17861,103601
18284,21607,103603
18285,24197,103605
18286,24203,103605
18287,24204,103605
18288,8664,103609
18289,26267,103611
18290,26304,103611
18291,26721,103612
18292,14199,103613
18293,14937,103613
18294,7598,103616
18295,7598,105573
18296,7598,120730
18297,7598,131908
18298,7600,103616
18299,7600,105573
18300,7600,120730
18301,7600,131908
18302,11334,103616
18303,11334,105573
18304,11334,120730
18305,11334,131908
18306,11417,103616
18307,11417,105573
18308,11417,120730
18309,11417,131908
18310,16097,103616
18311,16097,105573
18312,16097,120730
18313,16097,131908
18314,25053,193413
18315,24173,103625
18316,19382,103626
18317,6542,103639
18318,11159,103641
18319,14895,103652
18320,27105,103652
18321,8169,103653
18322,11981,103656
18323,24208,103657
18324,24208,133455
18325,11503,103659
18326,26137,103661
18327,26508,103661
18328,18383,103667
18329,26248,103671
18330,669,103672
18331,26059,103672
18332,26532,103672
18333,26258,103673
18334,26523,103673
18335,11123,103675
18336,26146,103675
18337,23877,103686
18338,3150,103693
18339,24387,103693
18340,24082,103695
18341,3095,103697
18342,3954,103698
18343,4126,103698
18344,24401,103698
18345,24402,103698
18346,24403,103698
18347,3956,103699
18348,23996,103699
18349,19416,103705
18350,8121,103709
18351,19332,103709
18352,21226,103709
18353,4735,103720
18354,3499,103725
18355,26131,103726
18356,26256,103726
18357,2664,103727
18358,26346,103727
18359,19385,103733
18360,2051,103737
18361,2051,105777
18362,4847,103749
18363,4848,103749
18364,4850,103749
18365,19248,103749
18366,26154,103751
18367,22889,103755
18368,14295,103760
18369,18174,103760
18370,10683,103761
18371,14649,103761
18372,19566,103761
18373,26322,103764
18374,23191,103767
18375,1237,103770
18376,14648,103770
18377,24801,103772
18378,2528,103776
18379,23782,103776
18380,23783,103776
18381,24286,103779
18382,11617,103802
18383,15180,103803
18384,15344,103810
18385,15345,103810
18386,19259,103810
18387,23730,103819
18388,4550,103820
18389,4551,103820
18390,25506,103820
18391,23789,103823
18392,23790,103823
18393,23791,103823
18394,18339,103825
18395,22894,103826
18396,2857,103828
18397,23461,103829
18398,23780,103829
18399,15907,139499
18400,5687,103835
18401,22124,103835
18402,11109,103839
18403,12325,103839
18404,6331,103842
18405,22083,103844
18406,1456,103859
18407,26434,103859
18408,3456,103860
18409,17742,103860
18410,23994,103874
18411,23994,104409
18412,26519,103879
18413,26303,103883
18414,12819,103901
18415,12820,103901
18416,24226,103902
18417,26347,103903
18418,26647,103908
18419,24736,103909
18420,24737,103909
18421,26024,103910
18422,2579,103911
18423,24540,103911
18424,13527,103912
18425,24796,103912
18426,24893,103912
18427,23185,103913
18428,23185,129118
18429,23293,103913
18430,23293,129118
18431,23294,103913
18432,23294,129118
18433,23295,103913
18434,23295,129118
18435,4490,103914
18436,4491,103914
18437,24782,103914
18438,24533,103915
18439,24534,103915
18440,24542,103916
18441,24613,103916
18442,14336,103924
18443,21135,103924
18444,22901,103924
18445,26219,103932
18446,26123,103933
18447,26463,103935
18448,7650,103936
18449,16864,103936
18450,25015,193435
18451,25014,193435
18452,3854,193410
18453,19799,103950
18454,24764,103957
18455,24765,103957
18456,24766,103957
18457,26236,103960
18458,2222,103966
18459,26077,103967
18460,3847,103968
18461,26410,103972
18462,26108,103975
18463,26246,103980
18464,26496,103980
18465,26015,103983
18466,26015,136391
18467,26016,103983
18468,26016,136391
18469,24807,103983
18470,24807,136391
18471,26364,103984
18472,1238,103990
18473,1892,103995
18474,26152,103997
18475,24112,103998
18476,19295,104006
18477,24554,104008
18478,15275,104011
18479,4439,104015
18480,4440,104015
18481,24408,104018
18482,24407,104018
18483,26472,104022
18484,23888,104023
18485,1282,104034
18486,2079,104035
18487,25259,193343
18488,25142,193343
18489,25234,193343
18490,14407,104050
18491,4175,104074
18492,7420,104075
18493,360,104080
18494,19484,104095
18495,19485,104095
18496,24712,104109
18497,8627,104110
18498,24242,104115
18499,44,104118
18500,4791,104121
18501,11936,104124
18502,7425,104125
18503,7426,104125
18504,17451,104125
18505,18449,104126
18506,20768,104126
18507,21777,104126
18508,2922,104132
18509,2923,104132
18510,26727,104149
18511,4745,104149
18512,14267,104150
18513,14267,104364
18514,25124,193409
18515,24974,193409
18516,366,104155
18517,27303,104155
18518,5865,104162
18519,12327,104162
18520,19630,104163
18521,10826,104164
18522,12678,104164
18523,25559,104165
18524,4502,193401
18525,25162,193401
18526,4130,193401
18527,16006,104167
18528,16007,104167
18529,26912,104170
18530,23963,104172
18531,2971,104173
18532,3169,104173
18533,23287,104175
18534,27938,104180
18535,3793,104184
18536,19486,104184
18537,18360,104187
18538,6547,104193
18539,6605,104193
18540,24594,104196
18541,2334,104200
18542,27262,104204
18543,24792,104208
18544,24793,104208
18545,24872,104210
18546,3979,104212
18547,3980,104212
18548,6926,104212
18549,24228,104212
18550,24806,104215
18551,17897,104218
18552,26494,104220
18553,19448,104221
18554,16008,104224
18555,9080,104225
18556,16096,104225
18557,17929,104225
18558,24602,104228
18559,27208,104230
18560,19339,104239
18561,15395,104241
18562,15395,104315
18563,15395,155527
18564,15396,104241
18565,15396,104315
18566,15396,155527
18567,16806,104241
18568,16806,104315
18569,16806,155527
18570,12563,104244
18571,14685,104245
18572,4405,193451
18573,19535,104247
18574,25177,193443
18575,25180,193443
18576,26409,104249
18577,1794,104250
18578,19540,104250
18579,21107,104250
18580,7766,104258
18581,3025,193423
18582,25313,193423
18583,27756,104260
18584,27756,193423
18585,24645,104262
18586,24698,104262
18587,12778,104265
18588,14280,104265
18589,15023,104265
18590,24762,104266
18591,22830,104268
18592,25508,104268
18593,25509,104268
18594,25510,104268
18595,3466,104269
18596,8182,104269
18597,19423,104274
18598,20123,104277
18599,20123,104278
18600,20124,104277
18601,20124,104278
18602,11420,104282
18603,18903,104282
18604,18904,104282
18605,24611,104285
18606,24572,104293
18607,24695,104293
18608,670,104299
18609,15120,104301
18610,27964,104302
18611,24544,104307
18612,24545,104307
18613,14050,104308
18614,21076,104309
18615,2440,104314
18616,22125,104314
18617,8654,104319
18618,21576,104319
18619,6537,104320
18620,26253,104322
18621,26397,104323
18622,2552,104325
18623,23454,104328
18624,11499,104330
18625,198,104331
18626,7255,104331
18627,11902,104331
18628,18010,104331
18629,10687,104332
18630,24874,104336
18631,24102,104349
18632,24103,104349
18633,8868,104355
18634,25520,104357
18635,25575,104357
18636,24148,104359
18637,25161,104365
18638,12378,104367
18639,4094,193438
18640,4081,193438
18641,4095,193438
18642,3765,104374
18643,25838,104389
18644,12147,134252
18645,1140,104393
18646,17450,104394
18647,18170,118687
18648,10429,104407
18649,14405,104407
18650,14027,104415
18651,7527,104416
18652,7528,104416
18653,18547,104416
18654,22077,104416
18655,2577,104417
18656,24561,104417
18657,27609,104417
18658,2618,104418
18659,16365,104423
18660,16366,104423
18661,2732,104425
18662,25131,104431
18663,25131,193417
18664,24589,104434
18665,24767,104434
18666,6031,104436
18667,10948,104436
18668,15112,104436
18669,26222,104442
18670,2070,104478
18671,19601,104478
18672,24828,104478
18673,23290,104482
18674,26011,104482
18675,9118,104483
18676,2268,104485
18677,5804,104493
18678,16526,104500
18679,23342,104500
18680,12098,104501
18681,14741,104501
18682,4900,104502
18683,5116,104502
18684,5122,104510
18685,24715,104511
18686,24885,104511
18687,2442,104512
18688,24259,104512
18689,26297,104514
18690,26408,104514
18691,20028,104516
18692,4346,193442
18693,19771,104520
18694,18946,104530
18695,19597,104531
18696,23786,104531
18697,19301,104604
18698,19301,132255
18699,19302,104604
18700,19302,132255
18701,19504,104604
18702,19504,132255
18703,3595,104881
18704,19214,104956
18705,5044,104957
18706,5045,104957
18707,18725,105020
18708,26557,105020
18709,26699,105020
18710,1919,105380
18711,8584,105380
18712,12702,105380
18713,466,105381
18714,16359,105381
18715,21620,105387
18716,21620,105560
18717,10284,105388
18718,19465,105395
18719,14433,105396
18720,26495,105402
18721,21093,105403
18722,5474,105404
18723,5475,105404
18724,7586,105404
18725,12010,105415
18726,24759,105425
18727,24218,105427
18728,24219,105427
18729,24220,105427
18730,6932,105433
18731,25182,193415
18732,25250,193415
18733,6374,105448
18734,11994,105448
18735,5049,105449
18736,5050,105449
18737,5051,105449
18738,18341,105452
18739,18343,105452
18740,21154,105452
18741,26134,105459
18742,26135,105459
18743,6674,105469
18744,6675,105469
18745,16652,105469
18746,3968,105473
18747,26324,105477
18748,319,105482
18749,319,134630
18750,11301,105482
18751,11301,134630
18752,18495,105484
18753,5788,105488
18754,16283,105491
18755,19353,105496
18756,14335,105498
18757,21352,105502
18758,24104,105502
18759,6262,105507
18760,17578,105507
18761,1227,105508
18762,24035,105513
18763,24035,119761
18764,8517,105520
18765,21596,105520
18766,5872,105528
18767,5873,105528
18768,5874,105528
18769,26266,105561
18770,23151,105564
18771,23152,105564
18772,23153,105564
18773,23155,105564
18774,25270,105566
18775,25270,193453
18776,203,193453
18777,10292,105569
18778,10292,131671
18779,10293,105569
18780,10293,131671
18781,21374,105569
18782,21374,131671
18783,1508,105577
18784,2661,105581
18785,2669,105581
18786,26164,105581
18787,26254,105581
18788,24100,105584
18789,24101,105584
18790,24264,105584
18791,15899,105586
18792,19757,105593
18793,6522,105595
18794,6523,105595
18795,25612,105598
18796,26125,105600
18797,26638,105607
18798,19361,105610
18799,19611,105611
18800,23734,105614
18801,26014,105615
18802,23083,105616
18803,8170,105619
18804,18003,105619
18805,2576,105620
18806,26012,105620
18807,27008,105620
18808,4202,105622
18809,6959,105622
18810,6960,105622
18811,6961,105622
18812,16079,105626
18813,16079,105627
18814,26448,105633
18815,2591,105635
18816,2568,105636
18817,24573,105637
18818,24574,105637
18819,24575,105637
18820,25075,193441
18821,21009,105643
18822,24671,105649
18823,24808,105649
18824,6360,105652
18825,21261,105667
18826,10615,105669
18827,10615,133563
18828,10615,133564
18829,3026,105684
18830,6559,105685
18831,6560,105685
18832,25225,105686
18833,26436,105689
18834,4450,105696
18835,16272,105696
18836,17952,105696
18837,3618,105703
18838,20630,105709
18839,10559,105710
18840,16564,105712
18841,25278,193433
18842,14404,105723
18843,13436,105726
18844,25017,193392
18845,26416,105741
18846,24785,105743
18847,21302,105744
18848,11086,105747
18849,25129,105750
18850,8193,105752
18851,14820,105752
18852,22022,105752
18853,25190,193389
18854,25189,193389
18855,4420,105754
18856,15010,105754
18857,11224,105757
18858,14317,105757
18859,1828,105758
18860,25319,193450
18861,224,193403
18862,27652,105768
18863,27653,105768
18864,25045,193408
18865,25666,193408
18866,2620,193408
18867,551,105770
18868,24370,105790
18869,24370,119423
18870,12746,105809
18871,12776,105814
18872,26550,105841
18873,6587,105845
18874,7802,105845
18875,7807,105845
18876,23389,105845
18877,26325,105873
18878,5440,105884
18879,10449,105884
18880,14198,105884
18881,9102,105956
18882,6394,105993
18883,6395,105993
18884,18608,106003
18885,18608,136398
18886,18608,193497
18887,25304,193497
18888,15981,106034
18889,15981,132171
18890,15982,106034
18891,15982,132171
18892,24124,106090
18893,5852,106104
18894,12333,106104
18895,18574,106119
18896,26452,106119
18897,27620,106125
18898,12312,106128
18899,716,106137
18900,24699,106137
18901,17862,106142
18902,17863,106142
18903,19372,106143
18904,27660,106175
18905,2592,106193
18906,18586,106193
18907,2569,106202
18908,6702,106202
18909,12319,106202
18910,24781,106202
18911,27580,106209
18912,7391,106237
18913,20057,106251
18914,19519,106275
18915,22825,168816
18916,23503,168816
18917,23514,168816
18918,23531,168816
18919,25539,168816
18920,19300,106280
18921,24694,106281
18922,24864,106281
18923,2572,106286
18924,2585,106286
18925,24684,106287
18926,24685,106287
18927,3757,106294
18928,19505,106329
18929,22130,106329
18930,2952,106350
18931,4237,106350
18932,8805,106407
18933,16182,106407
18934,22211,106407
18935,22292,106407
18936,18302,106438
18937,1590,106443
18938,19337,106443
18939,6319,106458
18940,12744,106458
18941,21111,106458
18942,21112,106458
18943,12659,106459
18944,26792,106492
18945,8086,106504
18946,13458,106517
18947,3738,106518
18948,16094,106518
18949,16618,106539
18950,8633,106541
18951,24741,106574
18952,730,106576
18953,731,106576
18954,17402,106576
18955,5368,106582
18956,8624,106590
18957,8665,106590
18958,2542,106602
18959,24324,106602
18960,15234,106623
18961,17876,106625
18962,17877,106625
18963,18423,106625
18964,1731,106626
18965,1732,106626
18966,16628,106626
18967,27144,106626
18968,15308,106639
18969,2473,106655
18970,17085,106656
18971,15848,106657
18972,10999,106665
18973,27969,106665
18974,17182,106667
18975,19522,106680
18976,2172,106793
18977,8832,106824
18978,9816,106824
18979,19164,106824
18980,1468,106825
18981,2997,106825
18982,25658,106825
18983,15829,106827
18984,14075,106838
18985,16705,106838
18986,18749,106838
18987,18750,106838
18988,6028,106890
18989,19219,106890
18990,19298,106890
18991,9044,106897
18992,13020,106897
18993,1788,106925
18994,5374,106925
18995,18287,107198
18996,12777,106932
18997,12777,107198
18998,23921,106937
18999,24962,106965
19000,24962,193319
19001,377,193319
19002,6504,106968
19003,23922,106976
19004,15155,106988
19005,16121,106988
19006,16122,106988
19007,19514,106988
19008,24326,106994
19009,19528,107024
19010,26165,107026
19011,23984,107042
19012,23985,107042
19013,26521,107046
19014,10528,107054
19015,2241,107058
19016,5850,107058
19017,8283,107058
19018,6654,107061
19019,16120,107061
19020,9607,107092
19021,13216,107092
19022,14585,107092
19023,18138,107092
19024,18139,107092
19025,5053,107101
19026,5053,107496
19027,5054,107101
19028,5054,107496
19029,10376,107101
19030,10376,107496
19031,8365,107105
19032,8365,107111
19033,8865,107105
19034,8865,107111
19035,14214,107105
19036,14214,107111
19037,5627,107105
19038,5627,107111
19039,7717,107107
19040,12630,107107
19041,9597,107117
19042,27916,107117
19043,21429,107118
19044,4292,107141
19045,18193,107141
19046,270,107142
19047,5854,107142
19048,15227,107143
19049,17426,107143
19050,3824,107146
19051,3824,124048
19052,9687,107148
19053,445,107149
19054,5827,107149
19055,10090,107149
19056,10091,107149
19057,1752,107154
19058,1753,107154
19059,1243,107155
19060,7730,107155
19061,22236,107156
19062,7386,107158
19063,9831,107159
19064,8434,107162
19065,3592,107164
19066,13083,107164
19067,3269,107165
19068,3269,140969
19069,3269,147235
19070,3528,107165
19071,3528,140969
19072,3528,147235
19073,6010,107165
19074,6010,140969
19075,6010,147235
19076,9594,107165
19077,9594,140969
19078,9594,147235
19079,10129,107165
19080,10129,140969
19081,10129,147235
19082,10128,107165
19083,10128,140969
19084,10128,147235
19085,6264,107169
19086,17461,107170
19087,3270,107171
19088,16720,107171
19089,11283,107172
19090,12129,107181
19091,16725,107181
19092,18274,107181
19093,8470,107182
19094,12106,107182
19095,1153,107206
19096,24354,107216
19097,24354,135736
19098,14806,107218
19099,1534,107227
19100,15106,107227
19101,15000,107236
19102,19136,107236
19103,20980,107236
19104,20731,107237
19105,20736,107237
19106,12699,107238
19107,12699,119241
19108,12700,107238
19109,12700,119241
19110,24211,107244
19111,24212,107244
19112,21313,107256
19113,2098,107277
19114,6688,107277
19115,16053,107278
19116,16159,107278
19117,11060,107296
19118,16119,107296
19119,4712,107297
19120,985,107300
19121,985,107301
19122,984,107300
19123,984,107301
19124,16768,107302
19125,16768,107303
19126,27368,107302
19127,27368,107303
19128,16555,107446
19129,13129,107467
19130,16077,107467
19131,20512,107467
19132,16733,107477
19133,3590,107483
19134,3590,107494
19135,19849,107483
19136,19849,107494
19137,19850,107483
19138,19850,107494
19139,19851,107483
19140,19851,107494
19141,8964,107523
19142,9552,107523
19143,9553,107523
19144,14870,107523
19145,16734,107523
19146,986,107539
19147,7744,107539
19148,20306,107583
19149,20307,107583
19150,20308,107583
19151,13025,107585
19152,13026,107585
19153,16127,107692
19154,5629,107735
19155,10195,107735
19156,9336,107769
19157,15742,107769
19158,1895,107774
19159,7721,107774
19160,18098,107774
19161,27990,107774
19162,6092,107783
19163,9652,107784
19164,27058,107784
19165,7873,107787
19166,599,107802
19167,7189,107802
19168,18056,107815
19169,18555,107815
19170,25594,107815
19171,17284,107823
19172,27703,107823
19173,1413,107824
19174,1413,118942
19175,13099,107824
19176,13099,118942
19177,27934,107827
19178,27934,107834
19179,1647,107828
19180,16142,107828
19181,1093,107839
19182,7972,107840
19183,9399,107840
19184,17263,107840
19185,17966,107847
19186,20930,107847
19187,7928,107885
19188,21696,107906
19189,10551,107921
19190,16147,107992
19191,6439,108003
19192,9152,108017
19193,8635,108022
19194,10702,108022
19195,12020,108022
19196,7871,108052
19197,21613,108052
19198,1703,108067
19199,1948,108098
19200,11662,108098
19201,18700,108098
19202,19713,108141
19203,12287,108142
19204,210,108150
19205,17082,108150
19206,3012,108204
19207,1069,108215
19208,11999,108215
19209,2058,108240
19210,12574,108240
19211,2201,108262
19212,4092,108262
19213,9891,108262
19214,13067,108272
19215,13068,108272
19216,13069,108272
19217,21164,108274
19218,8983,108335
19219,9067,108335
19220,15441,108335
19221,11546,108373
19222,12921,108390
19223,4186,108452
19224,16616,108462
19225,22282,108462
19226,1971,108467
19227,10834,108467
19228,16872,108467
19229,18840,108467
19230,13919,108468
19231,16871,108468
19232,16873,108468
19233,498,108471
19234,1195,108471
19235,8502,108471
19236,12094,108471
19237,6718,108528
19238,12338,108528
19239,8320,108576
19240,17640,108605
19241,17640,108606
19242,21160,108605
19243,21160,108606
19244,7213,108608
19245,21745,108628
19246,8681,108637
19247,8683,108637
19248,25817,108637
19249,25818,108637
19250,8679,108637
19251,8679,135944
19252,27068,135944
19253,16712,108639
19254,16909,108644
19255,16916,108644
19256,20550,108674
19257,20780,108674
19258,5688,108680
19259,3577,108683
19260,16422,108683
19261,5394,108686
19262,5395,108686
19263,10878,108686
19264,12786,108690
19265,16917,108690
19266,16918,108690
19267,17116,108690
19268,6696,108693
19269,15839,108693
19270,3071,108694
19271,16908,108694
19272,16910,108694
19273,13459,108696
19274,13459,145174
19275,16428,108696
19276,16428,145174
19277,12103,108703
19278,18324,108703
19279,16921,108706
19280,7017,108757
19281,10777,108815
19282,10777,133930
19283,18960,108815
19284,18960,133930
19285,21328,108815
19286,21328,133930
19287,27613,108928
19288,24659,108973
19289,24660,108973
19290,24661,108973
19291,24679,108974
19292,24691,108974
19293,27745,108974
19294,16926,109069
19295,20146,109069
19296,6669,109262
19297,15856,109262
19298,12018,109263
19299,4281,109264
19300,6496,109269
19301,14188,109320
19302,18774,109320
19303,21846,109320
19304,19243,109399
19305,19243,109407
19306,19243,133923
19307,19243,136103
19308,2775,109399
19309,2775,109407
19310,2775,133923
19311,2775,136103
19312,19335,109399
19313,19335,109407
19314,19335,133923
19315,19335,136103
19316,2022,109399
19317,2022,109407
19318,2022,133923
19319,2022,136103
19320,13943,109407
19321,13943,136103
19322,21375,109518
19323,21376,109518
19324,16062,109549
19325,9406,109563
19326,22145,109563
19327,15817,109576
19328,15817,147553
19329,15817,147619
19330,4091,109577
19331,15466,109577
19332,9897,109606
19333,9897,109607
19334,9898,109606
19335,9898,109607
19336,7048,109614
19337,15247,109614
19338,22458,109614
19339,22459,109614
19340,13283,109615
19341,9404,109619
19342,16948,109637
19343,2636,109640
19344,2020,109642
19345,5265,109642
19346,2099,109643
19347,13252,109643
19348,15917,109669
19349,22415,109669
19350,16955,109712
19351,24563,109721
19352,24564,109721
19353,18284,109815
19354,18321,109815
19355,16815,109817
19356,16815,119243
19357,18156,109817
19358,18156,119243
19359,17831,109818
19360,17831,122601
19361,17830,109818
19362,17830,122601
19363,17832,109818
19364,17832,122601
19365,21546,109819
19366,2056,109828
19367,2057,109828
19368,27979,109828
19369,25167,193589
19370,25166,109831
19371,25166,193589
19372,25168,193589
19373,10658,109838
19374,4840,109851
19375,795,109913
19376,15628,109913
19377,17160,109913
19378,18596,109913
19379,6201,109915
19380,22434,109915
19381,2293,109922
19382,2293,147628
19383,15613,109922
19384,15613,147628
19385,16978,109922
19386,16978,147628
19387,16979,109922
19388,16979,147628
19389,16980,109922
19390,16980,147628
19391,20593,109922
19392,20593,147628
19393,16977,109924
19394,9411,109932
19395,16990,109943
19396,22482,109945
19397,20238,109946
19398,3297,109947
19399,16984,109947
19400,24074,110057
19401,26331,110074
19402,11426,110075
19403,4127,110081
19404,4316,110089
19405,24313,110089
19406,24314,110089
19407,24315,110089
19408,24120,110092
19409,3070,110093
19410,17053,110101
19411,16191,110125
19412,17021,110125
19413,25219,193559
19414,25730,110170
19415,7108,110173
19416,16193,110180
19417,17026,110180
19418,27214,110180
19419,17029,110197
19420,775,110218
19421,775,110219
19422,18830,110218
19423,18830,110219
19424,20670,110240
19425,20670,110248
19426,5073,110249
19427,7324,110249
19428,12170,110249
19429,20456,110249
19430,16195,110273
19431,21493,110274
19432,9219,110275
19433,17034,110275
19434,7817,110276
19435,13214,110276
19436,6972,110279
19437,8075,110290
19438,8075,110304
19439,10522,110293
19440,15799,110293
19441,1053,110323
19442,1500,110332
19443,24859,110332
19444,1934,110354
19445,7790,110370
19446,14232,110370
19447,16504,110370
19448,6200,110410
19449,24368,110449
19450,24369,110449
19451,19392,110462
19452,19392,110469
19453,11708,110480
19454,11960,110480
19455,14330,110480
19456,6009,110481
19457,7879,110481
19458,20959,110481
19459,22497,110481
19460,860,110482
19461,861,110482
19462,1117,110482
19463,17301,110482
19464,17361,110482
19465,17055,110484
19466,17056,110484
19467,10374,110491
19468,25733,110491
19469,23916,110502
19470,24381,110502
19471,24382,110502
19472,23166,174543
19473,23204,174543
19474,4688,110504
19475,26122,110504
19476,26317,110504
19477,26318,110504
19478,20538,110506
19479,26118,110514
19480,26119,110514
19481,26427,110514
19482,267,110526
19483,2072,110526
19484,26858,110527
19485,1836,110529
19486,4447,110529
19487,11435,110529
19488,18200,110531
19489,1208,110536
19490,11591,110536
19491,17059,110541
19492,2878,110557
19493,17101,110557
19494,16206,110563
19495,3723,110585
19496,7951,110585
19497,9665,110585
19498,8776,110586
19499,6974,110735
19500,12487,110745
19501,145,110778
19502,4254,110778
19503,5545,110778
19504,27713,110778
19505,27536,110785
19506,10060,110796
19507,17222,110796
19508,6912,110816
19509,19179,110816
19510,11781,110822
19511,17089,110822
19512,20097,110822
19513,9425,110829
19514,9425,147185
19515,11055,110856
19516,13752,110856
19517,4269,110871
19518,4269,144830
19519,17103,110871
19520,17103,144830
19521,22920,163294
19522,22921,163294
19523,22922,163294
19524,8932,110921
19525,9423,110921
19526,22085,110921
19527,27730,110921
19528,17736,110953
19529,17736,114615
19530,17736,143532
19531,16924,110953
19532,16924,114615
19533,16924,143532
19534,15663,110951
19535,16619,110951
19536,16222,110954
19537,2982,110956
19538,2982,146779
19539,2803,110960
19540,9093,110964
19541,17118,110964
19542,27623,110966
19543,27623,111016
19544,16935,110973
19545,441,110987
19546,11577,110983
19547,11577,114776
19548,17124,110983
19549,17124,114776
19550,18797,110984
19551,17741,110998
19552,108,111002
19553,23271,111007
19554,23272,111007
19555,25543,111007
19556,23895,111040
19557,24097,111040
19558,8628,111042
19559,18144,111064
19560,6195,111079
19561,8980,111079
19562,9694,111079
19563,21930,111079
19564,20936,111080
19565,4438,111090
19566,662,111104
19567,7445,111104
19568,4250,111107
19569,14065,111107
19570,3127,111139
19571,28027,111139
19572,17202,111191
19573,1969,111207
19574,2333,111207
19575,11400,111207
19576,18593,111207
19577,417,111242
19578,19155,111262
19579,19156,111262
19580,19157,111262
19581,13621,111284
19582,1769,111293
19583,12768,111293
19584,435,111306
19585,2077,111306
19586,17309,111306
19587,24184,111321
19588,26798,111326
19589,26798,111346
19590,6268,111350
19591,26809,111350
19592,9459,111362
19593,4799,111403
19594,10139,111403
19595,17326,111403
19596,17327,111403
19597,3691,111404
19598,3717,111404
19599,10191,111404
19600,10194,111404
19601,20098,111404
19602,195,111410
19603,753,111410
19604,884,111410
19605,14247,111472
19606,14248,111472
19607,14249,111472
19608,17344,111479
19609,17344,111480
19610,9679,111491
19611,13422,111491
19612,13423,111491
19613,21458,111499
19614,1686,111511
19615,1686,146950
19616,1691,111511
19617,1691,146950
19618,1178,111529
19619,2864,111529
19620,25940,111622
19621,17369,111624
19622,17369,111625
19623,13028,111675
19624,25866,111675
19625,16018,111678
19626,16329,111678
19627,17438,111678
19628,22443,111678
19629,5513,111702
19630,12408,111702
19631,3570,111713
19632,17453,111713
19633,8587,111844
19634,8587,111851
19635,8587,131577
19636,13441,111844
19637,13441,131577
19638,18290,111844
19639,18290,131577
19640,18882,111844
19641,18882,131577
19642,11375,111855
19643,24342,111868
19644,24388,111868
19645,24389,111868
19646,16314,111872
19647,20205,111881
19648,20314,111882
19649,20724,111882
19650,3255,111886
19651,17376,111886
19652,8986,111888
19653,12427,111888
19654,27226,111889
19655,27227,111889
19656,3296,111892
19657,17133,111893
19658,16143,111894
19659,9030,111895
19660,17481,112088
19661,17482,112088
19662,19363,112095
19663,20214,112102
19664,6404,112119
19665,16490,112119
19666,16491,112119
19667,17488,112127
19668,17378,112128
19669,17493,112186
19670,17493,129113
19671,17493,141713
19672,17495,112186
19673,17495,129113
19674,17495,141713
19675,17496,112186
19676,17496,129113
19677,17496,141713
19678,5771,112186
19679,5771,129113
19680,5771,141713
19681,17494,112186
19682,17494,129113
19683,17494,141713
19684,5480,112186
19685,5480,129113
19686,5480,141713
19687,7306,112220
19688,19436,112294
19689,19437,112294
19690,207,112305
19691,24758,112305
19692,9654,112347
19693,5087,112363
19694,19303,112363
19695,19304,112363
19696,17515,112377
19697,11491,112378
19698,17517,112407
19699,17303,112434
19700,17306,112434
19701,5944,112437
19702,11862,112466
19703,17522,112471
19704,9917,112477
19705,9918,112477
19706,1886,112491
19707,3869,112491
19708,2947,112492
19709,15705,112492
19710,17523,112492
19711,24657,112496
19712,17526,112498
19713,21324,112502
19714,1890,112503
19715,1891,112503
19716,16020,112503
19717,1048,193350
19718,25164,112523
19719,25164,193350
19720,25321,193350
19721,6544,112527
19722,25599,112527
19723,5386,112534
19724,5387,112534
19725,24410,112535
19726,5096,112537
19727,18738,112537
19728,15857,112539
19729,3820,112568
19730,3820,139284
19731,3837,112568
19732,3837,139284
19733,9908,112568
19734,9908,139284
19735,14922,112571
19736,14923,112571
19737,4566,112633
19738,17947,112641
19739,6941,112672
19740,24090,112678
19741,17681,112680
19742,23809,112747
19743,23809,141621
19744,3240,112796
19745,5229,112796
19746,5916,112796
19747,5917,112796
19748,6729,112796
19749,24593,112812
19750,24616,112812
19751,24772,112812
19752,27215,112812
19753,11705,112817
19754,5201,112821
19755,11934,112821
19756,5857,112829
19757,7900,112829
19758,17559,112829
19759,17560,112829
19760,17561,112829
19761,17562,112829
19762,24619,112833
19763,24620,112833
19764,2027,112838
19765,1369,112860
19766,19580,112860
19767,21045,112860
19768,12357,112872
19769,27055,112872
19770,945,112925
19771,1994,112940
19772,26947,112948
19773,26947,140919
19774,6764,112948
19775,6764,140919
19776,18417,112956
19777,12815,112995
19778,27019,113020
19779,25795,113020
19780,25589,193269
19781,25217,193269
19782,18333,113030
19783,8152,113103
19784,11750,113142
19785,20994,113146
19786,1558,113160
19787,14449,113160
19788,15462,113160
19789,20774,113160
19790,7292,113189
19791,13569,113189
19792,17334,113189
19793,17593,113189
19794,2936,113250
19795,2936,116826
19796,2936,135907
19797,2936,154053
19798,433,113285
19799,433,113286
19800,2396,113295
19801,6594,113295
19802,12330,113295
19803,20453,113295
19804,22024,113295
19805,18556,113297
19806,19042,113297
19807,19697,113297
19808,21069,113297
19809,9061,113302
19810,10589,113314
19811,15375,113316
19812,20901,113322
19813,17448,113332
19814,15068,113335
19815,19140,113336
19816,17637,113419
19817,17430,113424
19818,18932,113424
19819,14632,113425
19820,14632,113426
19821,1778,113485
19822,17387,113485
19823,17388,113485
19824,17389,113485
19825,6054,113508
19826,6054,145022
19827,9616,113521
19828,16694,113521
19829,17646,113521
19830,4367,113526
19831,9501,113526
19832,17649,113526
19833,9927,113528
19834,16989,113528
19835,9666,113536
19836,27192,113536
19837,9996,113551
19838,10001,113551
19839,10002,113551
19840,16530,113586
19841,3620,113605
19842,5240,113605
19843,9620,113607
19844,25980,113607
19845,26469,113620
19846,17804,113623
19847,17804,138179
19848,13993,113677
19849,13993,126008
19850,14591,113678
19851,6225,113679
19852,17320,113679
19853,17341,113680
19854,17345,113680
19855,5150,113682
19856,17322,113682
19857,20421,113682
19858,5989,113685
19859,5990,113685
19860,7097,113685
19861,20652,113685
19862,20695,113685
19863,9726,113688
19864,2160,113718
19865,14926,113718
19866,19677,113718
19867,1795,113738
19868,10023,113738
19869,16664,113751
19870,12926,113768
19871,10740,113802
19872,17669,113802
19873,17670,113802
19874,14592,113840
19875,17672,113840
19876,17673,113840
19877,3024,193265
19878,27602,113853
19879,27603,113853
19880,5744,113884
19881,9452,113901
19882,4261,113916
19883,25747,113916
19884,5043,113941
19885,4474,113945
19886,4474,113947
19887,8392,113945
19888,8392,113947
19889,7212,113950
19890,10586,113950
19891,15633,113950
19892,8751,113952
19893,17684,113952
19894,12472,113966
19895,7181,113967
19896,10230,113969
19897,14702,113969
19898,3734,113992
19899,13562,113992
19900,13710,113992
19901,14819,113992
19902,14995,113992
19903,20317,113992
19904,21735,113992
19905,21736,113992
19906,9528,113993
19907,4634,114014
19908,27263,114032
19909,6479,114045
19910,12620,114054
19911,7013,114065
19912,19515,114065
19913,5004,114067
19914,9280,114067
19915,15841,114067
19916,1368,114068
19917,9442,114068
19918,3085,114072
19919,59,114073
19920,21430,114073
19921,17220,114075
19922,7781,114078
19923,13280,114078
19924,20382,114082
19925,20382,156728
19926,1205,114084
19927,6887,114084
19928,17698,114084
19929,8998,114114
19930,19524,114126
19931,2413,114135
19932,6837,114135
19933,27888,114155
19934,2743,114238
19935,5714,114241
19936,7604,114241
19937,8448,114242
19938,14627,114242
19939,7909,114244
19940,27041,114255
19941,16395,114256
19942,8369,114279
19943,15419,114279
19944,10661,114322
19945,13511,114322
19946,17709,114322
19947,21178,114325
19948,10838,114418
19949,21508,114418
19950,21738,114418
19951,21738,141817
19952,21770,114418
19953,27237,114420
19954,27237,145143
19955,667,114424
19956,4890,114445
19957,4890,133206
19958,12257,114445
19959,12257,133206
19960,24865,114527
19961,5973,114535
19962,9598,114535
19963,327,114543
19964,13466,114585
19965,22216,114592
19966,11933,114593
19967,17729,114593
19968,25023,193480
19969,25022,193480
19970,26250,114632
19971,17735,114653
19972,17119,114686
19973,17120,114686
19974,17743,114710
19975,16927,114735
19976,17373,114740
19977,17739,114740
19978,21966,142607
19979,21965,142607
19980,10731,114755
19981,21142,114755
19982,21186,114755
19983,21785,114755
19984,12772,114765
19985,25674,114765
19986,8552,114770
19987,8553,114770
19988,100,114800
19989,5430,114800
19990,11279,114800
19991,28021,114800
19992,16054,114810
19993,16054,114813
19994,16054,122464
19995,12583,114810
19996,12583,114813
19997,12583,122464
19998,12204,114815
19999,1485,114820
20000,17747,114820
20001,21327,114820
20002,20064,114825
20003,1634,114826
20004,27134,114826
20005,2999,114828
20006,3061,114828
20007,6511,114832
20008,17749,114836
20009,11638,114927
20010,8691,114960
20011,1739,114970
20012,22477,114970
20013,12360,115014
20014,12360,119973
20015,22427,115173
20016,9504,115179
20017,9504,115180
20018,15491,115179
20019,15491,115180
20020,17328,115247
20021,17984,115274
20022,4145,115293
20023,8353,115293
20024,3480,115337
20025,5546,115337
20026,17993,115420
20027,17994,115420
20028,17995,115420
20029,20273,115420
20030,24687,115427
20031,24854,115427
20032,24863,115427
20033,1211,115447
20034,1212,115447
20035,2083,115449
20036,19403,115449
20037,10304,115468
20038,11887,115468
20039,12389,115472
20040,19525,115475
20041,19525,124915
20042,19525,127935
20043,23811,115566
20044,26140,115572
20045,6033,115573
20046,19346,115573
20047,2232,115589
20048,2233,115589
20049,3124,115589
20050,4854,115589
20051,2715,115590
20052,27031,115601
20053,17782,115622
20054,287,115643
20055,1797,115643
20056,18019,115643
20057,22375,115643
20058,6368,115675
20059,6368,119281
20060,6367,115675
20061,6367,119281
20062,18142,115675
20063,18142,119281
20064,6365,115675
20065,6365,119281
20066,8806,115683
20067,25060,115692
20068,5058,115707
20069,2290,115721
20070,946,115722
20071,946,115727
20072,946,152170
20073,2331,115722
20074,2331,115727
20075,2331,152170
20076,5014,115724
20077,5995,115724
20078,3178,115734
20079,937,115750
20080,938,115750
20081,973,115750
20082,27063,115756
20083,15926,115801
20084,8523,115821
20085,8523,115822
20086,11554,115821
20087,11554,115822
20088,21941,115829
20089,24754,115840
20090,24755,115840
20091,18050,115860
20092,24041,115866
20093,26376,115900
20094,26377,115900
20095,3135,115916
20096,5959,115916
20097,5960,115916
20098,21990,115916
20099,18380,115917
20100,17663,116479
20101,17663,154793
20102,10852,116479
20103,10852,154793
20104,2046,116660
20105,2046,148886
20106,2046,148887
20107,2047,116660
20108,2047,148886
20109,2047,148887
20110,12289,116660
20111,12289,148886
20112,12289,148887
20113,1458,116682
20114,11594,116871
20115,11594,140152
20116,12610,116871
20117,12610,140152
20118,16440,116871
20119,16440,140152
20120,22016,116871
20121,22016,140152
20122,6030,117661
20123,1365,117671
20124,1365,132143
20125,771,117671
20126,771,132143
20127,1692,117808
20128,1692,125684
20129,1050,118000
20130,15510,118027
20131,112,118096
20132,24213,118101
20133,24213,122093
20134,24261,118101
20135,24261,122093
20136,2567,118102
20137,24696,118102
20138,24882,118102
20139,17406,118155
20140,19039,118158
20141,10889,118274
20142,18572,118280
20143,27948,118280
20144,5256,118281
20145,5843,118281
20146,11634,118281
20147,12791,118281
20148,3774,118283
20149,10336,118283
20150,11647,118283
20151,2487,118296
20152,19822,118305
20153,90,118318
20154,7751,118318
20155,12426,118324
20156,12784,118324
20157,13930,118324
20158,27689,118324
20159,27861,118324
20160,16421,118326
20161,18089,118326
20162,4578,118331
20163,13910,118331
20164,1725,118333
20165,1725,118334
20166,22243,118337
20167,6877,118342
20168,18104,118347
20169,4597,118349
20170,11702,118349
20171,3655,118356
20172,20012,118374
20173,9063,118377
20174,14069,118377
20175,5119,118398
20176,5505,118398
20177,22294,118414
20178,2404,118438
20179,5667,118438
20180,14393,118438
20181,15521,118438
20182,16453,118438
20183,18113,118438
20184,5524,118444
20185,10393,118444
20186,18121,118444
20187,6849,118447
20188,17789,118447
20189,22465,118447
20190,22466,118447
20191,16052,118464
20192,14959,118471
20193,21523,118471
20194,4190,118474
20195,7000,118474
20196,21730,118474
20197,10032,118475
20198,11746,118477
20199,11747,118477
20200,25721,118477
20201,9220,118479
20202,13207,118479
20203,15279,118479
20204,20104,118485
20205,6160,118493
20206,7981,118493
20207,13137,118493
20208,91,118512
20209,92,118512
20210,18979,118512
20211,20900,118512
20212,9876,118513
20213,9877,118513
20214,18150,118524
20215,18886,118524
20216,1267,118525
20217,1268,118525
20218,10503,118525
20219,5315,118526
20220,5316,118526
20221,27161,118526
20222,15885,118544
20223,25,118585
20224,8196,118585
20225,12823,118585
20226,2436,118588
20227,6635,118588
20228,13938,118588
20229,16613,118591
20230,1161,118598
20231,6581,118598
20232,16448,118598
20233,16449,118598
20234,22045,118598
20235,26380,118663
20236,26421,118663
20237,26422,118663
20238,2660,118677
20239,4070,118677
20240,18530,118688
20241,24911,118692
20242,23824,118695
20243,23824,136089
20244,18635,118695
20245,18635,136089
20246,18568,118718
20247,15190,118851
20248,11749,118861
20249,11749,135725
20250,7850,118861
20251,7850,135725
20252,20779,118861
20253,20779,135725
20254,19084,118877
20255,7799,118889
20256,17980,118889
20257,12881,118890
20258,15967,118905
20259,17138,118910
20260,7282,118911
20261,18230,118911
20262,1906,118936
20263,2407,118936
20264,13965,118936
20265,20888,119063
20266,8708,119065
20267,13403,119065
20268,14530,119067
20269,6857,119074
20270,17647,119074
20271,18257,119074
20272,18258,119074
20273,20121,119075
20274,15700,119101
20275,15938,119101
20276,14134,119145
20277,14262,119145
20278,14374,119145
20279,2848,119194
20280,1860,119208
20281,1860,119209
20282,27301,119208
20283,27301,119209
20284,3350,119208
20285,3350,119209
20286,27300,119208
20287,27300,119209
20288,22068,119240
20289,2687,119247
20290,26075,119247
20291,26701,119248
20292,13552,119254
20293,13626,119254
20294,20565,119254
20295,3155,119262
20296,3155,145603
20297,12898,119262
20298,12898,141155
20299,12898,145603
20300,12126,119262
20301,12126,141155
20302,12126,145603
20303,14610,119264
20304,18293,119276
20305,5946,119285
20306,5947,119285
20307,17853,119309
20308,18299,119309
20309,18300,119309
20310,202,119334
20311,204,119334
20312,340,119334
20313,18312,119334
20314,11235,119419
20315,11236,119419
20316,11237,119419
20317,26887,119454
20318,12458,119456
20319,13532,119456
20320,4680,119462
20321,4681,119462
20322,26098,119464
20323,26327,119464
20324,8743,119471
20325,19620,119537
20326,5327,119543
20327,7288,119546
20328,10494,119546
20329,9836,119576
20330,22207,119576
20331,10752,119624
20332,10753,119624
20333,19309,119642
20334,24191,119642
20335,16641,119654
20336,3810,119659
20337,28048,119661
20338,23334,119682
20339,23335,119682
20340,23336,119682
20341,23337,119682
20342,4973,119689
20343,11650,119698
20344,11651,119698
20345,10832,119706
20346,10832,119708
20347,18367,119706
20348,18367,119708
20349,25890,119706
20350,25890,119708
20351,18298,119795
20352,21709,119795
20353,3098,119796
20354,18379,119798
20355,18381,119799
20356,901,119875
20357,3384,119875
20358,20893,119891
20359,1367,119893
20360,15302,119924
20361,20448,119926
20362,22238,119936
20363,22239,119936
20364,27545,119940
20365,7081,119945
20366,7548,119946
20367,7549,119948
20368,13090,119950
20369,13091,119950
20370,13217,119954
20371,13218,119954
20372,13219,119954
20373,22256,119956
20374,398,119957
20375,6985,119972
20376,26872,119977
20377,18437,119978
20378,19367,119980
20379,16953,119982
20380,18650,119982
20381,18651,119982
20382,18652,119982
20383,19467,119984
20384,5611,119985
20385,11847,119985
20386,19686,119994
20387,19686,134029
20388,25655,119994
20389,25655,134029
20390,1323,119996
20391,1324,119996
20392,17954,120013
20393,17890,120022
20394,23900,120067
20395,23901,120067
20396,2560,120071
20397,24406,120071
20398,14210,120090
20399,20710,120090
20400,20807,120090
20401,20808,120090
20402,19679,120106
20403,19680,120106
20404,10045,120108
20405,9591,120127
20406,20799,120231
20407,27577,120231
20408,8485,120232
20409,17732,120232
20410,5040,120234
20411,10618,120235
20412,25337,193548
20413,1921,120239
20414,2348,120239
20415,26307,120246
20416,6705,120248
20417,15862,120248
20418,26464,120248
20419,11376,120249
20420,27104,120249
20421,25095,193355
20422,9110,120347
20423,9111,120347
20424,9112,120347
20425,19545,120347
20426,12015,120349
20427,18503,120363
20428,18503,147707
20429,18501,120363
20430,18501,147707
20431,11007,120385
20432,11615,120469
20433,11615,122372
20434,11615,199408
20435,14663,120556
20436,18532,120586
20437,18533,120586
20438,24960,120603
20439,18548,120653
20440,21232,120657
20441,18543,120658
20442,18544,120658
20443,18545,120658
20444,18546,120658
20445,17913,120687
20446,4472,120709
20447,6180,120712
20448,6180,194958
20449,11501,120712
20450,11501,194958
20451,11511,120712
20452,11511,194958
20453,24873,120715
20454,11458,120723
20455,4313,120731
20456,24036,120731
20457,4752,120732
20458,26698,120732
20459,22823,120734
20460,22824,120734
20461,18597,120767
20462,19308,120799
20463,19308,153869
20464,1181,120803
20465,11703,120803
20466,18605,120809
20467,13202,120819
20468,20762,120825
20469,4599,120826
20470,24770,120833
20471,19951,120855
20472,21472,120855
20473,13139,120857
20474,18617,120857
20475,829,120861
20476,2841,120861
20477,13255,120862
20478,8782,120872
20479,18622,120872
20480,26504,120888
20481,21847,120946
20482,6322,120980
20483,18638,120980
20484,25212,193491
20485,25150,121033
20486,25150,193491
20487,2545,121058
20488,24150,121058
20489,24151,121058
20490,2557,121059
20491,10591,121059
20492,1939,121072
20493,18068,121072
20494,787,121099
20495,2463,121099
20496,3262,121099
20497,8521,121099
20498,25861,121106
20499,16807,121179
20500,17033,121180
20501,17641,121196
20502,16166,121221
20503,4704,121222
20504,6507,121223
20505,13724,121235
20506,17766,121235
20507,20379,121245
20508,181,121249
20509,18769,121249
20510,17792,121250
20511,1606,121253
20512,11596,121253
20513,11840,121253
20514,13772,121254
20515,17764,121254
20516,8368,121261
20517,10703,121261
20518,4970,121263
20519,18665,121265
20520,18666,121265
20521,11857,121268
20522,14664,121269
20523,14665,121269
20524,19417,121274
20525,578,121276
20526,11502,121276
20527,18553,121276
20528,25696,121281
20529,6419,121283
20530,18043,121283
20531,2726,121292
20532,2725,121292
20533,4595,121293
20534,4596,121293
20535,1098,121296
20536,163,121296
20537,27955,121296
20538,26662,121296
20539,26646,121297
20540,2729,121297
20541,26663,121298
20542,26664,121298
20543,2700,121299
20544,26559,121299
20545,26061,121301
20546,26688,121304
20547,401,121304
20548,26632,121306
20549,25835,121307
20550,26684,121310
20551,14996,121311
20552,26709,121312
20553,26730,121312
20554,2709,121312
20555,2683,121313
20556,2682,121313
20557,2684,121313
20558,28091,121314
20559,990,121318
20560,26660,121318
20561,2680,121322
20562,2678,121322
20563,2679,121322
20564,26620,121323
20565,2717,121325
20566,26747,121325
20567,26681,121326
20568,339,121326
20569,26717,121326
20570,13718,121327
20571,21151,121327
20572,2710,121328
20573,27951,121330
20574,25803,121330
20575,10783,121332
20576,12299,121333
20577,21055,121333
20578,21092,121333
20579,6524,121334
20580,6944,121334
20581,4886,121355
20582,5792,121355
20583,22079,121355
20584,1665,121361
20585,18467,121361
20586,18674,121366
20587,21172,121366
20588,26686,121390
20589,2153,121397
20590,18680,121397
20591,23801,121405
20592,764,121472
20593,8555,121472
20594,17731,121472
20595,12298,121485
20596,21914,121498
20597,24605,121562
20598,24836,121562
20599,18355,121563
20600,24535,121563
20601,2601,121565
20602,24777,121565
20603,24810,121565
20604,19993,121566
20605,24856,121566
20606,2089,121567
20607,24738,121567
20608,24889,121567
20609,2580,121568
20610,2583,121569
20611,24884,121570
20612,24637,121572
20613,796,121574
20614,24590,121574
20615,24570,121576
20616,24595,121576
20617,24665,121576
20618,24822,121577
20619,668,121578
20620,24834,121579
20621,24840,121579
20622,4093,121582
20623,24635,121582
20624,24775,121582
20625,2435,121583
20626,2607,121583
20627,24548,121583
20628,24739,121583
20629,24829,121583
20630,24852,121583
20631,11679,121585
20632,11680,121585
20633,11681,121585
20634,11682,121585
20635,2446,121586
20636,4558,121586
20637,24538,121586
20638,24631,121587
20639,24701,121587
20640,27429,121587
20641,2565,121589
20642,24597,121592
20643,24603,121592
20644,24773,121593
20645,24730,121594
20646,1746,121598
20647,2584,121601
20648,4006,121601
20649,24794,121601
20650,24868,121601
20651,24636,121603
20652,85,121607
20653,2598,121607
20654,24750,121607
20655,289,121608
20656,2604,121608
20657,2265,121611
20658,24609,121611
20659,24825,121611
20660,24855,121613
20661,24877,121613
20662,24618,121614
20663,2599,121616
20664,24814,121616
20665,11011,121618
20666,17651,121618
20667,24843,121618
20668,2573,121619
20669,4387,121619
20670,24674,121619
20671,20050,121620
20672,24809,121621
20673,24849,121623
20674,24676,121624
20675,24677,121624
20676,24678,121624
20677,4393,121639
20678,11296,121655
20679,6609,121677
20680,17102,121677
20681,12208,121700
20682,12208,199368
20683,27033,121730
20684,26579,121730
20685,2549,121776
20686,3237,121776
20687,7408,121777
20688,7409,121777
20689,8294,121779
20690,8295,121779
20691,19274,121780
20692,2649,121795
20693,26339,121795
20694,13525,121796
20695,16276,121829
20696,18664,121836
20697,18708,121837
20698,18710,121837
20699,15830,121841
20700,19455,121841
20701,24588,121869
20702,6528,121910
20703,11982,121943
20704,11983,121943
20705,1949,121946
20706,19575,121946
20707,23795,121966
20708,3141,122019
20709,10933,122026
20710,18566,122026
20711,13658,122028
20712,2256,122031
20713,25108,193588
20714,6324,122073
20715,11972,122074
20716,2245,122078
20717,25681,122110
20718,18735,122112
20719,21939,122154
20720,6576,122163
20721,11457,122168
20722,17865,122248
20723,9150,122263
20724,18762,122264
20725,2626,193571
20726,1958,122296
20727,1958,122306
20728,1436,122308
20729,5582,122308
20730,456,122311
20731,6329,122311
20732,9827,122311
20733,7025,122359
20734,11548,122426
20735,12220,122426
20736,17944,122430
20737,9396,122440
20738,19277,122479
20739,1611,122511
20740,21682,122511
20741,12935,122512
20742,6228,122513
20743,21152,122606
20744,15392,122607
20745,26196,122659
20746,20720,122662
20747,20721,122662
20748,2104,122665
20749,20394,122665
20750,11588,122666
20751,18897,122666
20752,25165,122708
20753,10022,122746
20754,10022,122750
20755,15468,122746
20756,15468,122750
20757,17126,122748
20758,18766,122749
20759,5859,122757
20760,8166,122757
20761,20553,122757
20762,1963,122811
20763,1964,122811
20764,7833,122846
20765,18627,122846
20766,22040,122846
20767,26555,122847
20768,1965,122851
20769,21251,122873
20770,24380,122893
20771,1966,123117
20772,15535,123117
20773,1818,123215
20774,4365,123215
20775,17318,123215
20776,20812,123215
20777,993,123390
20778,19555,123390
20779,1997,123459
20780,1998,123459
20781,19457,123459
20782,7667,123560
20783,2144,123623
20784,22315,123623
20785,8844,123657
20786,1056,123659
20787,15536,123659
20788,1269,123673
20789,1649,123673
20790,1650,123673
20791,2312,123673
20792,12743,123673
20793,2162,123708
20794,12754,123711
20795,26361,123716
20796,9714,123717
20797,26174,123717
20798,16216,123783
20799,19034,123824
20800,4469,123830
20801,24043,123843
20802,7605,123846
20803,16661,123846
20804,21972,123846
20805,16502,123862
20806,16022,123868
20807,16337,123868
20808,10331,123892
20809,24693,123912
20810,19044,123980
20811,19044,123981
20812,5099,123984
20813,6441,123984
20814,10219,123984
20815,18590,123984
20816,9405,123990
20817,18864,123993
20818,19046,123995
20819,19047,123995
20820,19050,123995
20821,26070,123997
20822,7772,124001
20823,7773,124001
20824,8564,124001
20825,17272,124001
20826,11632,124007
20827,3771,124055
20828,3772,124055
20829,12447,124068
20830,12448,124068
20831,12449,124068
20832,14092,124085
20833,14093,124085
20834,4952,124150
20835,4952,124151
20836,17601,124150
20837,17601,124151
20838,11709,124221
20839,19076,124221
20840,19483,124253
20841,25248,124262
20842,25248,132151
20843,25248,193420
20844,25249,124262
20845,25249,132151
20846,25249,193420
20847,8747,124269
20848,19085,124388
20849,19086,124388
20850,19087,124388
20851,27721,124388
20852,10523,124467
20853,15499,124467
20854,19722,124515
20855,25815,124516
20856,9216,124544
20857,16987,124544
20858,2215,124549
20859,10781,124552
20860,10926,124554
20861,7886,124556
20862,11403,124556
20863,18291,124562
20864,27695,124587
20865,13440,124588
20866,13440,145159
20867,18878,124588
20868,18878,145159
20869,20091,124626
20870,21450,124641
20871,21450,124645
20872,15772,124641
20873,15772,124645
20874,17614,124649
20875,53,124673
20876,11140,124673
20877,11141,124673
20878,5678,124680
20879,14514,124680
20880,4143,124681
20881,16201,124681
20882,19847,124681
20883,13172,124682
20884,13238,124682
20885,27120,124682
20886,19731,124694
20887,25717,124696
20888,25933,124696
20889,25934,124696
20890,3639,124701
20891,5527,124766
20892,22248,124766
20893,2389,124772
20894,7765,124772
20895,22884,124773
20896,3508,124783
20897,3745,124783
20898,9785,124783
20899,11753,124783
20900,13210,124783
20901,18332,124785
20902,14707,124793
20903,18884,124793
20904,1742,124797
20905,8019,124802
20906,21105,124804
20907,7201,124814
20908,11459,124828
20909,27053,124828
20910,2865,124909
20911,2865,200931
20912,2866,124909
20913,2866,200931
20914,11462,124910
20915,11987,124910
20916,12592,124910
20917,19196,124910
20918,2029,124922
20919,2846,124961
20920,7930,124961
20921,8319,124961
20922,10469,124961
20923,14747,124961
20924,22262,124961
20925,22263,124961
20926,4415,193339
20927,4026,193339
20928,25330,124976
20929,25004,124977
20930,25184,193478
20931,25306,193483
20932,25132,124980
20933,25260,124983
20934,25316,124983
20935,25305,193292
20936,4320,193341
20937,25152,124985
20938,25152,193341
20939,25125,193309
20940,25307,193309
20941,4016,193330
20942,25324,193330
20943,25179,193457
20944,2617,193457
20945,25272,193457
20946,27287,193457
20947,25000,193363
20948,25006,193363
20949,25010,193363
20950,25005,193363
20951,24964,124995
20952,25163,193607
20953,25033,124996
20954,4052,124998
20955,4052,193606
20956,25327,124998
20957,25327,193606
20958,25328,193606
20959,25185,125003
20960,20309,125003
20961,25147,193512
20962,25287,193477
20963,25084,125007
20964,25084,193477
20965,25213,193477
20966,2031,125008
20967,2031,125009
20968,19920,125008
20969,19920,125009
20970,21565,125008
20971,21565,125009
20972,15122,125296
20973,2444,125313
20974,7722,125313
20975,6058,125325
20976,14756,125325
20977,20529,125325
20978,2826,125337
20979,21237,125475
20980,18562,125502
20981,4111,125539
20982,8728,125561
20983,19215,125626
20984,19216,125626
20985,10361,125685
20986,2614,125826
20987,27722,125826
20988,24744,126239
20989,1933,126252
20990,7050,126252
20991,17586,126252
20992,18579,126252
20993,21265,126252
20994,1900,126254
20995,11471,126254
20996,24131,126601
20997,24132,126601
20998,5512,126927
20999,6593,126932
21000,7798,126932
21001,20982,126963
21002,14840,126966
21003,14841,126966
21004,336,127023
21005,25067,127023
21006,5844,127172
21007,5844,127187
21008,12591,127173
21009,15339,127177
21010,2050,127178
21011,11470,127519
21012,11470,136073
21013,26979,127742
21014,7432,127757
21015,7836,127757
21016,21921,127757
21017,271,127761
21018,608,127761
21019,422,127772
21020,6032,127772
21021,10758,127772
21022,12605,127772
21023,17668,127772
21024,21190,127772
21025,1186,127782
21026,5210,127785
21027,16655,127785
21028,16148,127791
21029,1775,127812
21030,1775,136162
21031,18057,127812
21032,18057,136162
21033,10317,127812
21034,10317,136162
21035,1018,127812
21036,1018,136162
21037,20166,127815
21038,7237,127842
21039,10561,127842
21040,26394,127844
21041,26395,127844
21042,18898,127932
21043,18898,127934
21044,18898,130169
21045,564,127960
21046,21289,127978
21047,22093,127990
21048,237,127996
21049,6828,127996
21050,17597,128084
21051,17597,150475
21052,27748,128089
21053,4207,128098
21054,10529,128113
21055,10535,128113
21056,2052,128198
21057,19314,128198
21058,25265,193458
21059,18693,128484
21060,19220,128494
21061,28043,128497
21062,10873,128578
21063,19683,128588
21064,23813,128659
21065,23814,128659
21066,24329,128659
21067,232,128848
21068,234,128848
21069,233,128848
21070,4329,128919
21071,10967,128919
21072,15117,128919
21073,541,128970
21074,19260,128977
21075,21005,128977
21076,21006,128977
21077,21007,128977
21078,22094,129034
21079,1505,129050
21080,2736,129050
21081,11592,129050
21082,389,129077
21083,390,129077
21084,11846,129077
21085,1074,129163
21086,21133,129163
21087,801,129187
21088,801,136055
21089,1306,129248
21090,3775,129248
21091,19479,129248
21092,2078,129352
21093,2343,129352
21094,12174,129352
21095,9352,129380
21096,10910,129476
21097,17514,129484
21098,2066,129502
21099,2066,150454
21100,9104,129502
21101,9104,150454
21102,18458,129502
21103,18458,150454
21104,10707,129578
21105,10708,129578
21106,4442,129795
21107,26169,129795
21108,26170,129795
21109,8798,129801
21110,8798,149826
21111,8799,129801
21112,8799,149826
21113,12530,129801
21114,12530,149826
21115,2558,129808
21116,24294,129808
21117,24295,129808
21118,1870,129840
21119,19343,129840
21120,17535,130039
21121,15869,130083
21122,15870,130083
21123,15871,130083
21124,11633,130346
21125,11214,130354
21126,19366,130354
21127,26212,130509
21128,26308,130509
21129,26309,130509
21130,26160,130527
21131,26429,130538
21132,3991,130580
21133,19236,130589
21134,19237,130589
21135,19238,130589
21136,3368,130611
21137,7654,130615
21138,7655,130615
21139,7656,130615
21140,21180,130954
21141,19344,130959
21142,19344,146957
21143,19344,146959
21144,405,130969
21145,7061,131147
21146,7061,198877
21147,4039,193609
21148,4038,193609
21149,25119,193609
21150,21239,131311
21151,21239,152476
21152,21239,153538
21153,21366,131311
21154,21366,152476
21155,21366,153538
21156,26965,131525
21157,27917,131525
21158,26551,131525
21159,159,131525
21160,19408,131581
21161,19409,131581
21162,11697,131591
21163,11698,131591
21164,11699,131591
21165,16167,131597
21166,22886,131619
21167,21614,131620
21168,25813,131627
21169,23832,131629
21170,24238,131629
21171,19745,131638
21172,17050,131639
21173,8684,131641
21174,11009,131641
21175,3989,131642
21176,4906,131643
21177,21358,131643
21178,7838,131644
21179,17417,131644
21180,19462,131648
21181,23876,131651
21182,24299,131651
21183,7660,131652
21184,19202,131652
21185,10932,131653
21186,10932,152634
21187,21547,131654
21188,3142,131656
21189,16580,131656
21190,16581,131656
21191,16582,131656
21192,4974,131658
21193,26641,131659
21194,21298,131661
21195,2694,131663
21196,26707,131663
21197,987,131664
21198,25482,131664
21199,1878,131665
21200,23825,131666
21201,23826,131666
21202,23827,131666
21203,23828,131666
21204,23831,131666
21205,24415,131667
21206,4485,131668
21207,24049,131669
21208,815,131670
21209,3203,131675
21210,20794,131683
21211,26441,131694
21212,26442,131694
21213,26443,131694
21214,26444,131694
21215,26445,131694
21216,2946,131696
21217,28075,131696
21218,25149,193251
21219,25314,193251
21220,1597,131726
21221,19435,131745
21222,10472,131751
21223,11405,131751
21224,19723,131751
21225,21049,131751
21226,14160,131760
21227,26568,131791
21228,4749,131791
21229,19664,131795
21230,19670,131801
21231,16574,131814
21232,8696,131835
21233,2084,193304
21234,25342,193304
21235,23952,131853
21236,26676,131854
21237,19539,131856
21238,21969,131856
21239,26714,131858
21240,23945,131863
21241,23946,131863
21242,6653,131870
21243,12288,131870
21244,2721,131873
21245,4903,131898
21246,5403,131898
21247,11145,131902
21248,26596,131907
21249,2685,131907
21250,26573,131907
21251,23639,131915
21252,5157,131924
21253,5075,131925
21254,5075,132154
21255,5074,131925
21256,5074,132154
21257,24331,131927
21258,24332,131927
21259,51,131928
21260,1984,131928
21261,19269,131928
21262,21218,131928
21263,23208,131935
21264,23209,131935
21265,23555,131935
21266,1147,131939
21267,21951,131939
21268,27972,131939
21269,23769,131940
21270,26487,131941
21271,21127,131943
21272,1507,131947
21273,21050,131947
21274,21241,131947
21275,24965,131948
21276,24965,193542
21277,3963,131955
21278,12347,131959
21279,13524,131959
21280,16639,131960
21281,23867,131984
21282,23868,131984
21283,19744,132007
21284,2390,132043
21285,19900,132043
21286,19901,132043
21287,155,132050
21288,23857,132060
21289,26753,132061
21290,26054,132061
21291,1202,132064
21292,1479,132064
21293,23224,132064
21294,5079,132074
21295,7897,132074
21296,11604,132074
21297,14371,132074
21298,12021,132076
21299,24023,132078
21300,11348,132079
21301,19191,132079
21302,7363,132080
21303,7364,132080
21304,7365,132080
21305,15751,132082
21306,27733,132082
21307,27980,132082
21308,26286,132083
21309,3357,132084
21310,25521,132084
21311,3970,132086
21312,3971,132086
21313,3972,132086
21314,2543,132087
21315,18052,132087
21316,24290,132087
21317,12248,132089
21318,25535,132089
21319,1092,132090
21320,26538,132091
21321,1385,132092
21322,5830,132092
21323,27630,132092
21324,12173,132094
21325,6793,132100
21326,24073,132101
21327,24365,132101
21328,2712,132102
21329,26691,132102
21330,26610,132103
21331,26758,132103
21332,343,132103
21333,26175,132104
21334,5088,132105
21335,19943,132107
21336,19944,132107
21337,27264,132107
21338,2674,132113
21339,21761,132113
21340,11669,132114
21341,17840,132114
21342,19131,132114
21343,2675,132115
21344,26319,132116
21345,17675,132117
21346,24121,132118
21347,24639,132119
21348,24638,132119
21349,24546,132119
21350,11901,132123
21351,23919,132125
21352,23920,132125
21353,17740,132126
21354,21250,132126
21355,1199,132127
21356,27766,132127
21357,24249,132128
21358,24275,132128
21359,27245,132129
21360,2600,132133
21361,24641,132133
21362,24270,132134
21363,1441,132136
21364,3334,132136
21365,15047,132136
21366,17354,132137
21367,26569,132138
21368,3984,132139
21369,3985,132139
21370,7567,132145
21371,8134,132145
21372,11289,132146
21373,5727,132150
21374,18702,132150
21375,26761,132150
21376,24327,132152
21377,24328,132152
21378,4784,132153
21379,10966,132153
21380,21373,132153
21381,19703,132155
21382,24282,132156
21383,10470,132157
21384,2526,132159
21385,23300,132159
21386,23301,132159
21387,25545,132159
21388,15973,132162
21389,18347,132162
21390,19168,132165
21391,24598,132165
21392,26214,132166
21393,25987,132167
21394,3961,132172
21395,980,132173
21396,2421,132173
21397,27644,132173
21398,1701,132175
21399,23829,132175
21400,23830,132175
21401,23914,132175
21402,23915,132175
21403,24135,132176
21404,3434,132177
21405,23983,132177
21406,27149,132177
21407,19442,132178
21408,19443,132178
21409,2588,132179
21410,14196,132179
21411,3545,132180
21412,3990,132180
21413,26525,132183
21414,12595,132185
21415,12597,132185
21416,12598,132185
21417,19590,132185
21418,26604,132188
21419,26598,132188
21420,2691,132188
21421,26749,132188
21422,21230,132190
21423,13153,132197
21424,23939,132198
21425,23940,132198
21426,23941,132198
21427,24278,132199
21428,24278,150296
21429,11582,132202
21430,21175,132202
21431,11667,132203
21432,11667,155296
21433,15874,132204
21434,14612,132205
21435,3953,132209
21436,3967,132209
21437,23954,132209
21438,26726,132227
21439,11219,132235
21440,12798,132235
21441,4324,132240
21442,26230,132240
21443,26455,132240
21444,26456,132240
21445,19351,132243
21446,1531,132245
21447,7256,132245
21448,26759,132249
21449,11344,132250
21450,15137,132256
21451,3621,132269
21452,11995,132269
21453,18496,132269
21454,18497,132269
21455,4718,132270
21456,26249,132270
21457,26426,132270
21458,19712,132277
21459,23838,132285
21460,24105,132285
21461,4478,132292
21462,5555,132293
21463,5556,132293
21464,5782,132294
21465,5783,132294
21466,6260,132296
21467,7587,132296
21468,7588,132296
21469,17716,132296
21470,7582,132297
21471,7589,132297
21472,7590,132297
21473,19014,132298
21474,26708,132300
21475,4066,132304
21476,26387,132304
21477,26447,132304
21478,26531,132304
21479,17475,132305
21480,11670,132306
21481,11670,142891
21482,11671,132306
21483,11671,142891
21484,12047,132306
21485,12047,142891
21486,24093,132307
21487,24405,132307
21488,3326,132309
21489,3327,132309
21490,23935,132310
21491,23936,132310
21492,24133,132310
21493,24230,132310
21494,23986,132311
21495,24129,132312
21496,24130,132312
21497,12063,132313
21498,12063,142451
21499,23746,132314
21500,27701,132322
21501,5436,132323
21502,24153,132323
21503,23873,132324
21504,23874,132324
21505,24176,132327
21506,24207,132327
21507,24274,132327
21508,12051,132328
21509,12052,132328
21510,12053,132328
21511,19194,132332
21512,19195,132332
21513,21567,132332
21514,21568,132332
21515,22123,132332
21516,7847,132333
21517,11285,132333
21518,11294,132333
21519,19197,132333
21520,11595,132334
21521,11595,133861
21522,11595,134025
21523,20113,132337
21524,26649,132337
21525,16460,132340
21526,26278,132340
21527,26382,132342
21528,26383,132342
21529,15055,132343
21530,18696,132343
21531,24055,132346
21532,3992,132347
21533,23934,132347
21534,26291,132351
21535,4239,132352
21536,4239,143944
21537,10555,132352
21538,10555,143944
21539,12877,132352
21540,12877,143944
21541,19328,132353
21542,26396,132353
21543,26100,132355
21544,12792,132357
21545,10916,132359
21546,18892,132363
21547,24214,132368
21548,27082,132368
21549,4719,132371
21550,24063,132372
21551,24065,132372
21552,24067,132372
21553,24134,132372
21554,26083,132376
21555,26287,132376
21556,26528,132376
21557,19488,132380
21558,19489,132380
21559,27077,132380
21560,21900,132381
21561,26665,132381
21562,4622,132381
21563,12587,132384
21564,19585,132384
21565,26613,132386
21566,26752,132387
21567,18028,132389
21568,19553,132389
21569,24273,132390
21570,24273,140664
21571,24345,132390
21572,24345,140664
21573,4308,132391
21574,23932,132391
21575,23933,132391
21576,23950,132392
21577,23950,146436
21578,23951,132392
21579,23951,146436
21580,10682,132393
21581,10682,144942
21582,20647,132393
21583,20647,144942
21584,20648,132393
21585,20648,144942
21586,20649,132393
21587,20649,144942
21588,19222,132394
21589,19222,140591
21590,19223,132394
21591,19223,140591
21592,19225,132394
21593,19225,140591
21594,4307,132395
21595,19571,132395
21596,19572,132395
21597,3521,132396
21598,3521,142791
21599,3521,144102
21600,3615,132396
21601,3615,142791
21602,3615,144102
21603,28019,132397
21604,23080,132398
21605,23629,132398
21606,23875,132400
21607,7577,132402
21608,22867,132402
21609,19610,132403
21610,5125,132404
21611,23881,132406
21612,23882,132406
21613,9079,132408
21614,11964,132410
21615,26144,132411
21616,26145,132411
21617,4611,132412
21618,21649,132412
21619,4311,132413
21620,4459,132413
21621,24276,132413
21622,7465,132414
21623,5483,132424
21624,18631,132424
21625,4742,132427
21626,13519,132429
21627,12867,132432
21628,23125,132432
21629,24003,132434
21630,24004,132434
21631,3995,132436
21632,23712,132436
21633,19322,132437
21634,19323,132437
21635,27803,132437
21636,14513,132438
21637,16631,132438
21638,21729,132440
21639,24310,132440
21640,24311,132440
21641,4588,132442
21642,4588,142794
21643,23967,132443
21644,23980,132443
21645,12057,132444
21646,19185,132444
21647,23897,132447
21648,23898,132447
21649,24064,132448
21650,24066,132448
21651,19250,132449
21652,23964,132449
21653,23956,132450
21654,23957,132450
21655,23958,132450
21656,24056,132452
21657,24056,143308
21658,24254,132452
21659,24254,143308
21660,24255,132452
21661,24255,143308
21662,26467,132453
21663,7596,132454
21664,14614,132454
21665,24371,132456
21666,24372,132456
21667,27937,132458
21668,16085,132460
21669,16654,132464
21670,24071,132468
21671,24072,132468
21672,3952,132470
21673,12775,132470
21674,17870,132471
21675,25687,132551
21676,25687,141727
21677,25687,141904
21678,25687,143486
21679,25687,143498
21680,27356,132551
21681,27356,141727
21682,27356,141904
21683,27356,143498
21684,24263,132551
21685,24263,141727
21686,24263,141904
21687,24263,143486
21688,24263,143498
21689,4809,132558
21690,4810,132558
21691,4811,132558
21692,16577,132558
21693,732,132608
21694,8515,132608
21695,10590,132608
21696,13937,132608
21697,19715,132608
21698,6794,132667
21699,12801,132680
21700,12802,132680
21701,27752,132680
21702,12682,132722
21703,12682,132728
21704,22367,132738
21705,22368,132738
21706,20116,132742
21707,25743,132742
21708,17504,132809
21709,17504,132810
21710,12003,132825
21711,1535,132828
21712,1535,198032
21713,4243,132828
21714,4243,198032
21715,11598,132828
21716,11598,198032
21717,26650,132846
21718,14930,132851
21719,16796,132851
21720,19460,132866
21721,27987,132866
21722,14169,132877
21723,10510,132880
21724,19725,132880
21725,1554,132892
21726,7571,132895
21727,27224,132895
21728,175,132896
21729,20998,132900
21730,20999,132900
21731,21000,132900
21732,5423,132952
21733,11696,133097
21734,680,133126
21735,5241,133132
21736,14768,133132
21737,15771,133132
21738,25693,133132
21739,9689,133150
21740,19763,133150
21741,3547,133168
21742,3547,155585
21743,8273,133168
21744,8273,155585
21745,16505,133168
21746,16505,155585
21747,18314,133168
21748,18314,155585
21749,4582,133178
21750,8913,133178
21751,18936,133178
21752,2004,133179
21753,8819,133179
21754,2810,133189
21755,10019,133189
21756,2939,133200
21757,17645,133200
21758,365,133203
21759,4819,133203
21760,15442,133203
21761,314,133213
21762,11394,133213
21763,27881,133215
21764,18717,133260
21765,13932,133268
21766,17940,133276
21767,27164,133278
21768,661,133284
21769,2773,133284
21770,3058,133284
21771,3059,133284
21772,9631,133284
21773,16192,133284
21774,18086,133284
21775,27065,133284
21776,21234,133301
21777,26332,133328
21778,15002,133332
21779,1387,133335
21780,1388,133335
21781,14225,133346
21782,3064,133369
21783,8797,133372
21784,18942,133376
21785,19820,133376
21786,19821,133376
21787,2824,133400
21788,9959,133400
21789,13699,133417
21790,27374,133421
21791,182,133424
21792,10670,133439
21793,172,133465
21794,21268,133472
21795,2009,133505
21796,2063,133525
21797,8119,133525
21798,12580,133525
21799,13776,133525
21800,1190,133529
21801,8541,133534
21802,7771,133535
21803,18130,133536
21804,13414,133555
21805,18143,133555
21806,22492,133555
21807,20683,133567
21808,791,133572
21809,11948,133577
21810,2036,133591
21811,2036,138558
21812,2037,133591
21813,2037,138558
21814,21066,133591
21815,21066,138558
21816,10263,133591
21817,10263,138558
21818,18763,133593
21819,19354,133593
21820,11142,133611
21821,11143,133611
21822,19348,133621
21823,21286,133621
21824,2011,133635
21825,20922,133635
21826,22298,133636
21827,22377,133636
21828,13286,133643
21829,13287,133643
21830,19232,133659
21831,5341,133663
21832,6915,133663
21833,10611,133678
21834,4471,133695
21835,21344,133700
21836,16455,133715
21837,16455,133716
21838,28005,133718
21839,236,133722
21840,1955,133722
21841,4257,133731
21842,15913,133731
21843,6373,133733
21844,5795,133747
21845,5795,143971
21846,15876,133747
21847,15876,143971
21848,15877,133747
21849,15877,143971
21850,3889,133751
21851,11953,133751
21852,23268,133751
21853,19427,133753
21854,6548,133757
21855,21592,133761
21856,1179,133762
21857,21222,133762
21858,27725,133762
21859,1072,133764
21860,11644,133764
21861,12614,133764
21862,19288,133764
21863,12210,133766
21864,12837,133766
21865,22036,133766
21866,242,133768
21867,9457,133768
21868,6844,133771
21869,4282,133858
21870,8675,133858
21871,21601,133858
21872,11414,133864
21873,5174,133866
21874,27093,133866
21875,2956,133868
21876,2956,133870
21877,2957,133868
21878,2957,133870
21879,15534,133868
21880,15534,133870
21881,15611,133868
21882,15611,133870
21883,16742,133868
21884,16742,133870
21885,17628,133868
21886,17628,133870
21887,25487,133876
21888,14190,133896
21889,15657,133909
21890,15658,133909
21891,25713,133909
21892,25715,133909
21893,20114,133935
21894,9045,133937
21895,17527,133937
21896,21909,133937
21897,19909,133938
21898,20310,133938
21899,6947,133947
21900,7274,133950
21901,7275,133950
21902,3533,133957
21903,11830,133957
21904,8328,133958
21905,18961,133961
21906,18961,133986
21907,6945,133966
21908,6946,133966
21909,119,133989
21910,20237,133989
21911,21287,133989
21912,26367,133991
21913,26654,133993
21914,19172,134008
21915,19183,134015
21916,1757,134016
21917,11288,134016
21918,15965,134016
21919,19281,134016
21920,19916,134016
21921,8676,134017
21922,17031,134062
21923,12073,134145
21924,19652,134177
21925,19760,134185
21926,21467,134204
21927,15314,134209
21928,21588,134232
21929,21588,134233
21930,1530,134232
21931,1530,134233
21932,18649,134232
21933,18649,134233
21934,464,134232
21935,464,134233
21936,943,134244
21937,11250,134244
21938,1461,134245
21939,9053,134245
21940,14099,134245
21941,19246,134290
21942,18250,134316
21943,22019,134316
21944,12121,134316
21945,14332,134316
21946,12508,134316
21947,23436,134321
21948,23728,134321
21949,23345,134325
21950,18970,134326
21951,4800,134405
21952,4800,154211
21953,21662,134406
21954,22885,134406
21955,22902,134406
21956,3400,134418
21957,12217,134418
21958,19468,134418
21959,24675,134439
21960,920,134498
21961,11308,134511
21962,11309,134511
21963,167,134543
21964,19963,134563
21965,19962,134565
21966,26552,134579
21967,7803,134581
21968,7804,134581
21969,2671,134596
21970,27708,134596
21971,26553,134596
21972,2670,134596
21973,21608,134665
21974,4666,134739
21975,21828,134739
21976,24850,135059
21977,8101,135617
21978,13928,135617
21979,20025,135682
21980,3143,135684
21981,1621,135688
21982,21198,135691
21983,16030,135705
21984,19639,135705
21985,20045,135705
21986,6577,135709
21987,24867,135711
21988,11297,135720
21989,7885,135723
21990,3809,135724
21991,7848,135724
21992,11255,135724
21993,14452,135724
21994,20745,135724
21995,11349,135732
21996,11624,135732
21997,1728,135893
21998,19420,135893
21999,19511,135904
22000,223,135910
22001,14408,135912
22002,3500,135913
22003,20039,135921
22004,20039,199722
22005,19739,135926
22006,19428,135928
22007,19428,200520
22008,15051,135929
22009,25233,135933
22010,25012,135933
22011,4128,193349
22012,25690,135939
22013,16929,135942
22014,823,135955
22015,10952,135955
22016,14163,135957
22017,6741,135970
22018,6744,135970
22019,10927,135970
22020,24529,135973
22021,4221,135975
22022,11015,135975
22023,18900,135993
22024,21858,135993
22025,16398,135996
22026,19710,135996
22027,1560,136003
22028,26425,136003
22029,26502,136003
22030,2138,136007
22031,20110,136007
22032,20165,136007
22033,11613,136015
22034,7882,136016
22035,11652,136016
22036,13758,136016
22037,7352,136017
22038,7352,199131
22039,11504,136017
22040,11504,199131
22041,11835,136017
22042,11835,199131
22043,21150,136017
22044,21150,199131
22045,7254,136022
22046,18340,136022
22047,7477,136023
22048,5401,136026
22049,3413,136027
22050,7122,136027
22051,22046,136027
22052,16958,136036
22053,19431,136036
22054,21600,136036
22055,2044,136047
22056,14220,136047
22057,19349,136047
22058,21196,136047
22059,21572,136049
22060,25269,193334
22061,2092,136054
22062,10593,136054
22063,21621,136057
22064,27954,136066
22065,26712,136066
22066,26657,136066
22067,6950,136067
22068,5803,136072
22069,20540,136072
22070,7359,136074
22071,19644,136074
22072,26477,136076
22073,26478,136076
22074,26481,136076
22075,1134,136077
22076,3107,136077
22077,16255,136077
22078,332,136086
22079,6769,136086
22080,21902,136086
22081,26430,136087
22082,26524,136087
22083,11968,136088
22084,2966,136091
22085,5203,136092
22086,12863,136092
22087,19239,136096
22088,1279,136098
22089,7878,136098
22090,26277,136099
22091,26468,136099
22092,5332,136108
22093,5764,136109
22094,568,136110
22095,22893,136111
22096,4409,136119
22097,6742,136126
22098,18636,136133
22099,7828,136143
22100,7828,144096
22101,25702,136143
22102,25702,144096
22103,6516,136147
22104,21865,136147
22105,3130,136151
22106,18625,136151
22107,5938,136182
22108,12689,136183
22109,12689,136184
22110,19137,136185
22111,8291,136193
22112,20136,136193
22113,20089,136220
22114,2134,136223
22115,4159,136223
22116,9256,136223
22117,13175,136223
22118,1401,136226
22119,7929,136226
22120,20818,136227
22121,20818,151686
22122,24283,136250
22123,6934,136269
22124,16466,136270
22125,5223,136271
22126,21279,136272
22127,750,136274
22128,10624,136274
22129,8961,136275
22130,6541,136276
22131,8225,136278
22132,8226,136278
22133,14381,136278
22134,11151,136280
22135,21008,136280
22136,18984,136281
22137,21273,136281
22138,11190,136300
22139,12787,136300
22140,19054,136343
22141,22815,136343
22142,9512,136343
22143,8697,136343
22144,16933,136359
22145,19617,136359
22146,2266,136375
22147,18761,136375
22148,20173,136377
22149,11619,136378
22150,11865,136378
22151,15269,136378
22152,15319,136378
22153,1281,136379
22154,13037,136390
22155,19595,136391
22156,20164,136391
22157,24265,136391
22158,13518,136400
22159,25643,136400
22160,27698,136411
22161,2087,136416
22162,671,136497
22163,2141,136497
22164,20187,136497
22165,8370,136509
22166,3179,136511
22167,3180,136511
22168,20189,136514
22169,20190,136514
22170,15485,136516
22171,8270,136523
22172,12438,136523
22173,5338,136529
22174,21855,136529
22175,10180,136549
22176,20620,136549
22177,4824,136552
22178,8425,136552
22179,15803,136552
22180,20197,136552
22181,14299,136599
22182,17558,136599
22183,20786,136599
22184,20222,136626
22185,7170,136636
22186,25631,136637
22187,25632,136637
22188,16165,136641
22189,18741,136657
22190,20639,136676
22191,4990,136678
22192,17753,136678
22193,7492,136681
22194,7880,136682
22195,15290,136682
22196,17294,136682
22197,21532,136682
22198,4937,136684
22199,10168,136684
22200,20688,136684
22201,7489,136688
22202,3170,136697
22203,27761,136698
22204,7452,136704
22205,20015,136710
22206,17572,136713
22207,22254,136714
22208,27371,136715
22209,20246,136719
22210,3736,136721
22211,17801,136721
22212,17802,136721
22213,3505,136723
22214,27529,136723
22215,3596,136724
22216,9657,136725
22217,12732,136725
22218,19148,136726
22219,21062,136729
22220,3563,136732
22221,20248,136732
22222,3568,136733
22223,6996,136735
22224,10112,136736
22225,6325,136758
22226,27519,136758
22227,27384,136759
22228,746,136761
22229,746,137058
22230,962,136761
22231,962,137058
22232,13029,136762
22233,27731,136762
22234,20017,136763
22235,20918,136766
22236,7519,136769
22237,18618,136769
22238,6216,136771
22239,601,136773
22240,7375,136773
22241,9688,136776
22242,9643,136787
22243,1916,136790
22244,27295,136802
22245,27119,136818
22246,889,136829
22247,8892,136829
22248,8893,136829
22249,9277,136829
22250,15263,136829
22251,27665,136829
22252,6750,136830
22253,7080,136830
22254,900,136842
22255,8255,136843
22256,20255,136844
22257,6829,136845
22258,18195,136845
22259,18196,136845
22260,2893,136850
22261,8891,136850
22262,17288,136850
22263,13306,136851
22264,19910,136853
22265,27576,136854
22266,11186,136857
22267,11186,136859
22268,13618,136862
22269,20256,136864
22270,26874,136888
22271,26876,136888
22272,27802,136888
22273,7460,136893
22274,86,136895
22275,6471,136903
22276,20262,136903
22277,20263,136903
22278,241,136908
22279,10178,136911
22280,19862,136911
22281,18131,136919
22282,18132,136919
22283,6069,136935
22284,15969,136939
22285,11904,136949
22286,17224,136949
22287,22390,136952
22288,22391,136952
22289,19789,136953
22290,6789,136956
22291,8687,136956
22292,19926,136965
22293,10116,136974
22294,3797,136978
22295,20788,136978
22296,16307,136982
22297,15297,136992
22298,9740,136994
22299,22101,136996
22300,14571,136999
22301,3801,137000
22302,14314,137000
22303,10137,137002
22304,10137,137039
22305,10138,137002
22306,10138,137039
22307,19861,137002
22308,19861,137039
22309,7223,137003
22310,18825,137009
22311,10433,137012
22312,18956,137014
22313,3040,137025
22314,19090,137025
22315,12149,137026
22316,12150,137026
22317,12151,137026
22318,5508,137030
22319,17165,137030
22320,17367,137030
22321,17888,137030
22322,17889,137030
22323,19784,137030
22324,22347,137030
22325,7066,137031
22326,10039,137034
22327,10092,137034
22328,11927,137034
22329,4698,137048
22330,8132,137052
22331,21586,137061
22332,27509,137061
22333,16140,137063
22334,2921,137064
22335,21484,137064
22336,28053,137064
22337,15073,137069
22338,20362,137069
22339,23265,137070
22340,17415,137084
22341,22037,137088
22342,555,137092
22343,878,137092
22344,15151,137092
22345,14434,137093
22346,14435,137093
22347,14773,137094
22348,11875,137113
22349,11875,137127
22350,3228,137118
22351,20274,137119
22352,26020,137119
22353,4619,137122
22354,25924,137126
22355,26768,137126
22356,20268,137128
22357,20408,137128
22358,27115,137128
22359,9172,137132
22360,9705,137132
22361,106,137133
22362,14425,137133
22363,20083,137135
22364,16341,137137
22365,20242,137137
22366,20275,137137
22367,10526,137138
22368,17099,137138
22369,14742,137144
22370,14744,137144
22371,25961,137145
22372,516,137152
22373,28065,137156
22374,20865,137165
22375,6213,137167
22376,11882,137168
22377,590,137174
22378,713,137174
22379,8052,137174
22380,11564,137174
22381,12611,137174
22382,14475,137174
22383,18672,137175
22384,18673,137175
22385,9943,137179
22386,9308,137183
22387,3555,137185
22388,9362,137185
22389,20287,137186
22390,15474,137188
22391,16668,137189
22392,3569,137191
22393,5353,137191
22394,11886,137194
22395,12942,137194
22396,17197,137194
22397,17198,137194
22398,27473,137194
22399,7447,137195
22400,2113,137197
22401,13587,137197
22402,17183,137197
22403,27503,137197
22404,3622,137200
22405,13918,137200
22406,9934,137202
22407,20293,137211
22408,13588,137212
22409,25793,137221
22410,9921,137227
22411,9922,137227
22412,9923,137227
22413,18930,137230
22414,5510,137232
22415,16394,137232
22416,13493,137234
22417,4817,137235
22418,27479,137235
22419,27480,137235
22420,27482,137239
22421,10038,137256
22422,10101,137256
22423,26893,137259
22424,13415,137262
22425,9636,137264
22426,3626,137272
22427,13674,137278
22428,18505,137282
22429,28024,137286
22430,6020,137287
22431,20747,137287
22432,10294,137288
22433,17914,137288
22434,6385,137289
22435,10203,137289
22436,16559,137289
22437,17400,137289
22438,18647,137292
22439,10437,137299
22440,13061,137301
22441,26960,137305
22442,26961,137305
22443,26962,137305
22444,13531,137308
22445,1184,137314
22446,16830,137316
22447,13823,137317
22448,4455,137318
22449,22261,137319
22450,9197,137321
22451,22249,137321
22452,13582,137325
22453,6246,137327
22454,20303,137327
22455,26951,137332
22456,21433,137339
22457,7456,137347
22458,20759,137347
22459,21815,137348
22460,18415,137359
22461,3184,137360
22462,3613,137360
22463,9195,137360
22464,15650,137361
22465,19772,137363
22466,14012,137365
22467,14883,137365
22468,9543,137370
22469,13270,137387
22470,27523,137388
22471,3732,137389
22472,6141,137392
22473,3116,137393
22474,3722,137394
22475,11311,137394
22476,3593,137395
22477,3593,147750
22478,21678,137395
22479,21678,147750
22480,3394,137396
22481,14696,137399
22482,22108,137402
22483,10671,137403
22484,17084,137403
22485,16355,137412
22486,13680,137416
22487,13680,155795
22488,2181,137417
22489,7454,137419
22490,14897,137420
22491,16300,137426
22492,3608,137432
22493,8870,137432
22494,9567,137432
22495,14389,137440
22496,13410,137449
22497,20245,137451
22498,20245,147313
22499,19843,137453
22500,14770,137454
22501,17019,137454
22502,22050,137454
22503,10094,137483
22504,14588,137483
22505,9914,137484
22506,16299,137494
22507,10037,137496
22508,15147,137496
22509,15148,137496
22510,17292,137496
22511,2800,137497
22512,11769,137499
22513,11770,137499
22514,917,137507
22515,1383,137507
22516,13420,137507
22517,1424,137508
22518,7028,137508
22519,17253,137508
22520,26001,137513
22521,10728,137517
22522,6563,137518
22523,6564,137518
22524,20037,137541
22525,9841,137542
22526,14276,137546
22527,8944,137551
22528,20424,137551
22529,9270,137552
22530,13187,137553
22531,9426,137575
22532,13041,137575
22533,2829,137580
22534,2830,137580
22535,9294,137580
22536,17567,137582
22537,17568,137582
22538,933,137592
22539,9641,137592
22540,3289,137593
22541,3681,137593
22542,8415,137593
22543,26793,137593
22544,1807,137604
22545,6177,137607
22546,4368,137608
22547,20335,137608
22548,7240,137610
22549,7241,137610
22550,12994,137615
22551,13393,137615
22552,17331,137616
22553,5732,137620
22554,6430,137627
22555,8321,137627
22556,16598,137627
22557,6565,137628
22558,18453,137629
22559,11961,137632
22560,3770,137633
22561,4477,137633
22562,14281,137634
22563,15898,137638
22564,13417,137642
22565,13417,137643
22566,5586,137646
22567,11956,137646
22568,25882,137659
22569,9576,137666
22570,9577,137666
22571,14271,137666
22572,9967,137669
22573,9968,137669
22574,3580,137677
22575,20329,137677
22576,20330,137677
22577,20941,137677
22578,25781,137677
22579,27939,137678
22580,27940,137678
22581,10123,137679
22582,585,137681
22583,16423,137681
22584,20331,137681
22585,16319,137696
22586,9361,137701
22587,16803,137702
22588,14082,137703
22589,19867,137703
22590,19868,137703
22591,9202,137708
22592,13128,137708
22593,902,137710
22594,9201,137710
22595,2368,137728
22596,20427,137733
22597,14054,137740
22598,17300,137791
22599,13448,137879
22600,20366,137893
22601,8828,137898
22602,2802,137901
22603,7510,137901
22604,18801,137902
22605,19074,137903
22606,6474,137912
22607,13742,137916
22608,12709,137917
22609,22412,137918
22610,5264,137919
22611,6286,137920
22612,6231,137923
22613,18810,137923
22614,7491,137925
22615,3644,137933
22616,7404,137935
22617,4543,137936
22618,7451,137936
22619,16375,137939
22620,11576,137941
22621,13570,137941
22622,8092,137944
22623,8092,138215
22624,2834,137947
22625,26911,137953
22626,27186,137955
22627,17195,137957
22628,7078,137963
22629,20350,137965
22630,25844,137965
22631,11777,137977
22632,20355,137978
22633,26842,137985
22634,20068,137987
22635,6227,137988
22636,27139,137989
22637,3233,137990
22638,14496,137992
22639,14496,138014
22640,14495,137992
22641,14495,138014
22642,3096,137993
22643,20795,137994
22644,8038,137997
22645,20261,138000
22646,12571,138001
22647,7443,138002
22648,13285,138002
22649,21110,138003
22650,3129,138005
22651,5336,138010
22652,5337,138010
22653,341,138011
22654,22388,138013
22655,13586,138017
22656,12946,138022
22657,2203,138026
22658,9550,138027
22659,27841,138027
22660,21821,138028
22661,505,138034
22662,12466,138034
22663,16443,138035
22664,27305,138037
22665,5677,138041
22666,12933,138041
22667,1708,138043
22668,3599,138048
22669,21733,138048
22670,17574,138049
22671,573,138052
22672,25904,138055
22673,25873,138056
22674,25874,138056
22675,5329,138057
22676,1405,138058
22677,7271,138065
22678,1619,138067
22679,2317,138069
22680,2318,138069
22681,6913,138075
22682,11894,138075
22683,13196,138075
22684,16665,138077
22685,16566,138079
22686,17337,138079
22687,21843,138081
22688,13560,138082
22689,16565,138083
22690,13960,138085
22691,14669,138088
22692,3934,138090
22693,17336,138090
22694,20849,138091
22695,402,138092
22696,17215,138094
22697,13603,138095
22698,13604,138095
22699,13605,138095
22700,23161,138097
22701,3769,138100
22702,12024,138103
22703,14015,138106
22704,13555,138107
22705,1655,138111
22706,7488,138113
22707,9645,138117
22708,27533,138117
22709,14025,138118
22710,16563,138120
22711,16444,138121
22712,16808,138122
22713,2151,138124
22714,14445,138126
22715,13705,138128
22716,7468,138129
22717,7091,138130
22718,5609,138135
22719,6988,138136
22720,20911,138136
22721,4925,138138
22722,7176,138138
22723,7178,138138
22724,7503,138138
22725,7507,138138
22726,13695,138138
22727,19646,138138
22728,19648,138138
22729,7856,138142
22730,1309,138146
22731,9073,138149
22732,17407,138149
22733,15757,138150
22734,16891,138182
22735,17193,138182
22736,10330,138184
22737,12464,138185
22738,610,138187
22739,10202,138187
22740,21955,138188
22741,20501,138189
22742,4581,138198
22743,17710,138199
22744,14323,138203
22745,17758,138204
22746,94,138205
22747,4992,138209
22748,13407,138212
22749,25688,138213
22750,15853,138214
22751,3635,138216
22752,11767,138216
22753,21995,138216
22754,10322,138217
22755,20130,138217
22756,20443,138217
22757,7811,138224
22758,20913,138224
22759,27108,138225
22760,3172,138226
22761,6417,138226
22762,27618,138227
22763,27114,138230
22764,13400,138242
22765,13086,138243
22766,21683,138245
22767,3559,138260
22768,11891,138260
22769,12469,138265
22770,15855,138266
22771,7268,138268
22772,22047,138272
22773,15385,138276
22774,27231,138277
22775,14489,138283
22776,13598,138285
22777,7334,138288
22778,21504,138288
22779,8187,138292
22780,7088,138293
22781,976,138301
22782,13088,138303
22783,13260,138307
22784,2774,138308
22785,1935,138341
22786,17313,138341
22787,5886,138350
22788,6670,138350
22789,12711,138350
22790,17418,138416
22791,19261,138420
22792,19261,199708
22793,217,138424
22794,1995,138424
22795,2131,138424
22796,2132,138424
22797,11333,138424
22798,17536,138424
22799,12529,138426
22800,15847,138426
22801,1924,138429
22802,13631,138456
22803,11838,138462
22804,2003,138472
22805,15805,138472
22806,13070,138520
22807,15357,138520
22808,18561,138570
22809,13294,138621
22810,20085,138642
22811,2122,138676
22812,12171,138676
22813,15449,138676
22814,27884,138702
22815,1735,138707
22816,8549,138707
22817,8551,138707
22818,10464,138707
22819,15709,138707
22820,21331,138707
22821,20430,138708
22822,20422,138716
22823,13964,138726
22824,20435,138727
22825,20436,138727
22826,10729,138728
22827,5105,138748
22828,10124,138748
22829,8936,138756
22830,8937,138756
22831,8938,138756
22832,8939,138756
22833,1743,138760
22834,6323,138760
22835,1035,138765
22836,15213,138777
22837,8626,138780
22838,8695,138780
22839,18358,138780
22840,19577,138780
22841,665,138783
22842,6678,138811
22843,5154,138843
22844,7304,138843
22845,17428,138843
22846,4114,138859
22847,17062,138859
22848,20834,138859
22849,2379,139019
22850,2914,139019
22851,16849,139019
22852,13321,139029
22853,13321,140945
22854,20552,139035
22855,14241,139048
22856,15748,139048
22857,27549,139063
22858,20580,139091
22859,16238,139110
22860,16239,139110
22861,16663,139110
22862,6120,139122
22863,740,139152
22864,8719,139153
22865,273,139159
22866,276,139159
22867,18640,139159
22868,19174,139159
22869,1232,139163
22870,9813,139192
22871,11434,139192
22872,22431,139192
22873,574,139230
22874,17232,139230
22875,18317,139230
22876,20484,139274
22877,7413,139301
22878,7414,139301
22879,5385,139308
22880,5098,139325
22881,1322,139354
22882,20298,139354
22883,22337,139354
22884,8456,139359
22885,8073,139364
22886,13416,139365
22887,13429,139365
22888,13504,139365
22889,8308,139375
22890,2734,139377
22891,1721,139382
22892,27401,139382
22893,5996,139385
22894,8276,139385
22895,9292,139385
22896,19990,139385
22897,10518,139386
22898,15299,139388
22899,3343,139392
22900,7792,139392
22901,7793,139392
22902,10394,139393
22903,21441,139393
22904,11711,139395
22905,13184,139395
22906,14062,139397
22907,386,139398
22908,16772,139398
22909,16087,139399
22910,17335,139400
22911,21412,139400
22912,13183,139401
22913,8426,139404
22914,16134,139404
22915,1344,139406
22916,2902,139406
22917,22296,139406
22918,6995,139407
22919,10936,139410
22920,13038,139410
22921,12167,139412
22922,8657,139506
22923,12505,139506
22924,16051,139506
22925,16500,139506
22926,17582,139509
22927,17721,139514
22928,14031,139518
22929,9824,139556
22930,14698,139564
22931,20757,139577
22932,17981,139605
22933,17982,139605
22934,17983,139605
22935,21724,139605
22936,22360,139605
22937,2948,139606
22938,8804,139606
22939,20624,139606
22940,20765,139606
22941,22059,139606
22942,1814,139610
22943,20627,139610
22944,20503,139638
22945,7674,139656
22946,13135,139674
22947,20635,139697
22948,24756,139766
22949,24768,139766
22950,24845,139766
22951,24592,139768
22952,24795,139768
22953,12122,139807
22954,6140,139832
22955,20672,139833
22956,20673,139833
22957,15690,139841
22958,25654,139841
22959,27608,139841
22960,25171,193534
22961,12593,139879
22962,14779,139939
22963,6841,139948
22964,15818,139948
22965,16740,139948
22966,5143,139951
22967,18202,139953
22968,21887,140004
22969,3433,140010
22970,21794,140011
22971,11150,140030
22972,11150,140031
22973,4984,140072
22974,6442,140072
22975,12570,140117
22976,10309,140132
22977,10309,140133
22978,22098,140163
22979,3865,140182
22980,9658,140182
22981,2200,140201
22982,10270,140201
22983,12042,140201
22984,20726,140201
22985,20725,140202
22986,27318,140202
22987,7649,140205
22988,10227,140205
22989,12282,140205
22990,21362,140205
22991,1234,140211
22992,1926,140211
22993,21065,140211
22994,5036,140212
22995,15586,140212
22996,15587,140212
22997,20611,140212
22998,25723,140216
22999,16630,140217
23000,4199,140257
23001,20876,140283
23002,5713,140325
23003,5713,141527
23004,5438,140326
23005,5438,141526
23006,10369,140326
23007,10369,141526
23008,10370,140326
23009,10371,140326
23010,10757,140338
23011,3387,140353
23012,12637,140370
23013,14366,140424
23014,16479,140424
23015,11257,140440
23016,11257,144421
23017,11258,140440
23018,11258,144421
23019,3983,140445
23020,6477,140479
23021,6477,142965
23022,6477,142966
23023,6919,140479
23024,6919,142965
23025,6919,142966
23026,18244,140552
23027,12839,140562
23028,13770,140571
23029,21653,140571
23030,10570,140656
23031,1838,140693
23032,8445,140693
23033,8452,140693
23034,21517,140693
23035,19033,140697
23036,21090,140697
23037,21091,140697
23038,21091,141781
23039,10566,141781
23040,20137,140721
23041,19142,140741
23042,20380,140744
23043,21964,140745
23044,2108,140749
23045,19098,140749
23046,20743,140749
23047,12814,140751
23048,6116,140754
23049,6116,145128
23050,12701,140756
23051,12882,140757
23052,17975,140757
23053,18954,140761
23054,18277,140764
23055,11559,140856
23056,7702,140903
23057,3060,140913
23058,10033,140914
23059,10744,140914
23060,13805,140914
23061,22373,140914
23062,17228,140915
23063,17416,140920
23064,25792,140920
23065,13317,140922
23066,16944,140922
23067,22198,140923
23068,2426,140924
23069,4401,140924
23070,13213,140926
23071,13213,140993
23072,17374,140927
23073,17696,140927
23074,13499,140928
23075,560,140929
23076,7010,140930
23077,9562,140930
23078,11266,140932
23079,11536,140933
23080,9520,140936
23081,11165,140938
23082,3490,140940
23083,18020,140940
23084,8258,140941
23085,8259,140941
23086,26975,140946
23087,27362,140948
23088,3288,140949
23089,9253,140949
23090,18122,140950
23091,25958,140950
23092,3502,140951
23093,3502,152501
23094,13243,140951
23095,13243,152501
23096,20872,140951
23097,20872,152501
23098,10990,140952
23099,8424,140953
23100,17446,140953
23101,18876,140953
23102,6002,140957
23103,17689,140957
23104,3742,140958
23105,18101,140959
23106,5239,140960
23107,6128,140960
23108,9632,140960
23109,22181,140960
23110,22080,140964
23111,4244,140965
23112,10164,140965
23113,16263,140965
23114,9829,140970
23115,9830,140970
23116,15309,140970
23117,21731,140970
23118,7903,140971
23119,10337,140973
23120,1658,140974
23121,25876,140974
23122,3069,140975
23123,3271,140975
23124,1305,140976
23125,19899,140976
23126,25992,140976
23127,6144,140977
23128,7636,140978
23129,11082,140978
23130,9034,140979
23131,27527,140979
23132,11944,140982
23133,14390,140982
23134,25645,140982
23135,7261,140985
23136,16324,140985
23137,9677,140986
23138,13251,140988
23139,25908,140988
23140,9663,140990
23141,3478,140991
23142,18038,140991
23143,21779,140991
23144,3510,140992
23145,9712,140992
23146,18816,140992
23147,27026,140992
23148,6129,140994
23149,3522,140995
23150,3523,140995
23151,3716,140995
23152,3718,140995
23153,17602,140995
23154,10312,140998
23155,3574,140999
23156,11513,141000
23157,14331,141000
23158,25731,141000
23159,5172,141006
23160,10723,141007
23161,10724,141008
23162,10985,141008
23163,7319,141009
23164,27844,141009
23165,8309,141010
23166,8310,141010
23167,27921,141011
23168,2953,141012
23169,25851,141012
23170,20305,141013
23171,3470,141014
23172,3741,141014
23173,27539,141014
23174,8930,141015
23175,9246,141015
23176,27800,141015
23177,12616,141017
23178,12912,141018
23179,12912,145124
23180,16047,141018
23181,16047,142100
23182,16047,145124
23183,4449,141019
23184,18508,141019
23185,18508,141278
23186,18509,141019
23187,18510,141019
23188,27050,141023
23189,8451,141030
23190,22121,141031
23191,22121,145136
23192,8912,141037
23193,8912,153608
23194,6422,141040
23195,19011,141040
23196,18000,141052
23197,4508,141060
23198,4508,141515
23199,5719,141060
23200,5719,141515
23201,5823,141060
23202,5823,141515
23203,11056,141062
23204,11057,141062
23205,6646,141102
23206,6647,141102
23207,6648,141102
23208,7380,141104
23209,13337,141104
23210,21772,141106
23211,7831,141107
23212,12860,141107
23213,17791,141107
23214,22959,141107
23215,13800,141110
23216,5180,141112
23217,27040,141114
23218,14297,141115
23219,20398,141115
23220,12809,141142
23221,12809,142601
23222,20749,141142
23223,20749,142601
23224,8450,141144
23225,16489,141144
23226,6611,141145
23227,8444,141148
23228,8147,141149
23229,12759,141149
23230,12760,141149
23231,18166,141149
23232,14441,141151
23233,6596,141152
23234,14170,141152
23235,27624,141153
23236,14721,141162
23237,17723,141162
23238,17725,141164
23239,20162,141164
23240,22091,141164
23241,19854,141165
23242,17489,141167
23243,16522,141168
23244,18161,141169
23245,14219,141171
23246,14417,141174
23247,3345,141176
23248,4219,141176
23249,7483,141176
23250,10879,141176
23251,10880,141176
23252,17358,141178
23253,13514,142994
23254,8680,141180
23255,8685,141180
23256,17485,141183
23257,8467,141184
23258,8468,141184
23259,12165,141185
23260,14091,141185
23261,14343,141185
23262,20160,141186
23263,5690,141187
23264,7036,141189
23265,22063,141189
23266,8579,141190
23267,15900,141190
23268,15909,141190
23269,14453,141194
23270,16478,141194
23271,17726,141194
23272,17727,141194
23273,18216,141195
23274,18160,141196
23275,8473,141198
23276,8474,141198
23277,8475,141198
23278,3144,141199
23279,10727,141200
23280,18742,141201
23281,4792,141202
23282,14483,141202
23283,8476,141203
23284,8477,141203
23285,17938,141203
23286,21521,141204
23287,19714,141206
23288,12859,141207
23289,17705,141207
23290,26180,143940
23291,26181,143940
23292,8227,144748
23293,4211,144748
23294,12770,141210
23295,15003,141211
23296,7965,141212
23297,19111,141212
23298,19112,141212
23299,4214,141213
23300,21070,141213
23301,20742,141216
23302,15667,141218
23303,15668,141218
23304,3102,141224
23305,25944,141224
23306,3642,141226
23307,3864,141226
23308,3373,141233
23309,27387,141233
23310,21838,141234
23311,13896,141235
23312,13897,141235
23313,25751,141236
23314,3369,141239
23315,8563,141239
23316,10505,141239
23317,27410,141241
23318,13934,141243
23319,17820,141244
23320,18387,141244
23321,9805,141245
23322,9374,141246
23323,3610,141247
23324,18968,141247
23325,27000,141248
23326,3405,141249
23327,3707,141249
23328,6312,141254
23329,20290,141254
23330,11551,141257
23331,17412,141257
23332,17566,141257
23333,10840,141262
23334,12726,141262
23335,14333,141262
23336,5797,141313
23337,5798,141313
23338,26379,141327
23339,6881,141364
23340,6881,142179
23341,6881,155598
23342,6882,141364
23343,6882,142179
23344,6882,155598
23345,21602,141376
23346,26104,141379
23347,26381,141379
23348,26384,141379
23349,26385,141379
23350,7630,145087
23351,18386,145087
23352,4249,145015
23353,20985,145015
23354,5940,145015
23355,26399,141401
23356,26120,141402
23357,26121,141402
23358,16722,142622
23359,21728,142622
23360,12774,142622
23361,6690,141443
23362,13439,141443
23363,26522,141466
23364,11560,141468
23365,11560,144404
23366,11560,145011
23367,23944,141470
23368,23944,143861
23369,23944,144393
23370,23943,141470
23371,23943,143861
23372,23943,144393
23373,21129,141489
23374,21129,143180
23375,21130,141489
23376,21130,143180
23377,12058,141493
23378,12059,141493
23379,4193,141494
23380,18630,141494
23381,12049,141499
23382,23724,141499
23383,26204,141518
23384,17521,142676
23385,17521,145206
23386,6117,142676
23387,6117,145206
23388,18326,142676
23389,18326,145206
23390,14485,142588
23391,14485,145119
23392,6949,142588
23393,6949,145119
23394,14361,141525
23395,24321,141531
23396,27250,141531
23397,19959,141540
23398,12923,141559
23399,12924,141559
23400,18486,141580
23401,18487,141580
23402,18488,141580
23403,27006,141580
23404,23861,141616
23405,23862,141616
23406,5404,141637
23407,16250,141657
23408,1364,141658
23409,23508,141658
23410,23509,141658
23411,2523,141666
23412,23703,141666
23413,14686,141680
23414,26129,141694
23415,24110,141724
23416,26133,141730
23417,22010,141760
23418,19606,141762
23419,19607,141762
23420,19608,141762
23421,24007,141777
23422,26218,141779
23423,26221,141779
23424,19031,141782
23425,26220,141782
23426,26349,141790
23427,26261,141793
23428,26262,141793
23429,4285,141795
23430,19970,141795
23431,4696,141796
23432,19971,141797
23433,5765,141812
23434,27080,141812
23435,26419,141814
23436,26231,141815
23437,12200,141816
23438,26320,141827
23439,8673,141831
23440,13777,141831
23441,8714,141832
23442,14409,141850
23443,27769,141870
23444,6757,141918
23445,24349,142032
23446,24349,144230
23447,24350,142032
23448,24350,144230
23449,11111,142045
23450,20542,142057
23451,6567,142598
23452,7046,142598
23453,7047,142598
23454,11755,142598
23455,11220,142072
23456,6976,142086
23457,6977,142086
23458,13839,142086
23459,16438,142132
23460,6409,142575
23461,12658,142575
23462,25701,142136
23463,27583,142136
23464,26095,142145
23465,16646,142146
23466,12280,142170
23467,5471,142177
23468,26166,142196
23469,5560,142201
23470,5560,142217
23471,19594,142201
23472,19594,142217
23473,5559,142201
23474,5559,142217
23475,23931,142225
23476,4695,142226
23477,26176,142227
23478,5861,142232
23479,16865,142232
23480,25525,142234
23481,24088,142237
23482,26412,142282
23483,12134,142591
23484,12132,142591
23485,12135,142591
23486,19073,142335
23487,12437,142345
23488,23912,142374
23489,23912,151268
23490,6637,142378
23491,8784,142378
23492,16605,142378
23493,14351,142688
23494,12483,142413
23495,5057,142429
23496,7992,142432
23497,23887,142437
23498,4325,142439
23499,26184,142439
23500,16512,142608
23501,24322,142481
23502,19708,193498
23503,14679,142547
23504,20870,142547
23505,4235,142578
23506,4236,142578
23507,10877,142580
23508,12119,142580
23509,12639,142583
23510,17717,142592
23511,5435,142596
23512,12375,142596
23513,19055,142599
23514,19059,142599
23515,19060,142599
23516,16520,142609
23517,17491,142610
23518,16056,142611
23519,11105,142612
23520,17457,142612
23521,19056,142612
23522,19057,142612
23523,19057,143003
23524,19058,142612
23525,22089,142612
23526,12781,142613
23527,15833,142613
23528,5680,142614
23529,10831,142614
23530,16523,142614
23531,21518,142614
23532,12225,142615
23533,19541,142615
23534,197,142617
23535,480,142617
23536,18740,142617
23537,10649,142619
23538,10650,142619
23539,13154,142619
23540,27020,142619
23541,16477,142623
23542,16723,142623
23543,6676,142624
23544,6676,145198
23545,16498,142624
23546,16498,145198
23547,16485,142626
23548,16488,142626
23549,2189,142627
23550,11701,142627
23551,14694,142627
23552,20628,142627
23553,13034,142670
23554,21455,142670
23555,26863,142675
23556,7339,142677
23557,24042,142681
23558,17961,142687
23559,20439,142687
23560,22071,142692
23561,6651,142697
23562,4274,142699
23563,17702,142699
23564,15144,142700
23565,20403,142700
23566,26767,142700
23567,11850,142764
23568,6681,142772
23569,6681,144129
23570,10572,142772
23571,10572,144129
23572,16795,142772
23573,16795,144129
23574,13722,142772
23575,13722,144129
23576,18703,142832
23577,4689,142850
23578,26373,142850
23579,26243,142851
23580,26244,142851
23581,26290,142851
23582,5237,142855
23583,22903,142862
23584,22904,142862
23585,21095,142865
23586,7889,142868
23587,26431,142881
23588,27765,142888
23589,14194,142889
23590,7564,142898
23591,20016,142898
23592,20120,142898
23593,26517,142907
23594,26305,142957
23595,20543,142963
23596,7164,142970
23597,26348,142970
23598,7568,142990
23599,25852,142991
23600,25852,142993
23601,25852,144426
23602,4561,142995
23603,26402,142998
23604,26482,142998
23605,26084,142999
23606,26085,142999
23607,26087,142999
23608,26094,143000
23609,26102,143002
23610,26432,143002
23611,21123,143011
23612,21124,143011
23613,24039,143011
23614,27067,143011
23615,6060,143031
23616,6811,143033
23617,23949,143044
23618,24048,143044
23619,26414,143052
23620,21790,143070
23621,26224,143081
23622,3758,143091
23623,7422,143097
23624,26252,143099
23625,24053,143128
23626,26228,143130
23627,3361,143134
23628,15354,143134
23629,17948,143147
23630,18796,143147
23631,23993,143150
23632,26159,143151
23633,18373,143171
23634,21277,143171
23635,24179,143172
23636,24412,143172
23637,24413,143172
23638,24271,143175
23639,3966,143184
23640,24240,143184
23641,24305,143184
23642,4815,143185
23643,26150,143195
23644,26151,143195
23645,26391,143198
23646,19245,143207
23647,1213,143217
23648,10552,143217
23649,26209,143218
23650,26284,143218
23651,15128,143220
23652,15129,143220
23653,26321,143221
23654,26526,143221
23655,12793,143256
23656,21264,143269
23657,26392,143273
23658,16925,143280
23659,11079,143288
23660,12391,143288
23661,26311,143295
23662,24182,143313
23663,24059,143318
23664,23750,143327
23665,23751,143327
23666,25572,143327
23667,24532,143333
23668,4187,143342
23669,4187,144522
23670,6689,143342
23671,6689,144522
23672,19583,143345
23673,19583,144191
23674,24377,143345
23675,24377,144191
23676,4314,143347
23677,15132,143368
23678,25204,193338
23679,3027,193338
23680,25061,193338
23681,11496,143374
23682,7860,143378
23683,26185,143381
23684,26136,143382
23685,17479,143387
23686,23569,143405
23687,22818,143409
23688,23762,143409
23689,16252,143413
23690,23049,143414
23691,23787,143414
23692,25513,143414
23693,23741,143415
23694,16264,143417
23695,21943,143424
23696,26192,143443
23697,20997,143444
23698,23270,143444
23699,17744,143475
23700,25540,143481
23701,26438,143484
23702,26924,143500
23703,26925,143500
23704,22816,143511
23705,22817,143511
23706,19681,143514
23707,26091,143517
23708,26092,143517
23709,4256,143526
23710,18447,143526
23711,1017,143539
23712,24547,143539
23713,18798,143545
23714,18799,143545
23715,18800,143545
23716,26216,143555
23717,26435,143555
23718,23387,143560
23719,26217,143566
23720,11555,143569
23721,19370,143575
23722,19371,143575
23723,26816,143578
23724,24383,143602
23725,26386,143604
23726,26999,193528
23727,25292,193528
23728,25126,193528
23729,26197,143613
23730,27694,143625
23731,22907,143630
23732,22909,143630
23733,26420,143632
23734,26498,143634
23735,26415,143636
23736,12044,143637
23737,4074,143638
23738,26423,143640
23739,4643,143641
23740,4708,143642
23741,12606,143643
23742,26163,143643
23743,26489,143643
23744,26474,143645
23745,21236,143650
23746,5081,143667
23747,26079,143667
23748,3982,143684
23749,26406,143690
23750,26411,143690
23751,15028,143691
23752,23040,143693
23753,23274,143693
23754,26450,143698
23755,7516,143700
23756,12054,143700
23757,12392,143700
23758,21694,143706
23759,21695,143706
23760,26237,143716
23761,4309,143749
23762,24160,143749
23763,24414,143749
23764,10602,143773
23765,23041,143773
23766,23042,143773
23767,4197,143776
23768,23280,143776
23769,23281,143776
23770,26565,143807
23771,14189,143814
23772,14189,146146
23773,15834,143847
23774,25340,193504
23775,25339,143849
23776,25339,193504
23777,27207,143941
23778,26622,143941
23779,26375,143942
23780,25038,143969
23781,1789,193517
23782,25130,193517
23783,25037,193517
23784,19032,143978
23785,19625,144005
23786,19626,144005
23787,26372,144006
23788,26534,144006
23789,24304,144007
23790,26109,144011
23791,8632,144052
23792,21850,144052
23793,26194,144058
23794,26195,144058
23795,26132,144063
23796,22826,144065
23797,22827,144065
23798,26299,144066
23799,26338,144066
23800,12581,144067
23801,19678,144073
23802,26198,144076
23803,6207,144083
23804,18924,144088
23805,7051,144089
23806,3410,144098
23807,26203,144099
23808,26067,144100
23809,26068,144100
23810,26171,144100
23811,24803,144101
23812,26051,144105
23813,3382,144109
23814,7583,144109
23815,4707,144134
23816,11599,144143
23817,4612,144146
23818,21978,144146
23819,19564,144147
23820,19565,144147
23821,17419,144164
23822,26263,144166
23823,24626,144173
23824,24626,144557
23825,24776,144173
23826,24776,144557
23827,7922,144178
23828,11227,144179
23829,19616,144179
23830,24757,144180
23831,27489,144180
23832,26063,144181
23833,26096,144181
23834,23178,144183
23835,14348,144186
23836,27029,144186
23837,3958,144193
23838,24016,144193
23839,24221,144193
23840,26183,144195
23841,24823,144199
23842,21253,144204
23843,27085,144210
23844,14412,144213
23845,26167,144216
23846,26272,144220
23847,11992,144240
23848,22829,144241
23849,8670,144243
23850,23698,144244
23851,24991,193608
23852,14176,144253
23853,14344,144253
23854,16265,144259
23855,19767,144259
23856,25029,193527
23857,10508,144273
23858,23773,144281
23859,23774,144281
23860,23775,144281
23861,26354,144282
23862,10548,144283
23863,26112,144284
23864,26417,144290
23865,26418,144290
23866,27337,144290
23867,18906,144307
23868,18907,144307
23869,18908,144307
23870,26088,144310
23871,26089,144310
23872,3616,144313
23873,22001,144314
23874,26285,144317
23875,26510,144318
23876,4303,144320
23877,23084,144320
23878,10580,144322
23879,24550,144330
23880,24663,144330
23881,24664,144330
23882,26345,144334
23883,14221,144342
23884,19218,144342
23885,3576,144356
23886,11003,144356
23887,26511,144357
23888,20737,144365
23889,3981,144392
23890,3981,144473
23891,26407,144397
23892,12016,144398
23893,19369,144398
23894,26207,144398
23895,16246,144411
23896,23066,144411
23897,10271,144415
23898,19333,144415
23899,18493,144416
23900,18494,144416
23901,10626,144417
23902,13108,144433
23903,13109,144433
23904,13751,144433
23905,19509,144433
23906,26799,144440
23907,19711,144442
23908,4155,144443
23909,4156,144443
23910,19500,144443
23911,19501,144443
23912,21122,144443
23913,27083,144443
23914,12722,144453
23915,12723,144453
23916,12724,144453
23917,8286,144456
23918,3728,144457
23919,3729,144457
23920,3730,144457
23921,4715,144461
23922,26201,144461
23923,26202,144461
23924,26245,144467
23925,26323,144467
23926,26491,144471
23927,27073,144476
23928,3789,144486
23929,23102,144486
23930,23103,144486
23931,23757,144486
23932,25024,193514
23933,25181,193514
23934,21238,193516
23935,3323,144527
23936,25064,144538
23937,19675,144549
23938,21506,144549
23939,23432,144550
23940,25557,144550
23941,13838,144553
23942,10556,144560
23943,10557,144560
23944,10558,144560
23945,26351,144560
23946,25071,193324
23947,25070,193324
23948,25072,144569
23949,25072,193324
23950,14377,144582
23951,14636,144582
23952,19886,144584
23953,5695,144587
23954,26229,144597
23955,26359,144605
23956,26090,144617
23957,24140,144618
23958,27291,144618
23959,9101,144651
23960,26328,144662
23961,26329,144662
23962,26330,144662
23963,17643,144670
23964,22887,144675
23965,22888,144675
23966,4296,144679
23967,11387,144679
23968,17061,144679
23969,4586,144681
23970,4587,144681
23971,23880,144681
23972,4119,144721
23973,18895,144721
23974,18719,144735
23975,26313,144747
23976,26398,144747
23977,26505,144747
23978,26506,144747
23979,18348,144757
23980,18349,144757
23981,23929,144758
23982,24109,144758
23983,15393,144759
23984,23860,144759
23985,23863,144759
23986,25091,193503
23987,23311,144761
23988,26424,144765
23989,11295,144767
23990,12585,144767
23991,14376,144767
23992,20734,144769
23993,10928,144771
23994,16259,144773
23995,23582,144773
23996,23583,144773
23997,23584,144773
23998,3785,144781
23999,7575,144781
24000,24689,144783
24001,5694,144795
24002,23812,144795
24003,17458,144797
24004,23855,144804
24005,22892,144807
24006,24655,144808
24007,4317,144812
24008,17734,144842
24009,5393,144868
24010,23823,144869
24011,6335,144908
24012,22964,144908
24013,10553,144910
24014,10567,144910
24015,27069,144910
24016,26097,144912
24017,26473,144912
24018,23181,144915
24019,23182,144915
24020,23727,144915
24021,3028,144920
24022,4024,144920
24023,24913,144920
24024,25145,144920
24025,25246,144920
24026,25202,144923
24027,25202,193510
24028,24921,193510
24029,21380,144926
24030,26371,144939
24031,27075,144939
24032,26147,144948
24033,24973,193301
24034,26514,144964
24035,25336,193508
24036,26485,144972
24037,26213,144974
24038,27757,144992
24039,6340,145003
24040,11782,145004
24041,17738,145004
24042,18993,145004
24043,15024,145007
24044,17661,145012
24045,5573,145014
24046,17724,145014
24047,17728,145014
24048,5686,145016
24049,18220,145017
24050,21071,145017
24051,14358,145018
24052,5681,145019
24053,5716,145019
24054,12782,145050
24055,18015,145050
24056,19852,145050
24057,19853,145050
24058,15143,145126
24059,10760,145170
24060,10760,148852
24061,10759,145170
24062,10759,148852
24063,21086,145170
24064,21086,148852
24065,19582,145196
24066,20732,145262
24067,18819,145263
24068,4345,145265
24069,14985,145265
24070,8796,145600
24071,4343,146097
24072,8210,146097
24073,3726,146103
24074,26955,146107
24075,14500,146137
24076,2655,146139
24077,2657,146139
24078,26052,146139
24079,24919,193521
24080,24920,193521
24081,24154,146161
24082,20316,146174
24083,27293,146175
24084,20889,146181
24085,20890,146181
24086,11880,146185
24087,26946,146185
24088,11673,146187
24089,2249,146202
24090,2249,146206
24091,4234,146209
24092,15009,146209
24093,4580,146235
24094,26640,146428
24095,11583,146514
24096,54,146518
24097,21039,146518
24098,27103,146540
24099,18962,146568
24100,2985,146575
24101,2985,146576
24102,6695,146575
24103,6695,146576
24104,13736,146575
24105,13736,146576
24106,21970,146575
24107,21970,146576
24108,16118,146578
24109,16231,146578
24110,26606,146585
24111,26584,146585
24112,26590,146585
24113,3245,146593
24114,21609,146593
24115,27034,146596
24116,26428,146615
24117,25809,146703
24118,3093,146716
24119,47,146737
24120,2110,146737
24121,10388,146737
24122,22136,146737
24123,11107,146749
24124,16837,146765
24125,16838,146765
24126,25937,146765
24127,27907,146765
24128,7814,146766
24129,18416,146767
24130,15735,146784
24131,3374,146801
24132,3167,146892
24133,3517,146892
24134,20835,146899
24135,20563,146900
24136,10435,146903
24137,26158,146913
24138,10604,146914
24139,11495,146914
24140,5292,146915
24141,20871,146915
24142,25291,146939
24143,2142,146948
24144,14629,146948
24145,17838,146955
24146,20568,146967
24147,20570,146967
24148,14894,147005
24149,22201,147007
24150,185,147013
24151,8513,147021
24152,19552,147021
24153,20899,147038
24154,6975,147049
24155,3795,147050
24156,20891,147053
24157,868,147055
24158,1394,147055
24159,2101,147055
24160,7607,147055
24161,19800,147055
24162,26828,147055
24163,22435,147058
24164,1845,147059
24165,17882,147059
24166,17883,147059
24167,5187,147065
24168,19949,147065
24169,2751,147071
24170,2752,147071
24171,6041,147073
24172,5100,147091
24173,10103,147095
24174,10115,147095
24175,18133,147095
24176,1714,147100
24177,1714,147103
24178,1715,147100
24179,1715,147103
24180,8922,147100
24181,8922,147103
24182,4776,147139
24183,8078,147205
24184,8831,147205
24185,11138,147205
24186,21831,147232
24187,21831,147351
24188,21831,147563
24189,14939,147238
24190,14939,147778
24191,20664,147238
24192,20664,147778
24193,27132,147239
24194,17549,147244
24195,25979,147244
24196,19775,147249
24197,20519,147254
24198,4359,147255
24199,5488,147255
24200,5489,147255
24201,6038,147256
24202,157,147300
24203,13921,147300
24204,9085,147342
24205,17311,147343
24206,16067,147344
24207,17210,147344
24208,9930,147363
24209,9894,147377
24210,9895,147377
24211,20653,147378
24212,15560,147394
24213,13981,147413
24214,13981,147415
24215,13990,147413
24216,13990,147415
24217,1378,147414
24218,1378,147423
24219,10343,147425
24220,13986,147425
24221,15561,147425
24222,14185,147431
24223,18239,147435
24224,17211,147443
24225,5495,147444
24226,5495,147682
24227,15808,147444
24228,15808,147682
24229,17555,147444
24230,17555,147682
24231,17556,147444
24232,17556,147682
24233,26995,147448
24234,26995,147618
24235,4195,147452
24236,7907,147477
24237,7907,147643
24238,16419,147477
24239,16419,147643
24240,16604,147477
24241,16604,147643
24242,16854,147479
24243,16841,147494
24244,7916,147500
24245,16418,147500
24246,16855,147500
24247,20217,147503
24248,5133,147508
24249,16208,147514
24250,8792,147516
24251,10313,147518
24252,12381,147520
24253,12381,147758
24254,22012,147520
24255,22012,147758
24256,17762,147528
24257,15519,147531
24258,15519,147612
24259,15520,147531
24260,15520,147612
24261,15698,147531
24262,15698,147612
24263,10511,147540
24264,15569,147540
24265,20666,147540
24266,6807,147574
24267,15811,147574
24268,15812,147574
24269,10210,147601
24270,10211,147601
24271,13461,147602
24272,26994,147614
24273,6440,147623
24274,6445,147623
24275,16945,147625
24276,16947,147627
24277,22505,147633
24278,18809,147676
24279,5392,147700
24280,10298,147709
24281,11128,147709
24282,14814,147709
24283,15671,147715
24284,15391,147718
24285,15906,147728
24286,7699,147731
24287,21804,147731
24288,18781,147732
24289,4245,147733
24290,4910,147734
24291,9850,147735
24292,15584,147735
24293,15585,147735
24294,15925,147736
24295,20663,147736
24296,26963,147837
24297,18468,147841
24298,18469,147841
24299,8510,148451
24300,8510,148565
24301,21022,148500
24302,25671,148504
24303,27875,148504
24304,831,148513
24305,831,200715
24306,6513,148513
24307,6513,200715
24308,16463,148513
24309,16463,200715
24310,19658,148513
24311,19658,200715
24312,19432,148514
24313,19432,150518
24314,21025,148514
24315,21025,150518
24316,1761,148535
24317,19291,148537
24318,19824,148537
24319,8653,148542
24320,4762,193558
24321,25008,193558
24322,2648,148571
24323,26457,148571
24324,21356,148594
24325,1946,148597
24326,1947,148597
24327,24721,148597
24328,18648,148599
24329,21355,148600
24330,21284,148605
24331,6539,148609
24332,6540,148609
24333,15123,148609
24334,549,148610
24335,10424,148610
24336,18297,148610
24337,21028,148610
24338,4306,148624
24339,23803,148624
24340,21031,148640
24341,21932,148645
24342,21933,148645
24343,8518,148667
24344,8,148668
24345,3782,148668
24346,8174,148668
24347,2219,148692
24348,6993,148692
24349,20981,148692
24350,27098,148692
24351,22131,148740
24352,22132,148740
24353,21077,148776
24354,10390,148787
24355,10391,148787
24356,2237,148789
24357,1452,148791
24358,7074,148791
24359,7467,148791
24360,14623,148791
24361,15966,148791
24362,17314,148791
24363,21778,148791
24364,21048,148810
24365,3236,148813
24366,11561,148813
24367,18436,148823
24368,14359,148824
24369,21080,148826
24370,27641,148826
24371,17842,148827
24372,18285,148827
24373,22015,148827
24374,12269,148828
24375,12270,148828
24376,3290,148843
24377,14659,148846
24378,14322,148854
24379,11080,148861
24380,11397,148861
24381,18772,148861
24382,18375,148863
24383,18377,148863
24384,16046,148865
24385,24581,148871
24386,24581,153753
24387,282,148875
24388,1804,148875
24389,6628,148875
24390,6629,148875
24391,7610,148954
24392,1826,148961
24393,11050,148966
24394,21109,148972
24395,10536,148985
24396,5123,149001
24397,26056,149019
24398,24904,193276
24399,11600,149209
24400,11600,149237
24401,755,149210
24402,755,149218
24403,10938,149210
24404,10938,149218
24405,11622,149210
24406,11622,149218
24407,18575,149210
24408,18575,149218
24409,12594,149216
24410,15435,149216
24411,19693,149216
24412,188,149220
24413,1983,149221
24414,2065,149221
24415,14375,149221
24416,12602,149232
24417,7840,149239
24418,19380,149239
24419,25329,193271
24420,25211,193271
24421,5220,149467
24422,5832,149467
24423,15852,149467
24424,21213,149467
24425,10405,149550
24426,12577,149550
24427,12578,149550
24428,14839,149550
24429,19458,149550
24430,376,149731
24431,376,149736
24432,27349,149731
24433,27349,149736
24434,4902,149745
24435,27329,149745
24436,4158,149746
24437,19103,149746
24438,895,149764
24439,10277,149764
24440,15064,149764
24441,20586,149764
24442,21295,149764
24443,5968,149774
24444,3023,193314
24445,24969,193314
24446,25099,193314
24447,11345,149792
24448,7537,149799
24449,11578,149802
24450,1175,149812
24451,7410,149812
24452,4484,149912
24453,26101,149918
24454,26326,149918
24455,26454,149918
24456,16698,149920
24457,10778,149946
24458,7257,150023
24459,8556,150045
24460,25043,193583
24461,25042,193583
24462,2566,150183
24463,24844,150183
24464,2735,150206
24465,12314,150207
24466,15101,150207
24467,9,150241
24468,5975,150251
24469,7450,150251
24470,23799,150303
24471,4476,150305
24472,4479,150305
24473,4480,150305
24474,4740,150306
24475,4863,150306
24476,4999,150306
24477,5000,150306
24478,5001,150306
24479,18887,150306
24480,19508,150313
24481,21849,150325
24482,12825,150330
24483,18504,150330
24484,26225,150334
24485,26499,150334
24486,18654,150343
24487,7290,150352
24488,7291,150352
24489,25116,193259
24490,26255,150368
24491,26292,150374
24492,4972,150386
24493,5969,150386
24494,17603,150386
24495,21349,150386
24496,22114,150386
24497,5113,150427
24498,20701,150427
24499,19622,150453
24500,18385,150472
24501,24821,150478
24502,10619,150493
24503,12334,150493
24504,11416,150497
24505,3856,150515
24506,4294,150515
24507,10282,150516
24508,21270,150520
24509,24108,150521
24510,17530,150522
24511,17531,150522
24512,19313,150539
24513,6965,150582
24514,18259,150642
24515,11221,150646
24516,26210,150646
24517,26270,150646
24518,26437,150646
24519,83,150789
24520,2650,150789
24521,2651,150789
24522,26161,150789
24523,827,150790
24524,21407,150797
24525,14388,150814
24526,21185,150814
24527,2280,150835
24528,2281,150835
24529,21470,150835
24530,3658,150860
24531,10771,150860
24532,21499,150860
24533,21500,150860
24534,864,150877
24535,2277,150877
24536,6416,150877
24537,22228,150877
24538,2287,150908
24539,25245,193467
24540,24357,150999
24541,23976,151006
24542,23977,151006
24543,23978,151006
24544,19624,151013
24545,21294,151013
24546,21575,151013
24547,27190,151013
24548,22301,151051
24549,1032,151081
24550,1033,151081
24551,6655,151084
24552,11694,151084
24553,11695,151084
24554,15361,151084
24555,19383,151084
24556,11466,151106
24557,11467,151106
24558,24571,151254
24559,24861,151254
24560,24774,151258
24561,1881,151282
24562,10623,151300
24563,21619,151300
24564,7311,151307
24565,5148,151443
24566,13035,151443
24567,6933,151460
24568,5222,151462
24569,5263,151465
24570,17079,151465
24571,17080,151465
24572,20873,151644
24573,20873,151699
24574,7645,151650
24575,16946,151650
24576,27309,151651
24577,21681,151666
24578,9946,151669
24579,26509,151749
24580,14362,151763
24581,14411,151763
24582,21690,151764
24583,21691,151775
24584,21692,151775
24585,19454,151784
24586,21693,151788
24587,8200,151811
24588,8387,151811
24589,10659,151811
24590,19453,151901
24591,16799,151926
24592,9367,152047
24593,25365,152212
24594,14222,152279
24595,27853,152569
24596,12394,152644
24597,12395,152644
24598,1543,152683
24599,12749,152843
24600,9193,152846
24601,15207,152878
24602,27500,152878
24603,19177,153536
24604,8213,153558
24605,8214,153558
24606,18074,153567
24607,11795,153587
24608,13,153628
24609,14,153628
24610,15,153628
24611,26540,153866
24612,22134,153866
24613,220,153866
24614,4732,153866
24615,68,153875
24616,4801,153879
24617,6330,153879
24618,14515,153879
24619,7252,153954
24620,13578,153954
24621,13579,153954
24622,7497,153955
24623,11878,153955
24624,27475,153957
24625,26823,153963
24626,7493,153965
24627,9541,153976
24628,19256,153991
24629,8203,154031
24630,9766,154032
24631,25049,193326
24632,25050,193326
24633,19705,154129
24634,4033,193425
24635,297,154559
24636,10415,154559
24637,12590,154559
24638,20986,154559
24639,4226,154570
24640,11181,154613
24641,11182,154613
24642,19464,154714
24643,12295,154748
24644,26738,154748
24645,7835,154762
24646,1930,154791
24647,3712,155548
24648,22397,155551
24649,16383,155620
24650,24997,155664
24651,25133,155664
24652,3751,155695
24653,20340,155695
24654,2456,155707
24655,9965,155707
24656,9975,155707
24657,7946,156580
24658,9815,156580
24659,22297,156636
24660,2468,156640
24661,374,156644
24662,25945,156644
24663,3294,156648
24664,12457,156686
24665,6800,156692
24666,1672,156698
24667,5645,156698
24668,16145,156698
24669,9545,156700
24670,13757,156708
24671,5634,156716
24672,11171,156718
24673,17255,156719
24674,18110,156719
24675,5773,156720
24676,17697,156723
24677,1738,156724
24678,8301,156724
24679,5745,156725
24680,2483,156727
24681,8249,156727
24682,17250,156727
24683,22400,156735
24684,26022,156735
24685,22311,156736
24686,22405,156767
24687,22406,156770
24688,9153,156773
24689,9154,156773
24690,22424,156901
24691,22425,156902
24692,25653,156902
24693,73,156924
24694,2927,156924
24695,2943,156924
24696,7300,156941
24697,9747,156964
24698,18964,156964
24699,21408,156964
24700,15918,156965
24701,16004,156965
24702,899,157008
24703,22463,157016
24704,15858,157028
24705,19099,157028
24706,11252,157032
24707,25928,157048
24708,25929,157048
24709,8384,157055
24710,20383,157055
24711,23160,163075
24712,23678,163080
24713,23679,163080
24714,23423,163093
24715,23164,163124
24716,27420,163130
24717,27326,163161
24718,22835,163181
24719,23673,163190
24720,22836,163192
24721,23319,163200
24722,22838,163248
24723,27422,163277
24724,22840,163304
24725,3876,163334
24726,27421,163334
24727,23645,163344
24728,23657,163344
24729,23563,163345
24730,23588,163362
24731,23165,163370
24732,22949,163392
24733,27277,163399
24734,22844,163400
24735,23051,163402
24736,22848,163417
24737,22849,163417
24738,22850,163421
24739,22880,163432
24740,22854,163475
24741,23379,163477
24742,23711,163521
24743,22858,163535
24744,23069,163537
24745,22972,163540
24746,23489,163588
24747,22860,163591
24748,23205,163598
24749,23534,163636
24750,23464,163637
24751,23465,163637
24752,23056,163659
24753,22861,163694
24754,23502,163722
24755,23163,163727
24756,23071,163737
24757,23093,163737
24758,22839,163742
24759,3916,163776
24760,22859,163796
24761,23492,163799
24762,27640,163836
24763,23039,163840
24764,23028,163845
24765,27487,163860
24766,22874,163898
24767,22875,163924
24768,22876,163925
24769,23547,163949
24770,22878,163951
24771,22879,163958
24772,3942,164027
24773,23581,164037
24774,23146,164055
24775,23539,164103
24776,22895,164113
24777,22896,164113
24778,23018,164120
24779,23327,164134
24780,22899,164148
24781,23591,164201
24782,23439,164213
24783,23636,164230
24784,25504,164251
24785,26049,164258
24786,22962,164278
24787,23485,164278
24788,22913,164279
24789,22991,164295
24790,23338,164312
24791,22914,164325
24792,23302,164325
24793,22891,164369
24794,23458,164371
24795,3917,164439
24796,22918,164439
24797,2533,164452
24798,22927,164496
24799,3892,164514
24800,22928,164515
24801,23497,164560
24802,23473,164561
24803,3925,164569
24804,22932,164587
24805,22933,164593
24806,23011,164611
24807,22937,164648
24808,22938,164660
24809,23541,164707
24810,22940,164715
24811,22941,164716
24812,22942,164718
24813,23546,164718
24814,23672,164718
24815,2534,164744
24816,23257,164744
24817,3933,164781
24818,23405,164799
24819,22953,164846
24820,22954,164912
24821,3883,164939
24822,22963,164940
24823,3915,164974
24824,22956,165004
24825,22843,165016
24826,22945,165046
24827,27449,165057
24828,23491,165071
24829,22935,165089
24830,22965,165100
24831,22988,165100
24832,22877,165145
24833,23716,165145
24834,22966,165162
24835,22929,165168
24836,3011,165190
24837,3913,165221
24838,22973,165241
24839,22974,165267
24840,22975,165267
24841,25538,165268
24842,22977,165299
24843,23006,165310
24844,25532,165321
24845,22981,165360
24846,22960,165389
24847,23611,165390
24848,22986,165393
24849,22985,165405
24850,3907,165409
24851,26045,165487
24852,22993,165499
24853,22995,165536
24854,3010,165580
24855,23496,165592
24856,3941,165665
24857,22961,165719
24858,23013,165719
24859,23119,165760
24860,25517,165818
24861,23616,165823
24862,23020,165832
24863,23426,165864
24864,27486,165867
24865,23346,165884
24866,23347,165884
24867,23217,165889
24868,22983,165890
24869,23022,165907
24870,23023,165909
24871,23719,165942
24872,23026,165970
24873,23031,166022
24874,23033,166032
24875,23035,166043
24876,23036,166066
24877,27102,166066
24878,23037,166069
24879,3888,166072
24880,23038,166072
24881,23652,166087
24882,23106,166107
24883,23107,166107
24884,23325,166172
24885,23054,166180
24886,23055,166180
24887,27719,166184
24888,23115,166216
24889,23538,166243
24890,2521,166245
24891,23068,166245
24892,23072,166251
24893,23088,166287
24894,23089,166287
24895,23090,166295
24896,23092,166312
24897,23094,166349
24898,22967,166352
24899,23320,166371
24900,23246,166375
24901,23096,166428
24902,23097,166428
24903,23627,166428
24904,23298,166467
24905,27914,166476
24906,23110,166508
24907,22978,166514
24908,22978,166516
24909,25524,166515
24910,25524,166517
24911,27261,166523
24912,3881,166524
24913,3918,166539
24914,23117,166541
24915,23121,166599
24916,16153,166639
24917,23122,166641
24918,3875,166673
24919,23135,166716
24920,23136,166717
24921,23471,166740
24922,23124,166750
24923,23141,166762
24924,23142,166762
24925,22934,166765
24926,23145,166782
24927,23532,166790
24928,23029,166817
24929,7179,166851
24930,4436,166869
24931,22833,166943
24932,23149,167012
24933,23150,167020
24934,22897,167024
24935,25516,167033
24936,23720,167035
24937,3932,167037
24938,23615,167047
24939,4618,167075
24940,27852,167086
24941,23348,167128
24942,23074,167153
24943,23109,167153
24944,27488,167181
24945,23167,167197
24946,23651,167201
24947,23070,167204
24948,23713,167231
24949,23048,167240
24950,2524,167255
24951,23170,167255
24952,22865,167263
24953,22996,167278
24954,23218,167297
24955,23173,167299
24956,23174,167299
24957,25501,167304
24958,3897,167305
24959,23175,167307
24960,22969,167311
24961,23180,167336
24962,26771,167357
24963,22866,167386
24964,3923,167411
24965,23490,167411
24966,3937,167413
24967,3937,174269
24968,22266,167421
24969,27014,167450
24970,2764,167453
24971,23004,167453
24972,23189,167457
24973,4124,167463
24974,23190,167474
24975,23369,167504
24976,22871,167515
24977,23192,167515
24978,23193,167519
24979,23195,167539
24980,23196,167541
24981,23197,167547
24982,23200,167556
24983,23370,167565
24984,23201,167570
24985,23202,167570
24986,22950,167586
24987,25558,167610
24988,23284,167624
24989,23263,167671
24990,23589,167703
24991,23210,167714
24992,23211,167726
24993,23212,167735
24994,23112,167738
24995,23214,167738
24996,23267,167738
24997,22943,167763
24998,23677,167763
24999,23231,167766
25000,3874,167768
25001,23156,167770
25002,25548,167778
25003,4786,167789
25004,23219,167830
25005,23220,167834
25006,23113,167858
25007,23221,167875
25008,23226,167924
25009,23227,167924
25010,2513,167926
25011,23618,167934
25012,23282,167936
25013,27601,167939
25014,22955,168017
25015,23527,168023
25016,23199,168034
25017,23235,168034
25018,25537,168041
25019,23237,168061
25020,23238,168078
25021,23239,168081
25022,23245,168128
25023,23676,168128
25024,23247,168145
25025,23248,168145
25026,23318,168153
25027,23144,168162
25028,3882,168199
25029,22926,168201
25030,23249,168201
25031,3877,168231
25032,23243,168231
25033,2532,168268
25034,23255,168271
25035,23256,168271
25036,23339,168295
25037,27587,168299
25038,23259,168313
25039,23234,168315
25040,23482,168324
25041,23260,168339
25042,23262,168343
25043,23264,168362
25044,23623,168437
25045,4373,168441
25046,22947,168481
25047,23612,168494
25048,23275,168505
25049,23277,168522
25050,23278,168522
25051,23283,168556
25052,23285,168559
25053,23550,168594
25054,19940,168608
25055,23292,168642
25056,22872,168665
25057,27099,168695
25058,23403,168702
25059,23297,168703
25060,23599,168713
25061,23599,174709
25062,23123,168716
25063,23299,168753
25064,25544,168753
25065,3911,168787
25066,23303,168790
25067,23304,168794
25068,23722,168794
25069,23305,168796
25070,23306,168798
25071,23307,168798
25072,23308,168798
25073,23158,168831
25074,23309,168831
25075,22984,168843
25076,3921,168884
25077,23315,168886
25078,23244,168889
25079,22931,168903
25080,23317,168909
25081,23326,168935
25082,3904,168943
25083,25579,168943
25084,23479,168960
25085,23329,168961
25086,25547,168961
25087,4374,169002
25088,23330,169004
25089,23057,169048
25090,23501,169048
25091,23332,169055
25092,23333,169072
25093,23516,169087
25094,2512,169089
25095,23349,169111
25096,23350,169112
25097,22873,169116
25098,27485,169116
25099,25565,169130
25100,23111,169256
25101,23361,169266
25102,23362,169266
25103,22997,169308
25104,27336,169309
25105,26039,169327
25106,23027,169380
25107,23098,169380
25108,23601,169392
25109,23622,169449
25110,25512,169469
25111,23556,169506
25112,23500,169612
25113,23382,169724
25114,26041,169740
25115,14813,169744
25116,23367,169744
25117,23384,169757
25118,23655,169874
25119,23472,169959
25120,23065,170014
25121,4372,170065
25122,27184,170087
25123,23009,170091
25124,23162,170156
25125,23276,170183
25126,22980,170211
25127,23689,170213
25128,23452,170222
25129,23198,170254
25130,23595,170279
25131,3936,170281
25132,23506,170299
25133,25556,170299
25134,23030,170307
25135,23241,170309
25136,22842,170375
25137,23383,170388
25138,23058,170470
25139,23513,170525
25140,23644,170532
25141,3940,170533
25142,27290,170533
25143,23034,170541
25144,23059,170586
25145,23203,170602
25146,23372,170640
25147,23373,170640
25148,23529,170714
25149,26862,170714
25150,25536,170833
25151,2536,170839
25152,23494,170898
25153,23495,170906
25154,27664,171095
25155,22992,171113
25156,23258,171178
25157,23701,171288
25158,23626,171294
25159,23659,171294
25160,23660,171294
25161,23296,171342
25162,23669,171352
25163,23683,171379
25164,23021,171382
25165,23242,171390
25166,22976,171397
25167,23378,171478
25168,23380,171518
25169,23375,171529
25170,2529,171603
25171,23366,171603
25172,23381,171613
25173,2530,171616
25174,23250,171622
25175,23400,171735
25176,23402,171744
25177,25503,171749
25178,23000,171844
25179,23498,171851
25180,23386,171881
25181,23449,171889
25182,23225,171903
25183,26864,171911
25184,27547,171924
25185,23524,171926
25186,23474,171930
25187,23475,171930
25188,23391,171933
25189,23663,171949
25190,23393,171952
25191,23442,171964
25192,23397,171968
25193,3931,171971
25194,23395,171975
25195,23357,171993
25196,23675,171993
25197,23321,172002
25198,23407,172095
25199,27450,172113
25200,23140,172114
25201,23411,172124
25202,23408,172194
25203,23417,172211
25204,25850,172215
25205,23420,172221
25206,23421,172221
25207,23422,172221
25208,23002,172268
25209,3878,172274
25210,23425,172286
25211,22987,172297
25212,23428,172364
25213,3914,172376
25214,3900,172413
25215,23118,172413
25216,23398,172420
25217,23399,172420
25218,23484,172420
25219,22948,172436
25220,23469,172441
25221,25529,172454
25222,22882,172477
25223,23448,172486
25224,23324,172495
25225,3884,172566
25226,23453,172579
25227,2531,172592
25228,27078,172596
25229,23483,172600
25230,23718,172611
25231,23456,172612
25232,23710,172612
25233,27423,172636
25234,23463,172677
25235,23462,172680
25236,23468,172711
25237,23468,172712
25238,23470,172714
25239,23001,172719
25240,23466,172724
25241,23413,172730
25242,23478,172730
25243,23481,172758
25244,23194,172836
25245,23598,172900
25246,25794,172908
25247,23692,172914
25248,23487,172921
25249,23694,172925
25250,23695,172925
25251,3928,172942
25252,22979,172949
25253,23354,172950
25254,23488,172950
25255,23537,172959
25256,23450,172982
25257,4304,172991
25258,22832,173001
25259,23705,173001
25260,23580,173062
25261,22994,173069
25262,27424,173075
25263,23409,173094
25264,3922,173098
25265,22845,173100
25266,23363,173103
25267,23358,173120
25268,23620,173204
25269,23441,173227
25270,3909,173334
25271,23206,173376
25272,23562,173376
25273,25567,173376
25274,23415,173419
25275,27546,173433
25276,23706,173484
25277,23240,173487
25278,22863,173490
25279,23499,173500
25280,23025,173516
25281,23414,173548
25282,23504,173565
25283,22869,173583
25284,23410,173624
25285,23507,173624
25286,23019,173643
25287,23510,173645
25288,23680,173647
25289,22930,173649
25290,23116,173670
25291,23522,173714
25292,23511,173724
25293,23512,173724
25294,22857,173736
25295,23521,173738
25296,23515,173741
25297,23617,173763
25298,23518,173764
25299,975,173779
25300,23530,173788
25301,23523,173792
25302,3891,173816
25303,22853,173816
25304,23535,173816
25305,23696,173824
25306,23528,173827
25307,23137,173838
25308,23559,173851
25309,3905,173886
25310,23549,173887
25311,23548,173889
25312,23540,173902
25313,23542,173917
25314,3910,173926
25315,23543,173936
25316,23544,173947
25317,23545,173947
25318,23561,173996
25319,23561,174114
25320,22944,174003
25321,23003,174018
25322,23012,174018
25323,23552,174038
25324,23551,174048
25325,23060,174096
25326,23560,174101
25327,22946,174150
25328,23567,174190
25329,23570,174220
25330,23157,174230
25331,22925,174233
25332,22951,174253
25333,3929,174279
25334,23480,174302
25335,23573,174315
25336,23574,174356
25337,23575,174366
25338,23577,174388
25339,22982,174392
25340,23596,174412
25341,3939,174429
25342,23401,174429
25343,22852,174447
25344,22998,174482
25345,23356,174485
25346,23310,174488
25347,23592,174509
25348,3885,174572
25349,27915,174572
25350,3927,174581
25351,22919,174585
25352,22837,174616
25353,23139,174616
25354,27773,174616
25355,22847,174622
25356,25560,174656
25357,23467,174676
25358,23600,174712
25359,4399,174716
25360,23159,174748
25361,23147,174827
25362,3920,175414
25363,23605,175500
25364,22916,175646
25365,22917,175646
25366,23606,175675
25367,3938,175718
25368,15194,175723
25369,22999,175731
25370,23610,175738
25371,23613,175759
25372,23614,175761
25373,3887,175783
25374,23619,175784
25375,23625,175787
25376,22868,175812
25377,23624,175873
25378,23642,175882
25379,22968,175890
25380,22923,175893
25381,22989,175895
25382,4386,175941
25383,23628,175971
25384,23052,175975
25385,10594,175981
25386,23091,175988
25387,23609,175990
25388,3906,175992
25389,22856,176062
25390,23635,176069
25391,23654,176107
25392,23385,176109
25393,23684,176109
25394,23715,176109
25395,23108,176136
25396,23443,176155
25397,23643,176205
25398,3890,176234
25399,23105,176239
25400,23390,176242
25401,23392,176242
25402,23648,176242
25403,23649,176242
25404,27662,176243
25405,23579,176247
25406,25555,176248
25407,23650,176252
25408,23169,176256
25409,23486,176257
25410,23653,176275
25411,23656,176284
25412,23661,176319
25413,23666,176337
25414,23525,176340
25415,25566,176341
25416,23355,176353
25417,23007,176367
25418,23148,176368
25419,23571,176393
25420,23670,176412
25421,23671,176424
25422,22957,176463
25423,23050,176472
25424,23213,176487
25425,23681,176511
25426,23519,176536
25427,23686,176557
25428,23687,176559
25429,23688,176559
25430,22841,176610
25431,23693,176611
25432,23697,176623
25433,23067,176668
25434,3898,176692
25435,27278,176721
25436,23114,176725
25437,23700,176739
25438,23404,176744
25439,23702,176750
25440,4100,176754
25441,22834,176768
25442,23704,176817
25443,23707,176828
25444,23171,176844
25445,23412,176847
25446,3908,176874
25447,23708,176940
25448,23451,176956
25449,23717,177112
25450,3930,177115
25451,23554,177115
25452,23322,177150
25453,23365,177188
25454,25073,193242
25455,25074,193242
25456,24894,193244
25457,25318,193248
25458,27670,193248
25459,4045,193249
25460,25199,193249
25461,24898,193254
25462,25170,193254
25463,7851,193255
25464,7852,193255
25465,25098,193257
25466,25214,193258
25467,27243,193258
25468,27285,193258
25469,27286,193258
25470,2619,193262
25471,25256,193263
25472,4605,193266
25473,4606,193266
25474,24957,193274
25475,25957,193274
25476,27614,193274
25477,7192,193277
25478,24922,193279
25479,24924,193279
25480,25299,193281
25481,25300,193281
25482,4080,193282
25483,25140,193284
25484,4694,193285
25485,24942,193289
25486,24944,193291
25487,24939,193294
25488,24940,193294
25489,25028,193294
25490,27344,193294
25491,24930,193296
25492,6864,193297
25493,6865,193297
25494,24956,193298
25495,24959,193299
25496,25106,193299
25497,24987,193305
25498,25203,193306
25499,25235,193310
25500,25134,193312
25501,25311,193312
25502,4040,193313
25503,4041,193313
25504,25019,193317
25505,25034,193317
25506,3624,193322
25507,25195,193322
25508,4053,193323
25509,25031,193323
25510,25047,193325
25511,25048,193325
25512,25183,193325
25513,27188,193325
25514,3053,193329
25515,25065,193329
25516,24978,193331
25517,25842,193332
25518,25054,193340
25519,25055,193340
25520,25076,193345
25521,25077,193345
25522,4321,193347
25523,25080,193348
25524,25081,193348
25525,27209,193348
25526,25082,193353
25527,25093,193354
25528,24908,193358
25529,24926,193358
25530,25094,193359
25531,24963,193362
25532,25085,193362
25533,25086,193362
25534,25087,193362
25535,25088,193362
25536,27279,193364
25537,7198,193368
25538,24983,193369
25539,25104,193369
25540,4328,193370
25541,25113,193371
25542,25258,193374
25543,25210,193376
25544,24950,193377
25545,26013,193377
25546,3036,193378
25547,25216,193382
25548,25101,193384
25549,25102,193384
25550,25273,193384
25551,25274,193384
25552,25982,193384
25553,25232,193385
25554,25127,193388
25555,25057,193390
25556,25052,193393
25557,24982,193394
25558,11610,193395
25559,25332,193395
25560,11028,193398
25561,24955,193398
25562,4037,193402
25563,25262,193406
25564,27565,193407
25565,72,193412
25566,4035,193412
25567,4036,193412
25568,25128,193416
25569,25114,193421
25570,25275,193422
25571,25276,193422
25572,25176,193427
25573,24934,193430
25574,25122,193430
25575,24984,193432
25576,24985,193432
25577,3627,193437
25578,25123,193444
25579,23419,193445
25580,25284,193446
25581,25136,193447
25582,25229,193448
25583,25303,193449
25584,4025,193452
25585,24990,193452
25586,4027,193454
25587,25222,193454
25588,25137,193459
25589,25138,193459
25590,25139,193459
25591,25030,193461
25592,25058,193461
25593,25109,193462
25594,25110,193462
25595,25338,193462
25596,24909,193468
25597,24914,193468
25598,24981,193468
25599,24999,193469
25600,24971,193470
25601,25083,193470
25602,25208,193470
25603,25027,193474
25604,24954,193476
25605,25151,193476
25606,25288,193476
25607,4030,193481
25608,4031,193481
25609,4761,193482
25610,25001,193484
25611,25089,193485
25612,25090,193485
25613,25092,193485
25614,4667,193487
25615,24896,193487
25616,27490,193487
25617,25323,193489
25618,24979,193490
25619,24980,193490
25620,25056,193492
25621,24899,193493
25622,25335,193494
25623,25035,193495
25624,25036,193495
25625,25063,193499
25626,25763,193501
25627,24925,193506
25628,25025,193507
25629,25096,193509
25630,25097,193509
25631,25148,193513
25632,25206,193513
25633,25282,193515
25634,25283,193515
25635,25254,193518
25636,25255,193518
25637,4043,193519
25638,25301,193522
25639,4663,193523
25640,25271,193524
25641,25241,193525
25642,27251,193529
25643,25174,193535
25644,25175,193535
25645,4637,193537
25646,4129,193538
25647,25016,193538
25648,24947,193541
25649,24928,193543
25650,25194,193543
25651,25191,193544
25652,25192,193544
25653,25193,193544
25654,24915,193550
25655,25021,193550
25656,24946,193553
25657,4050,193554
25658,25221,193555
25659,25236,193567
25660,25237,193567
25661,25238,193567
25662,5789,193573
25663,25066,193573
25664,25257,193573
25665,25135,193575
25666,27022,193576
25667,25261,193577
25668,19387,193580
25669,25186,193580
25670,25280,193581
25671,25281,193581
25672,25293,193584
25673,24941,193586
25674,27560,193587
25675,25002,193590
25676,25003,193590
25677,25240,193591
25678,25310,193593
25679,27729,193593
25680,25046,193598
25681,25120,193598
25682,17370,193601
25683,24907,193602
25684,24996,193602
25685,25511,193831
25686,23331,193838
25687,25528,193855
25688,25531,193857
25689,25546,193864
25690,25549,193876
25691,25568,193895
25692,20401,193941
25693,23099,193941
25694,23725,193941
25695,7665,194005
25696,16913,194005
25697,16915,194005
25698,12148,194041
25699,19518,194041
25700,2983,194076
25701,21094,194085
25702,3310,194093
25703,17241,194093
25704,134,194953
25705,135,194953
25706,19355,194953
25707,8770,195134
25708,20188,195248
25709,19116,195447
25710,13849,196157
25711,21364,196157
25712,8906,197272
25713,17095,197272
25714,21541,197272
25715,14105,197459
25716,17156,197459
25717,17157,197459
25718,17158,197459
25719,27310,197694
25720,7687,197749
25721,1444,198375
25722,353,198409
25723,2239,198409
25724,39,199153
25725,41,199153
25726,654,199153
25727,12554,199233
25728,355,199239
25729,1253,199239
25730,2933,199239
25731,2934,199239
25732,2935,199239
25733,2951,199239
25734,1977,199600
25735,19391,199731
25736,13916,200563
25737,14764,201987
25738,14765,201987
25739,17076,201987
25740,18203,201987
25741,25641,201991
25742,25831,202891
