,post_id,fact_check_id
0,2228,33
1,2228,23568
2,2228,194577
3,2229,33
4,2229,23568
5,2229,194577
6,6088,33
7,6088,23568
8,6088,194577
9,21033,33
10,21033,23568
11,21033,194577
12,3858,156
13,17393,156
15,3768,214
24,6843,354
25,6843,66349
28,14457,354
29,14457,66349
32,15091,354
33,15091,66349
40,22403,371
41,22403,107487
42,22404,371
43,22404,107487
46,5067,376
47,5067,11828
48,5067,109912
52,10187,406
53,10187,111106
58,294,433
59,294,1501
60,294,47014
61,294,47042
62,381,433
63,381,1501
64,381,47014
65,381,47042
69,736,968
70,736,49925
71,8199,968
72,8199,49925
73,27280,968
74,27280,49925
75,2246,969
80,4897,988
81,4897,11765
82,4897,124675
83,13644,1032
84,14098,1032
85,15915,1032
91,19785,1136
92,19785,147714
93,5632,1231
94,7617,1236
95,4579,1236
96,10241,1298
97,10241,39886
98,10241,88079
99,10268,1339
100,10268,88265
104,1008,1941
105,1008,131402
108,2313,1956
109,20597,1956
110,4939,2005
111,4939,53565
112,4939,59343
113,4940,2005
114,4940,53565
115,4940,59343
116,4938,2005
117,4938,53565
118,4938,59343
121,3031,2040
122,3031,136646
123,21922,2066
124,21922,62543
125,21922,116487
127,8506,2204
128,8506,65765
129,8507,2204
130,8507,65765
131,15614,2278
132,15614,96514
133,15614,110733
137,27107,2287
138,27107,45894
139,27107,96429
143,20767,2413
144,20767,43572
145,20767,111590
146,14844,2413
147,14844,43572
148,14844,111590
155,2367,2629
156,2367,98543
157,19502,3057
158,19502,75532
159,19502,75533
160,19502,197220
161,12522,3057
162,12522,75532
163,12522,75533
164,12522,197220
169,21201,3130
170,21201,10927
171,21201,102574
172,6573,3130
173,6573,10927
174,6573,102574
175,16683,3236
176,9843,3246
177,13469,3246
178,13502,3246
179,13564,3271
180,15394,3327
181,15394,62626
186,11,3332
187,11,51854
188,13977,3351
189,21011,3493
190,21011,88107
191,21011,136005
195,11618,3493
196,11618,88107
197,11618,136005
198,5412,3694
199,5412,147561
200,12546,3721
201,12546,92155
202,4857,3721
203,4857,92155
204,6230,3721
205,6230,92155
206,28,3857
207,29,3857
209,5591,3857
210,1547,3889
212,9637,3889
213,15311,3889
217,25633,3889
218,15387,3943
219,15387,35907
220,15387,108580
221,14917,3943
222,14917,35907
223,14917,108580
226,2365,3999
227,3246,3999
229,16951,4095
237,10440,4388
238,4533,4404
239,27749,4404
240,231,4437
241,231,41013
242,19334,4437
243,19334,41013
248,16045,4439
249,16045,66314
250,5034,4536
251,5034,18020
252,5034,118724
253,5311,4536
254,5311,18020
255,5311,118724
256,5035,4536
257,5035,18020
258,5035,118724
266,1766,94326
267,1767,4685
268,1767,40524
269,1767,93185
270,1767,96649
271,2411,4685
272,2411,40524
273,2411,93185
277,431,4685
278,431,40524
279,431,93185
280,9251,4700
281,9251,115264
282,10793,4700
283,10793,115264
284,17974,4700
285,17974,115264
286,17691,4803
287,17691,114028
290,17187,4803
291,17187,114028
292,40,4895
293,18827,4895
294,27578,4895
295,27581,4895
296,27586,4895
297,18134,4909
298,18134,41582
299,18134,41583
300,26988,4909
301,26988,41582
302,26988,41583
303,10451,4961
304,18388,4961
305,3002,5112
306,27764,5112
309,10912,5166
310,10912,85512
311,10912,119733
312,19181,5166
313,19181,85512
314,19181,119733
318,8647,5214
319,8647,131688
320,27727,5346
321,27727,102435
322,27727,102440
323,2049,5498
326,9435,6133
327,8853,6248
328,8853,26926
331,27611,6399
332,15562,6405
333,15562,146851
334,50,6424
335,50,90502
336,20781,6424
337,20781,90502
338,26978,6425
339,26978,54261
340,20943,6425
341,20943,54261
342,5767,19000
343,5767,19801
344,5767,98205
345,5767,140676
346,5767,142879
347,5767,142880
348,5767,143491
349,5767,143646
350,5767,143648
351,5767,143651
352,20946,6429
353,20946,147727
354,10351,6429
355,10351,147727
356,20945,6429
357,20945,147727
359,26986,7168
360,26986,75527
361,26986,147404
368,15637,7168
369,15637,75527
370,15637,147404
371,26940,7276
372,26940,96768
375,21505,7281
376,21505,41402
377,21505,59296
379,23682,7372
384,3447,7690
385,3666,7698
387,22128,7698
388,3886,7714
391,3912,7743
392,3919,7750
393,137,7789
395,5853,7789
396,4841,7793
397,4841,139882
399,7423,7803
400,11228,7803
402,6819,7848
403,23982,7852
404,23982,72314
407,12748,7869
408,16244,7869
409,19728,7869
410,21949,78160
411,21949,78162
412,6999,7956
413,6999,54649
414,15997,7956
415,15997,54649
417,3814,8031
418,3814,67682
419,3814,139144
423,19638,8047
424,19638,154618
428,2967,8077
430,20766,8077
434,25290,8145
438,15416,8263
439,15416,51475
440,15416,80497
444,23353,8530
446,13363,8594
451,19169,8679
452,19169,117958
455,15686,8700
456,15686,8701
460,25375,8729
461,18109,8733
462,21991,8778
463,6737,8800
466,4482,8857
467,4483,8857
468,25586,8857
469,19947,8905
470,12811,8925
472,4493,8926
473,2990,8930
476,10765,8956
478,27736,8960
479,4419,8968
480,4419,71293
483,21718,8968
484,21718,71293
485,15889,9008
486,15889,126438
487,11849,9026
489,4507,9071
490,4523,9158
491,14661,9158
492,13566,9199
493,5077,9237
494,27072,9237
495,17098,9239
496,12714,39552
497,4530,9255
498,4530,59177
499,17316,9319
500,25839,9330
501,4542,9369
502,4542,151915
503,21867,9369
504,21867,151915
505,12404,9410
506,14921,9418
507,11336,9449
508,11336,154733
511,18103,9547
512,21316,9571
513,19305,9584
514,19305,41564
524,27047,9675
525,21131,9682
526,8749,9692
528,18394,9699
529,16649,9700
530,16650,9700
531,20067,9712
532,26804,9723
535,9739,9758
536,21424,9758
538,10398,9759
540,18153,9759
541,18507,9789
542,18507,9790
543,18507,63129
549,27909,9902
553,3353,10030
554,3354,10030
555,7996,10030
556,9807,10045
557,219,10047
558,2940,10057
559,4620,10076
561,27470,10110
565,4631,10179
566,4631,142849
569,13479,10291
570,19691,10299
571,209,10340
572,209,71397
573,12919,10340
574,12919,71397
575,19229,10382
576,6916,10388
578,27570,10388
579,4655,10411
580,20912,10412
581,4657,10421
582,4657,10423
583,27314,10441
586,20353,10454
588,7059,10497
589,4665,10498
590,5159,10512
591,12575,10512
592,17512,10520
593,3364,10537
598,4674,10613
599,9839,10637
600,13589,10639
601,13590,10639
602,6875,10640
603,11852,10640
605,14140,10666
611,20733,10758
612,4686,10782
614,21716,10822
615,27317,10822
616,7125,10826
617,7125,33784
618,7125,33812
627,169,10859
630,7845,10890
631,7845,30601
632,7041,10891
633,20344,10908
634,25675,10908
635,12083,10909
636,13663,10909
639,1853,11021
640,1853,116674
645,13343,11042
646,13343,155747
648,593,11080
649,1645,11080
651,14201,11081
652,9159,11090
653,12388,11108
654,14020,11114
655,15599,11120
657,10887,11144
658,331,11149
661,576,11550
664,834,11734
665,834,27279
666,834,27280
667,18310,11734
668,18310,27279
669,18310,27280
672,20101,11758
673,20101,30847
674,20101,63973
678,9268,11758
679,9268,30847
680,9268,63972
681,9268,63973
682,3156,11764
683,8607,11764
684,19888,11764
685,1265,11780
686,1265,40417
687,5891,11797
688,6249,11797
689,15118,11808
690,15118,194416
691,17631,11808
692,17631,194416
696,15822,11815
697,18465,11815
698,18564,11847
700,4820,11873
702,7124,11875
703,11834,11875
706,9706,11972
712,687,12042
713,25652,12042
714,2123,12049
715,2123,12050
718,20194,12049
719,20194,12050
720,17206,12049
721,17206,12050
722,16176,12056
723,16176,28599
724,16176,85571
725,26873,12056
726,26873,28599
727,26873,85571
728,5841,12091
729,5841,103525
732,6713,12091
733,6713,103525
734,16642,12117
737,14761,12120
738,14761,14094
740,7172,12223
743,11014,12231
744,11014,103552
746,10357,12294
747,2159,12302
748,2159,61285
749,10375,12302
750,10375,61285
751,4834,12303
754,2328,77291
755,4146,12310
756,8482,12310
757,11222,12310
758,11256,12310
759,19127,113128
760,19128,113128
761,19126,113128
762,2812,12402
763,2812,132527
764,2812,139066
767,22486,12442
771,10385,12444
772,12159,12444
773,16372,12444
774,5078,12511
775,27723,12511
776,11351,12526
777,13843,12526
778,19684,12526
779,13941,12532
780,13941,86998
781,13941,86999
782,26966,12532
783,26966,86998
784,26966,86999
788,4864,12594
796,4946,12648
797,4946,93241
798,4947,12648
799,4947,93241
800,4868,12687
801,4869,12687
804,6426,12698
805,15388,12698
806,26905,12698
807,4871,12709
809,2778,12718
812,19192,12742
813,3325,12757
814,9014,12757
815,10020,12757
817,15617,12764
818,18815,12764
822,20625,12778
823,16950,12789
824,10475,12891
825,14431,12907
826,14431,56283
827,14431,121262
828,14432,12907
829,14432,56283
830,14432,121262
831,19275,12925
832,16907,12946
833,16907,107213
836,6035,12973
837,6035,95537
838,6035,95539
839,6035,142835
840,19640,12973
841,19640,95537
842,19640,95539
843,19640,142835
844,19816,13026
845,22393,13027
846,830,13039
847,830,71950
848,15873,13039
849,15873,71950
850,24612,13039
851,24612,71950
852,4357,13118
853,8093,13118
854,5672,13138
856,16160,13138
858,14703,13146
859,14703,90551
860,14139,13146
861,14139,90551
862,28064,13217
863,1000,13223
865,4836,13223
867,4904,13226
871,4905,13236
872,11040,13236
873,11041,13236
880,15837,13349
881,5605,13377
883,556,13440
884,2376,13440
885,2377,13440
886,2378,13440
887,5666,13440
888,10869,13440
889,557,13456
891,2342,13456
894,20513,13456
895,10382,13459
897,15810,13459
898,5309,13461
899,12538,13476
900,26775,13509
902,13645,13510
904,21774,13510
905,28082,13510
906,9004,13531
907,15181,13640
908,15181,94218
909,2055,13714
910,300,13729
911,300,13730
912,300,146962
913,13052,13729
914,13052,13730
915,13052,146962
916,19320,13745
917,19320,105692
920,21240,13745
921,21240,105692
923,19135,61816
925,25691,61816
927,6579,64798
928,16049,64798
929,8190,64798
930,18901,13824
933,9609,13883
934,9609,82636
935,682,25019
942,22005,13904
943,4933,13907
944,17785,13907
945,19946,13914
946,15576,13929
947,15576,36895
948,17837,13929
949,17837,36895
950,8375,13953
951,8376,13953
953,1111,13956
954,10350,14002
955,8956,14018
956,8956,47952
957,8956,47954
962,10496,14073
969,14601,14083
970,14601,45791
971,14601,45801
975,4803,14084
978,4830,14103
979,4831,14103
980,6104,14103
981,6105,14103
983,7515,80549
984,7515,80550
985,14478,14125
986,14479,14125
987,257,80549
988,257,80550
989,21892,80549
990,21892,80550
993,18252,77486
994,19492,14177
997,26909,14178
998,26909,144114
999,26910,14178
1000,26910,144114
1003,21217,14208
1004,15114,14210
1010,35,14267
1011,2916,14267
1012,2917,14267
1013,2918,14267
1014,2919,14267
1015,4966,14304
1016,2295,14330
1017,2295,56981
1018,15964,14330
1019,15964,56981
1020,14842,14331
1022,19941,14332
1023,19942,14332
1028,4398,14335
1033,1950,14339
1034,11930,14339
1036,10479,14340
1037,12588,14340
1038,1952,14342
1040,18701,14342
1041,822,14343
1042,1923,14344
1043,21177,14344
1044,21187,14381
1045,12644,77131
1046,15640,77131
1047,6708,77131
1054,9117,14495
1055,11998,14495
1056,12439,14537
1058,4178,14545
1059,3633,14559
1060,19139,14559
1061,20622,14573
1062,16851,14576
1063,27094,14576
1066,10547,14593
1067,13828,14593
1072,14556,14624
1073,14556,50200
1077,7876,14742
1078,3407,14765
1079,18359,14765
1080,12355,14772
1081,15124,14772
1083,22295,14821
1084,5005,14841
1087,22401,14841
1088,22402,14841
1089,367,14857
1090,1627,14857
1091,21906,14857
1092,8625,14874
1093,14857,14874
1106,5711,14990
1107,26021,14990
1113,12272,15041
1114,12272,23881
1115,12272,25760
1116,12272,35657
1126,19533,15061
1130,5011,15093
1131,5011,15094
1132,5011,87271
1133,5012,15093
1134,5012,15094
1135,5012,87271
1136,19778,15093
1137,19778,15094
1138,19778,87271
1139,3504,15093
1140,3504,15094
1141,3504,87271
1143,27171,15245
1144,27171,19433
1145,27171,41195
1146,27171,102246
1147,11455,15245
1148,11455,19433
1149,11455,41195
1150,11455,102246
1153,12372,87295
1157,9864,15333
1163,10976,15397
1164,21248,15472
1167,5017,15603
1169,17293,15603
1172,14155,15627
1173,14155,44138
1174,14155,50043
1175,14156,15627
1176,14156,44138
1177,14156,50043
1181,14154,15627
1182,14154,44138
1183,14154,50043
1185,21859,15645
1186,20740,15675
1187,20740,110100
1189,10214,15688
1190,10214,102225
1191,3463,15688
1192,3463,102225
1193,8846,15690
1198,10240,15776
1199,10240,102905
1200,10240,103448
1201,12331,15776
1202,12331,102905
1203,12331,103448
1206,2175,15784
1211,4851,15808
1214,11543,15830
1215,263,59447
1216,264,59447
1217,7044,59447
1218,510,15839
1219,513,15839
1220,12600,15839
1225,8786,15908
1226,8786,91944
1227,20169,15959
1228,20169,68998
1229,20169,104913
1230,20169,136408
1231,20170,15959
1232,20170,68998
1233,20170,104913
1234,20170,136408
1235,15789,15970
1236,15789,62388
1237,15307,15970
1238,15307,62388
1239,15790,15970
1240,15790,62388
1241,26314,15970
1242,26314,62388
1243,19570,15994
1244,19570,21711
1245,19570,68575
1246,19570,106154
1247,19570,132124
1253,19912,15994
1254,19912,21711
1255,19912,68575
1256,19912,106154
1257,19912,132124
1258,18356,15994
1259,18356,21711
1260,18356,68575
1261,18356,106154
1262,18356,132124
1263,4545,16020
1265,11966,16033
1266,11967,16033
1267,17382,16033
1268,21075,62891
1270,27645,17368
1271,27645,150293
1277,26974,17530
1278,26974,25903
1281,19656,17633
1282,15867,17636
1283,16601,17639
1284,16601,106412
1287,12875,17652
1290,18829,17654
1291,20806,17654
1292,4866,17672
1293,4867,17672
1294,4981,17672
1295,8161,17672
1296,17609,17672
1297,18727,17672
1298,5062,17675
1299,5063,17675
1302,21290,17687
1303,21290,142409
1304,21290,144994
1306,20796,17770
1307,20796,61405
1308,12274,17779
1310,12012,17804
1311,12012,87426
1316,7372,17918
1317,16741,17918
1320,6904,17920
1321,799,17934
1322,799,114260
1325,11261,17934
1326,11261,114260
1327,563,18010
1328,563,47489
1329,563,70000
1330,16634,18010
1331,16634,47489
1332,16634,70000
1333,21194,18010
1334,21194,47489
1335,21194,70000
1340,370,18017
1344,19108,18017
1345,16571,18072
1346,16571,65485
1347,16571,69245
1348,16571,103072
1349,16571,103382
1350,16571,104273
1358,19395,18135
1363,11404,18354
1364,19667,18384
1366,5466,18449
1367,5466,49082
1370,17332,18533
1371,16298,18557
1372,17657,18557
1373,18087,18557
1374,1538,18560
1375,16066,18561
1376,16066,147830
1377,16068,18561
1378,16068,147830
1379,16069,18561
1380,16069,147830
1381,20232,18563
1384,28007,18564
1386,1557,18570
1387,2808,18570
1388,1044,18571
1389,1045,18571
1391,5115,18603
1392,5115,41507
1393,5115,140179
1394,20719,18603
1395,20719,41507
1396,20719,140179
1399,8604,18606
1400,8604,76950
1401,8604,118366
1402,8604,139349
1403,9090,18606
1404,9090,76950
1405,9090,118366
1406,9090,139349
1423,26993,18606
1424,26993,76950
1425,26993,118366
1426,26993,139349
1435,18051,18819
1436,18051,144097
1437,21079,140369
1440,21078,140369
1444,18344,18841
1446,11064,18848
1447,21288,18848
1449,3700,18858
1450,3700,130567
1451,3700,143480
1457,18610,18972
1458,18610,21452
1459,19927,18973
1460,10911,19033
1461,10911,142955
1462,6400,134314
1463,20172,19141
1464,20172,140313
1465,20172,143499
1466,20172,143674
1467,4892,19157
1468,4892,136387
1469,21224,19228
1470,21224,142150
1471,12320,19228
1472,12320,142150
1478,11073,19720
1479,11073,103955
1480,7966,19731
1481,7966,69011
1482,7966,69268
1483,7966,69725
1484,7966,104370
1485,8669,19731
1486,8669,69011
1487,8669,69268
1488,8669,69725
1489,8669,104370
1490,20739,19808
1491,20739,57957
1498,11225,19816
1499,11225,142954
1500,10568,19851
1501,11971,19873
1512,5121,20071
1531,5171,20410
1532,15859,20410
1533,12089,20482
1537,15352,20493
1538,16751,20494
1539,16751,51365
1540,16752,20494
1541,16752,51365
1543,9225,20496
1544,9354,20496
1545,9806,20496
1546,14586,20498
1548,5216,20500
1549,22303,20503
1551,16198,20508
1555,15260,20511
1556,15719,20512
1557,17240,20512
1558,3100,20513
1560,7782,20513
1562,19762,20518
1563,21469,20518
1564,3077,20533
1565,12441,20607
1567,4022,20642
1568,5318,20642
1569,24958,20642
1570,27629,20642
1571,1127,20654
1572,19255,20654
1573,7234,20739
1574,6482,20752
1575,6546,20752
1576,17580,20783
1577,26046,20783
1578,21242,20793
1579,5380,20801
1580,129,20820
1581,10289,20851
1583,17973,20851
1584,890,20859
1585,1565,20859
1586,18817,20859
1591,22307,20896
1592,5134,20898
1593,5135,20898
1595,9245,20898
1599,80,21053
1600,78,21054
1601,2257,21055
1607,1164,21058
1608,1164,34522
1609,11421,21058
1610,11421,34522
1611,11733,21058
1612,11733,34522
1617,10205,21059
1618,10205,114957
1619,139,21060
1621,2347,21060
1622,4524,21060
1623,10407,21060
1624,15908,21060
1625,378,21061
1626,2326,21061
1628,19538,21061
1629,6300,21168
1630,8423,21174
1633,18301,21199
1634,18301,32242
1635,10925,21345
1636,10925,34241
1637,3646,21350
1638,3646,39500
1639,18922,21350
1640,18922,39500
1645,19241,21450
1646,21848,21457
1647,21848,136868
1648,13842,21472
1650,10812,21498
1652,17403,21505
1653,5448,21553
1655,11010,21553
1656,2429,21562
1657,2429,42668
1664,7157,21617
1665,3312,21632
1666,3313,21632
1667,12211,21641
1669,21775,21663
1670,10417,21666
1671,25955,21666
1672,14933,21671
1674,22420,21682
1675,12434,21689
1676,1328,21704
1677,1328,80348
1678,16126,21704
1679,16126,80348
1685,26814,21741
1686,26815,21741
1690,5472,21769
1697,19797,21781
1698,13102,21784
1700,5465,21785
1702,9669,21786
1704,16357,21786
1706,8725,21797
1707,8760,21797
1708,26953,21797
1709,10072,21800
1710,15951,21800
1711,17808,21801
1712,20804,21801
1713,15501,21805
1715,3777,21816
1717,21012,21817
1718,2185,21832
1720,5481,21866
1726,7970,21981
1727,6044,21986
1728,16724,21986
1729,3282,21987
1730,25875,21987
1731,4295,21996
1732,4720,21996
1733,7664,21996
1734,7829,21996
1736,14655,22018
1737,14655,53799
1738,18413,22050
1739,3300,22060
1741,16320,22061
1742,16320,100378
1743,13111,22078
1744,13111,81842
1745,16297,22078
1746,16297,81842
1748,19650,107214
1749,21243,107214
1750,15338,22134
1751,3935,22146
1752,5554,22146
1753,23597,22146
1755,20773,22184
1756,3579,22186
1757,11278,22186
1758,18241,22186
1760,5950,22188
1761,11305,22188
1762,12690,22188
1765,15708,22188
1768,18247,22189
1769,5558,22190
1770,18177,22195
1772,5561,22218
1773,6533,22219
1774,6956,22219
1776,5562,22220
1777,4381,22228
1778,25971,22255
1782,19627,22598
1783,19627,141529
1784,19627,143209
1789,21350,22612
1793,12074,22678
1794,14722,22678
1795,5608,22679
1810,11832,102429
1811,11832,141672
1812,18434,22683
1813,18434,22694
1814,7007,50133
1815,7007,50134
1816,19782,50133
1817,19782,50134
1819,9189,22690
1820,9190,22690
1821,9191,22690
1822,4204,22697
1824,7118,22697
1825,7119,22697
1827,10207,22697
1828,9266,22698
1829,14400,22698
1832,777,22725
1833,777,61729
1834,18382,22725
1835,18382,61729
1840,27255,22727
1841,14881,22728
1844,17540,22730
1846,9335,22733
1847,9052,22734
1848,17002,22735
1849,9394,22736
1850,14865,22737
1851,17244,22737
1853,916,22738
1855,17811,22738
1856,11445,22742
1857,15796,22752
1858,15796,82609
1859,27153,22752
1860,27153,82609
1861,12048,22787
1862,12048,52729
1863,12048,54411
1864,26886,22787
1865,26886,52729
1866,26886,54411
1867,3808,22787
1868,3808,52729
1869,26885,22787
1870,26885,52729
1871,11726,22787
1872,11726,52729
1873,13860,22787
1874,13860,54411
1876,5617,22837
1877,5617,22838
1878,5617,70097
1879,450,22843
1880,2199,22843
1881,5619,22843
1882,8854,22843
1883,12626,22843
1884,16024,22843
1885,451,22847
1886,452,22847
1887,453,22847
1888,9840,22847
1889,14872,22847
1890,14873,22847
1893,5620,22848
1895,5618,22851
1896,6127,22875
1897,6127,27397
1898,6127,60003
1905,5193,22881
1907,18212,22881
1908,13314,22891
1911,562,22909
1912,11659,22909
1913,21301,22909
1914,27807,22932
1916,11540,22972
1918,11649,22973
1919,4924,22975
1920,5200,22975
1921,5640,22975
1922,25592,22975
1923,5199,22976
1924,5641,22976
1925,16874,22976
1926,10163,23000
1927,11052,23000
1929,27902,23008
1930,14159,23033
1932,2177,23060
1933,5700,23063
1934,20111,23084
1935,20111,135902
1938,12332,23145
1939,754,23178
1941,8487,23178
1943,19449,23179
1944,461,23206
1945,10890,23206
1946,7552,23220
1947,844,23228
1948,14363,23228
1949,14415,23316
1950,14416,23316
1951,5371,23317
1954,5598,23317
1956,21720,23320
1957,1865,23335
1960,22081,23335
1961,151,23369
1962,9472,23374
1963,11166,23374
1965,11808,23374
1966,27166,23374
1967,2161,23484
1968,2161,23485
1969,11099,23484
1970,11099,23485
1971,1430,23486
1972,8905,23486
1981,5801,23542
1985,18653,23547
1986,7079,23549
1987,11665,23594
1988,11665,23595
1989,11665,125233
1990,11665,125260
1994,1502,23602
1995,1502,112859
1996,1502,197155
1997,19199,23634
1998,19199,89229
2000,19134,43607
2004,11851,23661
2005,11851,23679
2007,16397,23677
2008,7518,23694
2010,259,23791
2011,259,23795
2012,6668,23791
2013,6668,23795
2014,19200,23791
2015,19200,23795
2016,27619,23791
2017,27619,23795
2018,2958,23874
2019,2959,23874
2020,15452,23882
2022,25964,24021
2023,12229,24099
2024,12230,24099
2026,12232,24099
2027,21046,24183
2028,21047,24183
2029,18560,24188
2030,20007,24188
2031,1781,24298
2032,1781,135940
2033,12607,24298
2034,12607,135940
2035,21305,24342
2036,5901,24362
2037,5901,56833
2038,5901,56842
2039,5972,24388
2040,17443,24388
2041,4656,24430
2042,12034,24430
2045,18893,24505
2046,11581,24509
2047,11655,24509
2049,10684,24521
2050,15065,24526
2051,15065,104513
2054,19496,24527
2055,19496,104190
2056,19496,106003
2057,19496,136398
2058,15316,24527
2059,15316,104190
2060,15316,106003
2061,15316,136398
2062,333,24529
2063,698,24529
2064,2643,24529
2065,10823,68215
2068,20063,24540
2069,4108,24622
2070,4108,51894
2071,4108,133812
2072,821,24622
2073,821,51894
2074,821,133812
2075,1423,24630
2076,1423,76927
2077,1423,77012
2078,2364,24630
2079,2364,76927
2080,2364,77012
2081,16932,24655
2082,19965,24657
2083,19965,112675
2084,19964,24657
2085,19964,112675
2088,16082,24677
2089,16082,131786
2090,16082,136386
2091,18080,24703
2092,18080,132051
2093,16651,24781
2094,19751,24781
2095,2071,24817
2096,2071,69301
2097,12415,24868
2098,12415,74401
2099,25146,193295
2100,24948,193295
2102,5821,24997
2104,27927,193556
2105,12140,25010
2106,12141,25010
2107,12142,25010
2109,18276,25014
2110,6097,25016
2111,8472,25016
2112,6098,25017
2113,6098,145158
2116,8637,25021
2117,8713,25021
2118,5825,25022
2119,5826,25022
2121,9684,25057
2124,1148,25107
2125,7800,25107
2126,8672,25107
2127,20080,25108
2128,20081,25108
2129,20069,25109
2131,11368,25179
2132,21416,25179
2133,2455,25180
2134,7346,25180
2135,16612,25180
2137,5863,25181
2139,3632,25182
2140,17083,25182
2142,2485,25183
2144,6991,25183
2147,2786,25292
2149,96,25311
2150,96,45723
2151,5378,25311
2152,5378,45723
2153,10851,25311
2154,10851,45723
2155,2994,25329
2156,2995,25329
2157,11923,25329
2158,26025,25329
2159,10891,25383
2161,15792,25386
2163,5881,25389
2164,5881,25392
2165,5882,25389
2166,5882,25392
2167,18346,25408
2168,18346,25409
2169,21824,25428
2173,8807,25444
2174,5884,25457
2176,8543,25517
2177,8543,25532
2182,27759,25518
2183,27759,25523
2184,5888,25519
2185,5888,25529
2187,21203,25544
2188,21207,25544
2189,13782,25562
2190,21468,25562
2194,10961,25578
2195,11848,25578
2196,7204,25595
2197,8009,25600
2201,16895,25636
2202,13483,25640
2203,13483,84504
2204,8739,25646
2205,8739,56839
2206,8739,56844
2207,8739,97623
2212,19813,25646
2213,19813,56839
2214,19813,56844
2215,19813,97623
2219,2255,25670
2220,7529,25670
2225,421,25696
2226,421,113903
2227,12050,25696
2228,12050,113903
2229,19536,25696
2230,19536,113903
2234,25172,193545
2235,2242,25712
2237,7370,25718
2239,22096,25751
2240,1254,25757
2242,6990,25763
2243,6990,194850
2250,1636,25796
2251,1636,96466
2252,5267,25796
2253,5267,96466
2254,1568,25796
2255,1568,96466
2256,8850,25912
2258,8231,25915
2262,9023,25957
2263,9023,154086
2270,18813,25983
2271,18813,25984
2272,18813,47593
2276,16163,25983
2277,16163,25984
2278,16163,47593
2279,211,25983
2280,211,25984
2281,211,47593
2282,415,26005
2283,3755,26005
2285,20669,26005
2286,12425,26009
2287,20535,26009
2295,4028,193270
2296,25230,193270
2297,25247,193270
2298,15080,26119
2300,5168,26134
2301,5168,52598
2304,5244,26134
2305,5244,52598
2312,20714,26155
2313,2015,26156
2314,2015,26166
2315,2283,26156
2316,2283,26166
2317,2284,26156
2318,2284,26166
2323,5983,26158
2324,5984,26158
2326,11024,26181
2327,11025,26181
2328,15597,26181
2329,10396,26225
2330,26035,26225
2332,17251,26229
2333,20193,26229
2334,25789,26249
2335,25789,80980
2336,20296,26249
2337,20296,80980
2338,22293,26249
2339,22293,80980
2340,25790,26249
2341,25790,80980
2345,19292,26271
2348,3133,26502
2349,20676,26503
2350,7114,26505
2351,7115,26505
2352,11913,26507
2353,4600,26512
2354,4600,118442
2355,4601,26512
2356,4601,118442
2357,6039,26512
2358,6039,118442
2359,21439,26512
2360,21439,118442
2361,484,26514
2362,428,26519
2363,6834,26519
2365,27175,26520
2366,941,26552
2367,941,58459
2368,941,100475
2369,941,100487
2374,21052,26552
2375,21052,100475
2376,21052,100487
2377,2074,26552
2378,2074,58459
2379,2074,100475
2380,2074,100487
2381,10930,26581
2382,19446,26594
2384,6371,26597
2385,15183,26597
2386,15184,26597
2387,4287,26614
2388,9263,26633
2389,9264,26633
2390,9341,26633
2392,13107,26634
2393,16173,36559
2396,16172,36559
2397,12953,36559
2398,25648,26638
2401,12470,26685
2402,27413,26685
2403,1007,26693
2404,18828,26693
2405,19062,26693
2406,14730,26793
2407,3319,54027
2408,3319,59084
2409,3319,198387
2410,281,26797
2411,1898,26797
2412,7635,26797
2413,13308,26798
2414,13895,26798
2415,348,26812
2416,348,50449
2421,8241,26897
2422,7733,26917
2423,14392,26917
2425,7215,26948
2426,20813,26948
2430,3214,26959
2431,20815,26959
2434,14786,26963
2436,17857,27024
2437,17989,27024
2438,10620,27053
2439,10620,147659
2442,10622,27053
2443,10622,147659
2445,2202,27060
2449,6446,27105
2450,6446,27106
2455,14508,27114
2456,14508,146825
2457,17317,27114
2458,17317,146825
2461,15467,27117
2463,5126,27119
2464,8066,27136
2465,6068,27137
2466,5522,27138
2467,12977,27138
2468,4633,27146
2470,20942,27147
2471,20942,147143
2472,17180,27149
2473,17180,137479
2474,21454,27149
2475,21454,137479
2477,6082,27173
2479,493,27179
2480,493,27180
2481,493,27181
2482,494,27179
2483,494,27180
2484,494,27181
2485,495,27179
2486,495,27180
2487,495,27181
2488,2819,27183
2490,14580,27183
2494,12318,27224
2495,20386,27224
2497,24586,27226
2499,2198,27231
2501,7289,27231
2502,7906,27231
2503,10896,27231
2506,5462,27267
2507,15178,27269
2514,18261,27330
2517,6123,27340
2519,15518,27350
2521,20191,27350
2524,2747,27351
2525,27707,27398
2526,12999,27399
2527,12999,80973
2528,10026,27399
2529,10026,80973
2530,10054,27403
2533,491,27406
2535,1236,27406
2536,6074,27416
2539,16309,27417
2540,16310,27417
2544,18822,27419
2545,10639,27422
2546,10644,27422
2547,10645,27422
2549,6156,27423
2551,9994,27426
2553,13022,27426
2554,27005,27426
2555,9334,27428
2556,15248,27430
2560,3665,27517
2561,20300,27529
2562,27528,27529
2565,16774,27540
2566,16775,27540
2567,3859,27590
2568,499,27596
2574,6364,27653
2575,6364,59328
2576,22445,27653
2577,22445,59328
2578,16788,27654
2579,4859,27668
2580,22441,27668
2581,18308,27673
2582,6208,27687
2583,16636,27687
2584,27864,27687
2587,14639,27707
2589,1631,27768
2590,17508,27768
2593,19928,27773
2595,11704,27774
2597,14458,27787
2598,1509,27813
2599,19147,27869
2600,19147,150094
2605,1549,27878
2606,1549,43866
2607,1549,43999
2608,8373,27882
2609,25755,27883
2610,27676,27883
2611,10747,27887
2612,4337,27918
2613,3421,27947
2614,15413,27947
2615,769,27955
2616,323,27967
2618,1333,27978
2619,6258,27979
2620,11819,27991
2621,6261,28004
2622,6269,28011
2623,6269,28027
2625,508,28012
2626,4650,28029
2627,4651,28029
2629,7358,28031
2632,6534,28046
2633,8652,28046
2634,21258,28052
2635,3761,28054
2638,6277,28056
2639,12342,28056
2640,19629,28056
2641,21072,28057
2643,6568,28058
2646,6029,28061
2649,16967,28068
2650,16968,28068
2651,12177,28070
2652,21189,28070
2653,1817,28072
2654,5156,28072
2656,21612,28076
2657,19510,28077
2658,11485,28078
2659,5879,28082
2660,12599,28084
2664,6274,28095
2665,6274,28096
2666,6275,28095
2667,6275,28096
2668,1524,28103
2671,540,28108
2672,17539,28108
2674,511,28111
2675,12221,28114
2679,512,28120
2680,7754,28120
2681,3516,28121
2684,18563,28126
2685,18563,49597
2689,515,28134
2690,27045,28137
2691,10768,28188
2692,8122,28196
2693,19569,28196
2694,1065,28206
2696,720,28209
2697,2508,28209
2698,13922,28222
2699,13922,54144
2705,6821,28230
2708,5346,28234
2710,17275,28241
2711,19804,28241
2712,9323,28247
2713,21334,28260
2714,6299,28284
2716,4291,28295
2717,4291,102241
2718,4291,147842
2722,3479,28299
2723,3611,28299
2726,22354,28299
2727,6194,28310
2728,3185,28314
2734,2637,28325
2735,2637,28326
2736,2637,59105
2737,3496,28327
2738,15704,28327
2739,27472,28327
2740,6089,28335
2742,19668,28335
2743,6435,28368
2744,15761,28368
2745,20393,28368
2750,5339,28395
2751,12109,28462
2752,5806,28467
2753,5806,132451
2756,5800,28467
2757,5800,132451
2758,55,28496
2759,1897,28496
2760,15465,28496
2761,18443,28496
2762,19896,28496
2763,25610,28496
2767,4375,28499
2771,3330,28503
2772,6366,28503
2773,9275,28506
2775,27755,28506
2776,20,28606
2777,6927,28608
2778,6928,28608
2780,528,28611
2781,529,28611
2782,4711,28611
2785,11320,28634
2786,11320,113496
2796,16575,28869
2797,16575,103423
2798,16575,131705
2802,4428,28909
2804,21051,28912
2805,710,28936
2806,1051,28936
2807,4797,28936
2808,7745,28936
2810,6673,28973
2811,6673,28974
2812,6673,195013
2813,20700,28973
2814,20700,28974
2815,20700,195013
2821,1830,29092
2822,1831,29092
2823,10782,29092
2824,27988,29092
2825,19286,105490
2826,19287,105490
2827,19546,29112
2828,27183,29112
2829,6551,29115
2830,7867,29115
2831,7868,29115
2832,17922,29115
2833,18658,29115
2835,5715,29771
2836,6979,29126
2837,6979,103365
2838,18623,29174
2839,18624,29174
2841,262,29187
2842,10410,29187
2843,12442,29187
2845,17487,112121
2846,17486,112121
2847,3759,112121
2851,25334,193465
2852,25268,193465
2855,25205,193275
2856,25878,193275
2859,12750,29238
2861,19138,29238
2862,20311,29257
2863,20311,137485
2864,20783,29257
2865,20783,137485
2866,6598,29258
2867,12222,29276
2869,19430,29276
2870,20897,29276
2871,21385,29276
2872,6600,29291
2873,6601,29293
2874,19604,29294
2875,17296,29312
2876,4928,29313
2877,13246,29313
2878,6748,29316
2880,1082,29336
2881,19067,29336
2882,8569,29344
2883,16660,29354
2885,6585,29380
2886,6607,29384
2887,6608,29384
2888,6626,29384
2890,24929,193280
2891,26037,193280
2892,27704,193280
2893,2555,29420
2896,18370,29460
2897,3084,29461
2898,6382,29463
2899,12952,36716
2903,6616,29507
2904,6460,29510
2906,22952,164812
2907,747,29542
2908,747,103516
2909,747,103638
2910,747,104009
2911,747,104537
2912,6459,29542
2913,6459,103516
2914,6459,103638
2915,6459,104009
2916,6459,104537
2917,1266,29542
2918,1266,103516
2919,1266,103638
2920,1266,104009
2921,1266,104537
2922,6574,29542
2923,6574,103516
2924,6574,103638
2925,6574,104009
2926,6574,104537
2927,1138,29587
2928,2195,29587
2932,9952,29594
2933,9953,29594
2934,9954,29594
2935,25848,29594
2936,25849,29594
2938,14459,29595
2939,6894,29616
2940,11614,29616
2941,18573,29616
2942,6624,29631
2943,15970,29662
2944,15970,64895
2945,15970,194612
2947,22341,29671
2949,11915,29681
2950,22332,29693
2951,22332,53389
2952,967,29704
2953,967,36298
2954,4813,29704
2955,4813,36298
2957,8511,29709
2958,8511,29711
2959,8511,46525
2960,5534,29716
2961,5534,80771
2966,19310,29725
2971,22035,29750
2972,22035,62378
2973,11841,29750
2974,11841,62378
2975,6649,29756
2979,6761,29813
2980,17427,85990
2981,17634,85990
2983,2482,29820
2986,4168,29821
2987,4168,137351
2988,17771,29821
2989,17771,137351
2990,17772,29821
2991,17772,137351
2992,17773,29821
2993,17773,137351
2994,17774,29821
2995,17774,137351
2996,3083,29824
2998,27111,29828
2999,27111,37758
3000,6391,29837
3002,1695,29850
3003,6661,29851
3005,9194,29851
3006,9915,29851
3009,26033,29853
3010,26033,54829
3011,729,29885
3012,11321,29885
3013,13731,29885
3020,19587,29936
3021,19587,35094
3022,19587,118059
3023,2154,29943
3025,11666,29977
3026,11666,61357
3029,18296,29977
3030,18296,61357
3031,4564,29977
3032,4564,61357
3042,5722,29999
3043,5722,45207
3044,18075,29999
3045,18075,45207
3046,6263,30439
3048,14123,30446
3049,14123,72392
3050,14473,30446
3051,14473,72392
3052,15067,30446
3053,15067,72392
3054,16518,30447
3055,6627,30450
3056,17066,30450
3057,17067,30450
3058,3848,30477
3059,6697,30477
3060,15185,30477
3063,27836,30486
3064,11526,30492
3065,11526,50647
3069,2223,30527
3071,14499,30548
3072,12356,30553
3073,12356,34148
3074,12356,34206
3075,18179,30553
3076,18179,34148
3077,18179,34206
3078,19470,30553
3079,19470,34148
3080,19470,34206
3081,6717,30578
3082,7895,30587
3086,19190,30654
3087,19190,30655
3088,6723,30654
3089,6723,30655
3090,10895,30693
3091,12390,30752
3092,1329,30773
3093,1329,99698
3094,1330,30773
3095,1330,99698
3096,8031,30773
3097,8031,99698
3098,16388,30773
3099,16388,99698
3100,25642,30782
3101,25642,72569
3102,6733,30784
3103,6733,136041
3104,21595,30784
3105,21595,136041
3108,1928,30795
3109,1928,103847
3114,2240,30795
3115,2240,103847
3116,567,30800
3117,436,30801
3118,5763,30834
3120,6739,30839
3121,21363,30843
3122,7994,30847
3123,7994,63972
3124,7994,63973
3125,7994,71848
3126,11076,30852
3127,11076,147179
3128,11169,30852
3129,11169,147179
3132,3154,30853
3133,12518,30860
3136,25623,30861
3137,26950,30861
3138,2381,30863
3139,2381,96776
3140,19091,30863
3141,19091,96776
3142,2382,30863
3143,2382,96776
3148,9852,30863
3149,9852,96776
3150,6731,30871
3153,19998,30893
3154,20115,30893
3155,4814,30896
3157,19205,30902
3158,7735,30904
3159,22056,30904
3160,10897,30907
3161,15374,30919
3164,4628,30921
3167,12584,30921
3171,4083,30922
3172,12008,30936
3173,12008,116700
3174,17598,30936
3175,17598,116700
3178,7673,30942
3179,1095,30946
3180,1428,30946
3181,2073,30949
3182,8224,30973
3183,12813,30973
3190,21564,30989
3192,18570,31075
3193,569,31115
3194,569,31130
3195,569,31251
3196,569,31373
3197,15401,31115
3198,15401,31130
3199,15401,31251
3200,15401,31373
3201,14246,31118
3202,10804,31127
3204,20359,31141
3206,4017,193352
3207,24989,193352
3208,5514,31192
3209,9173,31196
3210,9173,72743
3211,9066,31200
3212,17807,31200
3213,4421,31216
3216,1239,31229
3217,12504,31317
3218,6775,31264
3221,18325,31265
3222,14547,31270
3223,6771,31279
3224,20148,31292
3226,8671,31296
3228,13036,31297
3229,18419,31297
3231,6964,31310
3232,1220,31311
3234,6595,31325
3235,8919,31344
3236,6767,31359
3237,21283,31359
3238,7236,31381
3239,19551,31381
3240,11341,31411
3242,11313,31436
3243,11313,31439
3244,11842,31436
3245,11842,31439
3246,18690,31436
3247,18690,31439
3248,24830,31447
3249,17449,31456
3250,2639,31459
3251,2639,31460
3252,3575,31507
3257,5196,31514
3258,20070,31514
3259,1940,31538
3260,1940,49938
3261,21310,31538
3262,21310,49938
3263,6786,31539
3264,6786,43889
3267,10749,31539
3268,10749,43889
3271,10800,31964
3273,571,31972
3278,24895,193245
3281,3338,32052
3283,7251,32092
3284,18694,32092
3285,27178,32092
3293,7142,32138
3297,6809,32155
3298,6810,32155
3305,16064,32161
3306,16064,75737
3309,8492,75060
3310,8483,75060
3311,8471,75060
3315,845,32183
3316,10599,32183
3318,14498,32191
3319,18873,32193
3320,3389,32195
3321,4262,32196
3322,27027,32200
3323,27028,32200
3327,27469,32222
3328,13875,32224
3329,3686,32225
3330,6188,32256
3331,22355,32257
3332,22355,89746
3333,9509,32278
3334,10909,32283
3335,10909,32448
3336,10909,83690
3337,14809,32283
3338,14809,32448
3339,14809,83690
3346,6824,32300
3347,6824,147695
3348,6830,32326
3350,19342,32388
3351,5270,32396
3355,15575,32421
3356,16321,32421
3357,1382,32423
3358,1382,96748
3359,9749,32423
3360,9749,96748
3361,87,32445
3364,17203,32450
3365,14557,32452
3366,3623,32459
3367,3623,102169
3368,2178,32459
3369,2178,102169
3370,1169,32459
3371,1169,102169
3372,22476,32459
3373,22476,102169
3374,14038,32471
3378,16936,32501
3379,16936,147157
3380,16936,147390
3383,13882,32556
3384,13882,32557
3386,27809,32561
3389,14501,32628
3390,25605,32630
3391,26042,32630
3392,11353,32631
3395,17285,32633
3398,2944,32634
3399,2944,58971
3400,877,32635
3401,3164,32635
3402,19284,32638
3403,19285,32638
3406,13142,32640
3407,13142,32641
3409,12541,32679
3410,28061,32679
3411,4177,32727
3415,18021,32756
3418,11464,32828
3419,11464,147613
3420,11465,32828
3421,11465,147613
3422,19801,32828
3423,19801,147613
3425,580,32844
3426,1047,32844
3427,20817,32844
3428,6901,32846
3429,6905,32846
3430,6470,32851
3431,6902,32852
3432,20010,32852
3433,27974,32868
3434,27974,52024
3435,27974,139352
3436,9490,32868
3437,9490,52024
3438,9490,139352
3439,9491,32868
3440,9491,52024
3441,9491,139352
3442,6900,32871
3445,6515,32906
3446,5334,32928
3447,5817,32928
3448,16370,32930
3450,15928,32990
3451,6971,32997
3452,6971,32998
3453,22011,32999
3454,5728,33005
3455,5728,52284
3456,5728,82506
3457,20041,33005
3458,20041,52284
3459,20041,82506
3460,27289,33005
3461,27289,52284
3462,4427,33019
3464,6630,33019
3465,17307,33019
3467,18554,33021
3473,20536,33092
3474,21296,33130
3482,4099,33221
3483,19923,33221
3484,21975,33221
3485,3485,33259
3487,8228,33264
3489,5320,33273
3490,1546,33277
3491,8505,33277
3492,10627,33280
3493,2351,33308
3495,10617,33310
3496,8520,33325
3500,12113,33337
3501,7031,33339
3503,7035,33339
3506,11084,33339
3507,19743,33365
3510,18602,33379
3511,18602,88210
3512,12247,33382
3513,26896,33380
3514,6699,33381
3515,6699,133374
3516,9516,33381
3517,9516,133374
3518,18786,33381
3519,18786,133374
3521,7039,33387
3525,11205,101264
3530,20769,33419
3537,5396,33435
3538,7748,33459
3539,13009,33595
3540,13009,80937
3541,13009,80939
3542,10269,33596
3543,4173,33619
3544,10705,33619
3546,15840,33701
3549,8629,33802
3550,8629,33804
3553,14904,33802
3554,14904,33804
3557,21881,33802
3558,21881,33804
3559,22064,33802
3560,22064,33804
3566,305,33820
3567,9187,33820
3569,17144,33821
3570,17144,84324
3571,1398,33831
3572,1398,39091
3573,15754,33831
3574,15754,39091
3575,16356,33831
3576,16356,39091
3582,15782,33860
3583,15782,38013
3584,15782,83951
3585,15782,89552
3586,15782,129671
3587,15782,200349
3588,16882,33860
3589,16882,38013
3590,16882,83951
3591,16882,89552
3592,16882,129671
3593,16882,200349
3595,19209,33862
3596,19210,33862
3598,12290,33875
3601,7137,33924
3605,6779,33925
3606,6779,45891
3607,6779,96035
3608,1561,33927
3610,7141,33927
3611,16180,33927
3615,4664,33944
3616,25107,33944
3617,25279,33945
3620,16290,33957
3621,11663,34057
3622,11663,110237
3623,11664,34057
3624,11664,110237
3625,21378,34070
3626,21378,34138
3627,21378,34218
3628,21378,34222
3629,9434,34070
3630,9434,34138
3631,9434,34218
3632,9434,34222
3635,9218,34099
3636,7794,34100
3644,20147,34106
3645,4109,34112
3646,4109,34227
3647,4109,103598
3651,15365,34112
3652,15365,34227
3653,15365,103598
3656,22436,34114
3657,22436,51910
3666,14944,34118
3668,17852,34122
3669,8540,34135
3674,620,34140
3675,27638,34140
3677,11524,34144
3679,7194,34164
3681,19581,34177
3682,19581,72816
3688,11940,34185
3693,2806,34187
3694,2806,81234
3695,5279,34188
3696,20013,34188
3697,27061,34190
3698,27061,34238
3699,625,34201
3700,619,34204
3701,3813,34210
3702,18634,34210
3703,21844,34220
3704,21844,47166
3707,702,34228
3708,4525,34228
3710,21036,34239
3711,320,34240
3712,320,34246
3716,8209,34248
3717,18228,34248
3724,11569,34296
3726,18950,34296
3727,18952,34296
3728,19856,34296
3729,1110,34353
3730,1110,139363
3731,1484,34353
3732,1484,139363
3735,438,34353
3736,438,139363
3737,2991,34404
3738,2991,41192
3739,21351,34419
3740,21351,34420
3741,21351,63804
3742,13773,34434
3744,991,34441
3745,5903,34441
3748,18889,34441
3749,2623,193585
3750,24952,193585
3751,24951,193585
3752,7862,34452
3758,36,34518
3759,5928,34518
3761,7672,34519
3762,12763,34519
3763,5225,34540
3764,5226,34540
3768,19280,34561
3769,16040,34565
3770,25962,34565
3778,2398,34592
3779,2398,114936
3780,2398,122250
3781,10262,34592
3782,10262,114936
3783,10262,122250
3784,22095,34592
3785,22095,114936
3786,22095,122250
3790,8744,34635
3791,8745,34635
3793,27307,34654
3794,27307,41146
3795,27306,34654
3796,27306,41146
3799,20728,34712
3800,20728,85712
3801,20728,146119
3802,10904,34725
3803,10904,63740
3804,18911,34725
3805,18911,63740
3808,11854,34752
3810,11856,34752
3815,20705,34773
3816,20705,106687
3821,3239,34786
3822,19397,34790
3823,11766,34814
3824,15957,34814
3826,19178,34814
3827,19584,34814
3828,15081,34819
3829,8577,34820
3832,26807,34841
3833,26807,147475
3834,26807,147738
3840,16985,34895
3841,15461,34900
3842,15461,147756
3843,7316,34900
3844,7316,147756
3845,9933,34903
3846,10159,34903
3847,11529,34903
3848,7317,34909
3849,7317,34910
3850,7321,34909
3851,7321,34910
3852,14284,34909
3853,14284,34910
3854,17170,34914
3856,7325,34939
3857,9199,34939
3859,11910,34961
3861,21276,34997
3862,8871,35004
3863,8871,42128
3864,8871,42129
3865,16389,35004
3866,16389,42128
3867,16389,42129
3868,10949,35006
3869,10949,135502
3870,13520,35006
3871,13520,135502
3872,21300,35006
3873,21300,135502
3876,11187,35042
3877,17880,35066
3879,21591,35072
3880,22003,35082
3881,7335,35115
3882,16506,35115
3884,7336,35124
3886,12258,35133
3887,17547,35133
3888,7366,35134
3889,7366,147672
3890,10338,35134
3891,10338,147672
3892,9860,35135
3895,1596,35136
3896,1596,84386
3897,17365,35136
3898,17365,84386
3899,312,35139
3900,382,35139
3901,4693,35139
3903,9557,35140
3904,5391,35141
3906,10414,35142
3907,27385,35142
3909,9812,35146
3910,13810,35146
3911,7338,35147
3912,14884,35148
3913,15681,35149
3915,7347,35171
3916,7348,35171
3920,13734,35178
3921,15408,35178
3922,17164,35178
3923,2276,35369
3924,7105,35370
3925,10483,35391
3930,656,35406
3931,7106,35413
3934,11845,35416
3938,17620,35445
3939,21138,35445
3940,18260,35446
3942,10360,35468
3943,19550,35468
3944,8178,35478
3945,8178,199630
3948,2218,35490
3949,8063,35496
3950,27779,35509
3951,27780,35509
3952,4842,35513
3953,7820,35513
3954,15975,35513
3956,8742,35546
3957,888,35548
3959,18643,35548
3963,6462,35568
3964,22214,35569
3965,27754,35569
3966,23,35570
3967,5999,35583
3969,15258,35591
3970,110,35594
3975,12535,35620
3976,12535,75892
3978,11233,35630
3980,21216,35630
3981,17225,35633
3982,17225,113684
3983,17226,35633
3984,17226,113684
3985,17257,35633
3986,17257,113684
3987,15428,35635
3988,15428,35640
3989,15428,84902
3990,15482,35635
3991,15482,35640
3992,15482,84902
3996,17324,35635
3997,17324,35640
3998,17324,84902
3999,17653,35635
4000,17653,35640
4001,17653,84902
4002,3439,35635
4003,3439,35640
4004,3439,84902
4005,3800,35635
4006,3800,35640
4007,3800,84902
4008,3514,35635
4009,3514,35640
4010,3514,84902
4011,14312,35639
4016,15454,35643
4017,15454,96583
4019,24848,35663
4020,7382,35678
4021,11727,35683
4022,20770,35683
4025,22246,35703
4028,5858,35705
4029,6254,35705
4030,6633,35705
4033,25078,193346
4034,25079,193346
4035,18185,35715
4036,18185,111389
4039,15600,35715
4040,15600,111389
4041,7373,35715
4042,7373,111389
4045,7004,35744
4046,7004,80596
4047,14237,35744
4048,14237,80596
4049,15229,35744
4050,15229,80596
4053,15608,35770
4054,15609,35770
4057,5539,35790
4058,5539,50921
4059,3258,35792
4061,17362,35798
4062,21488,35798
4063,3157,35799
4064,1425,35803
4065,6014,35803
4069,3159,35807
4070,3159,41860
4071,3159,85033
4072,1076,35817
4073,20321,35818
4074,13386,35828
4075,659,35829
4076,660,35829
4078,27156,35829
4092,7399,35853
4093,7399,59289
4097,7384,35869
4098,7384,79149
4099,11486,35869
4100,11486,79149
4106,10700,35869
4107,10700,35870
4108,10700,79149
4111,28072,35886
4113,2772,35895
4114,10114,35895
4116,21632,35895
4117,7120,35896
4120,9765,35915
4125,9560,35928
4127,13312,35928
4128,14611,35931
4129,14611,138749
4130,429,35933
4131,429,52750
4132,14256,35933
4133,14256,52750
4134,12181,35935
4135,20302,35935
4137,10462,35938
4138,19318,35938
4141,27056,35939
4144,1911,35943
4146,11911,35943
4148,5793,35960
4149,7406,35960
4150,7407,35960
4153,20656,35966
4154,20656,85488
4158,301,35993
4159,301,118792
4160,4670,35993
4161,4670,118792
4162,13594,36007
4163,3699,36086
4164,18896,36086
4165,7427,36112
4166,1945,36114
4167,3309,36114
4168,3474,36114
4171,20139,36115
4172,27389,36115
4175,27854,36131
4176,20830,36133
4177,13617,36137
4178,13623,36143
4180,3216,36146
4181,20566,36146
4184,3173,36148
4185,3173,79469
4186,12963,36148
4187,12963,79469
4188,12964,36148
4189,12964,79469
4190,609,36152
4191,609,36647
4194,7130,36152
4195,7130,36647
4196,5421,36152
4197,5421,36647
4198,13195,36152
4199,13195,36647
4200,13574,36153
4201,347,36156
4205,6475,36164
4207,7455,36164
4208,7469,36164
4210,7471,36164
4211,12460,36164
4212,15968,36164
4213,19905,36164
4214,20718,36164
4215,20825,36164
4216,25769,36164
4217,27896,36165
4218,3645,36167
4219,20905,36168
4225,2137,36187
4226,17845,36187
4227,20144,36187
4228,3177,36189
4229,3220,36189
4230,7134,36189
4231,7462,36204
4232,7463,36204
4233,7464,36204
4234,14368,101853
4235,6782,101853
4236,10442,36258
4237,10442,118320
4238,10442,118321
4239,18088,36258
4240,18088,118320
4241,18088,118321
4242,27981,36258
4243,27981,118320
4244,27981,118321
4245,11774,36277
4246,6362,36279
4247,5282,36281
4249,10384,36286
4250,10384,147544
4251,16898,36286
4252,16898,147544
4255,16900,36286
4256,16900,147544
4257,5208,36295
4258,5208,63278
4259,1414,36296
4260,1414,36297
4261,1414,108908
4262,1414,200508
4263,5204,36296
4264,5204,36297
4265,5204,108908
4266,5204,200508
4267,12398,36296
4268,12398,36297
4269,12398,108908
4270,12398,200508
4279,15553,36350
4280,5550,36354
4282,7398,36394
4283,17091,36394
4285,3540,36417
4286,7056,36417
4287,25606,36417
4288,1260,36418
4289,1261,36418
4290,12609,36419
4291,18668,36419
4292,9534,36428
4293,25886,36429
4294,25893,36429
4295,2111,36430
4296,16534,36431
4297,27365,36432
4298,3187,36435
4300,4240,36435
4301,12945,36435
4302,7132,36437
4304,8128,36439
4305,8129,36439
4306,1353,36440
4308,1355,36440
4309,13698,36440
4310,12978,36441
4311,21740,36441
4314,17395,36451
4315,22447,36451
4316,27922,36451
4319,4621,36455
4320,17469,36455
4321,8143,36456
4323,27409,36456
4324,12972,36457
4325,11885,36458
4326,13697,36464
4327,1105,36465
4331,13707,36468
4333,27446,53729
4334,15381,36474
4337,15642,36477
4341,7543,36480
4342,8411,36481
4343,17755,36482
4345,17149,36485
4346,13059,36486
4347,27798,36487
4348,3316,36488
4349,3565,36488
4350,3566,36488
4351,9680,36488
4353,7494,36489
4354,13607,36491
4357,27895,36494
4358,8402,36501
4359,5231,36502
4360,13592,36502
4361,26044,36502
4368,11736,36504
4369,11736,136955
4370,11736,138169
4371,13063,36506
4372,13434,36506
4373,13571,36506
4374,3792,36508
4375,3792,80909
4377,20404,36510
4380,21752,36510
4381,27412,36510
4382,359,36530
4384,7449,36534
4386,13613,36534
4387,13614,36534
4388,13615,36534
4389,22061,36537
4390,17763,36540
4391,17192,36543
4394,27023,36546
4395,5504,36549
4396,27897,36550
4399,13665,36558
4401,16892,36561
4402,20824,36561
4405,20365,36565
4406,22255,36565
4408,21684,36568
4409,25996,36569
4410,25996,137930
4411,2797,36572
4412,2798,36572
4413,2799,36572
4414,13768,36573
4417,12612,36579
4419,20680,36582
4420,1235,36585
4421,7072,36586
4422,13622,36588
4423,3567,36593
4425,6613,36594
4429,18782,36596
4430,18782,138137
4431,18783,36596
4432,18783,138137
4433,3094,36597
4434,3454,36597
4435,14298,36597
4436,20043,36597
4437,20360,36597
4438,2801,36598
4439,3111,36598
4440,8239,36599
4441,17605,36602
4442,12450,36603
4444,11363,36604
4445,20564,36605
4447,13700,36608
4449,5163,36611
4451,6889,36612
4454,7040,36613
4456,20857,36614
4457,20858,36614
4460,8034,36615
4461,13316,36615
4462,7504,36616
4463,7505,36616
4465,16123,36618
4466,20916,36618
4467,16190,36619
4469,27920,36620
4470,27502,36622
4471,26948,36623
4472,3697,81237
4473,3697,92817
4474,3697,92819
4479,6048,36624
4480,13385,36624
4485,27534,36626
4486,13537,36628
4487,15849,36630
4488,15849,146895
4491,692,36633
4492,20042,36634
4493,6914,36635
4494,13577,36636
4495,20831,36636
4496,20832,36636
4497,20852,36640
4498,20853,36640
4500,13558,36641
4502,11892,36643
4505,27889,36644
4506,27890,36644
4509,7434,36648
4510,14480,36649
4511,17392,36651
4512,16445,36652
4513,16445,146901
4516,3693,36654
4517,8022,36655
4518,12031,36655
4519,21762,36655
4520,20356,36656
4522,7506,36657
4523,20919,36660
4524,27350,36661
4525,11738,36662
4526,927,36663
4527,1834,36664
4529,20823,36665
4530,9578,36667
4537,12965,36687
4538,12966,36687
4542,16000,36700
4543,7457,36703
4545,8406,36709
4546,8406,44221
4547,17571,36712
4550,13387,36718
4551,8401,36719
4553,12955,36720
4557,20562,36722
4558,13585,36723
4559,20241,36723
4560,14258,36729
4562,7896,36733
4563,9699,36734
4564,8822,36737
4565,3238,36739
4566,21989,36740
4567,21989,111176
4568,27025,36741
4569,13685,36744
4570,3556,36746
4573,27855,36747
4574,27395,36751
4575,16835,36752
4576,4379,36755
4580,3455,36758
4581,13544,36758
4583,13094,36759
4585,16284,36759
4586,3525,36760
4587,14128,36761
4588,13565,36763
4589,13686,36763
4591,20847,36766
4592,7438,36767
4594,13670,36768
4595,13670,82462
4596,27405,36769
4598,27230,36770
4599,9772,36775
4600,22454,36775
4601,22455,36775
4604,14077,36777
4605,20914,36777
4609,9698,36778
4610,9698,52851
4611,17576,36779
4614,12461,36782
4616,19796,36793
4617,14705,90575
4618,14705,90576
4619,14705,147610
4620,10862,90575
4621,10862,90576
4622,10862,147610
4623,19986,36797
4625,25897,36799
4626,5731,36801
4627,14347,36801
4628,6862,36804
4629,2875,36805
4630,13021,36806
4631,13021,138302
4634,7517,36856
4635,7517,36857
4636,15629,36856
4637,15629,36857
4638,16338,36856
4639,16338,36857
4640,3430,36882
4641,17168,36882
4642,27850,36882
4643,8454,36893
4644,8454,113686
4647,7533,36959
4648,7533,66274
4651,4911,36989
4654,11364,37036
4655,11364,44087
4656,12499,37036
4657,12499,44087
4658,21742,37046
4659,21742,57899
4660,21743,37046
4661,21743,57899
4662,21744,37046
4663,21744,57899
4665,5020,37048
4667,21570,37092
4668,19548,37156
4673,11239,37182
4674,12283,37203
4675,19698,37204
4676,25830,37204
4677,1981,37226
4678,10767,37226
4680,19415,37241
4682,11350,37253
4683,8824,37263
4684,9811,37264
4685,18824,37264
4686,13122,37265
4687,15320,37265
4688,8437,37267
4689,15583,37267
4690,20602,37267
4692,18172,87308
4693,7566,37284
4694,7566,142989
4697,752,37296
4700,9398,37298
4701,17134,37304
4702,12323,37306
4703,4443,37312
4704,4443,55482
4705,12251,37312
4706,12251,55482
4707,15382,37312
4708,15382,55482
4709,19596,37315
4711,10565,37321
4712,19401,37321
4713,7565,37330
4714,7559,37334
4715,7559,50975
4716,15054,37394
4719,16219,37399
4722,7580,37404
4723,17411,37405
4724,19411,37405
4725,19412,37405
4726,6352,37414
4728,27435,37419
4729,27436,37419
4733,5262,37441
4734,16411,37441
4735,10981,37442
4738,20336,37444
4739,25629,37444
4740,2469,37445
4741,13186,37445
4742,16779,37445
4743,27376,37447
4744,1191,37449
4745,19173,37449
4746,11783,132894
4747,5574,132894
4748,17513,132894
4749,6399,132894
4754,7581,37461
4755,7581,141395
4756,7573,37461
4757,7573,141395
4759,25985,193582
4762,21089,145086
4763,21037,145086
4764,7560,37484
4765,7561,37484
4766,7572,37484
4767,3208,37487
4769,17650,37489
4777,20776,107192
4781,26211,37521
4785,616,193286
4788,18189,37586
4789,19110,37587
4790,674,37607
4791,21550,37607
4794,27564,37615
4797,13596,37627
4799,5498,37629
4800,8908,37638
4801,8908,37644
4802,8908,50684
4811,17921,37642
4812,17921,78659
4816,7601,37663
4817,9780,37671
4818,10861,37671
4819,15893,37671
4821,22258,37671
4822,1356,37689
4825,12403,37700
4826,12403,81713
4829,5501,37701
4830,8559,37701
4832,17828,62650
4835,16545,37750
4836,16545,102374
4837,16545,147521
4839,7640,37806
4840,20803,37810
4843,9013,37814
4844,14545,37814
4845,15426,37819
4847,16410,37843
4852,2981,37852
4853,2981,37853
4854,2981,137503
4855,10013,37856
4856,10014,37856
4858,9432,37858
4860,16625,37863
4861,16626,37863
4862,16627,37863
4863,9477,37864
4864,13349,37864
4870,9671,37990
4871,14794,37990
4873,22,37995
4874,14777,37995
4875,2731,37997
4880,1823,38000
4882,15999,38000
4883,19807,38000
4884,19808,38000
4889,8298,38038
4892,11512,38043
4893,13640,38043
4894,21806,38043
4895,4088,38044
4896,6145,38921
4897,618,38929
4898,618,81790
4901,1482,38929
4902,1482,81790
4905,170,38931
4906,170,38932
4907,21420,38934
4908,21421,38934
4909,21422,38934
4910,7729,38936
4911,14650,38936
4912,25263,193563
4914,18053,38968
4927,4370,39041
4928,11223,39051
4931,11092,141108
4932,19637,39071
4933,25780,141108
4934,11091,141108
4935,11090,141108
4936,688,39076
4938,12623,39076
4939,15693,39076
4942,11866,39090
4943,25689,39090
4945,11338,39096
4946,2362,39145
4947,6071,39145
4949,3074,39147
4950,3509,39147
4951,7786,39147
4952,19879,39147
4956,8050,39203
4959,2349,39237
4961,16487,102279
4962,16486,102279
4963,11402,39283
4965,11813,39288
4966,18969,39291
4967,13315,39327
4969,5549,39329
4970,5549,48286
4971,13351,39329
4972,13351,48286
4973,7693,39332
4974,7693,39352
4977,3120,39337
4978,1022,39345
4980,8361,39353
4981,8362,39353
4983,11001,39355
4984,455,39358
4985,11164,39362
4986,11164,80303
4987,18400,39362
4988,18400,80303
4994,7695,39374
4995,5247,39414
4996,7556,39414
4998,5272,39450
5000,13465,39451
5001,16220,39451
5005,16778,39545
5006,7719,39554
5007,7720,39554
5008,4827,39564
5009,4827,39565
5010,4827,55058
5017,19120,78669
5019,10694,39582
5020,7731,39606
5021,7736,39609
5023,5506,39649
5024,1332,39651
5026,18768,39652
5027,1702,39666
5029,16480,59423
5031,16481,59423
5032,17810,39713
5035,11254,39730
5036,9848,39735
5037,15778,39737
5038,16012,39737
5039,16013,39737
5040,18119,39737
5042,16291,39748
5044,1303,39749
5045,1304,39749
5046,1982,39749
5047,20573,39749
5050,22362,39751
5052,15291,39753
5053,1784,39757
5054,13905,39772
5055,13905,137522
5057,8800,39800
5065,1137,39985
5066,1137,72570
5067,1137,200582
5068,12582,39985
5069,12582,72570
5070,12582,200582
5071,21372,39985
5072,21372,72570
5073,21372,200582
5075,20204,39999
5078,4760,40021
5079,8864,40022
5080,26803,40033
5082,10016,40034
5083,10733,40061
5088,641,40079
5089,875,40083
5091,6155,40083
5092,7776,40083
5094,11444,40083
5096,21447,40084
5099,5655,40106
5100,1087,40117
5103,7684,40124
5104,7685,40124
5105,3305,40130
5106,3305,54189
5109,7166,40130
5110,7166,54189
5111,7211,40132
5112,11469,40132
5115,485,40151
5116,6037,40151
5117,9627,40152
5118,5521,40227
5119,25855,40227
5120,27851,40242
5121,9449,40246
5123,7960,40266
5126,7832,40295
5127,7832,199627
5128,12436,40296
5129,7374,40300
5130,17783,40300
5133,9089,40327
5135,14656,40343
5136,15764,40343
5137,18577,40343
5138,4144,40346
5139,4144,45688
5140,8208,40346
5141,8208,45688
5149,14980,40353
5150,21341,40353
5151,7855,40387
5153,22384,40433
5161,25041,193360
5164,1670,40671
5165,1671,40671
5166,2279,40684
5167,4410,40684
5168,3791,40699
5169,21522,40699
5172,14301,40711
5173,17533,40711
5174,4019,193475
5175,20526,40718
5176,2100,193475
5177,635,40783
5179,503,40824
5180,503,89687
5181,4198,40824
5182,4198,89687
5183,11931,40824
5184,11931,89687
5185,2627,40827
5186,7843,40827
5189,818,40857
5191,20702,40857
5195,19574,40866
5196,19574,150480
5197,19574,201211
5198,12669,102157
5200,12668,102157
5202,64,40901
5203,2039,40936
5204,15362,40936
5205,15363,40936
5207,4764,40937
5208,8761,40951
5209,21057,54887
5210,13774,54887
5211,2962,41014
5212,14927,41022
5213,8999,41030
5214,8999,118779
5217,4209,41031
5218,4713,41031
5220,20697,41031
5224,12316,41060
5225,8383,41066
5226,8757,41066
5228,4475,41098
5229,16611,41099
5233,21297,41110
5240,8754,41125
5241,8754,41234
5242,8754,74024
5243,15509,41125
5244,15509,41234
5245,15509,74024
5249,24977,193302
5250,24933,193531
5251,24931,193531
5252,24932,193531
5256,14754,41149
5259,19635,41162
5261,11498,41164
5265,21807,41168
5267,21940,41169
5268,17917,41176
5269,2541,41177
5270,8762,41178
5271,17639,41184
5272,17639,83772
5273,17676,41185
5274,18078,41185
5278,1494,41190
5281,6572,41201
5282,12780,67483
5287,18716,41213
5289,12216,41222
5290,12216,125598
5291,12216,125609
5292,7618,41233
5293,13078,41233
5294,15743,41233
5295,15744,41233
5296,10847,41243
5297,10847,45632
5300,8808,41245
5301,4334,41249
5302,15074,41249
5304,4894,41299
5305,4894,139303
5306,4893,41299
5307,4893,139303
5308,6454,41303
5310,18030,41303
5317,19289,41330
5318,11977,41336
5319,3557,41374
5320,9234,41374
5321,11179,41374
5322,11180,41374
5323,15347,41397
5324,15347,95092
5325,20772,41482
5326,7915,41485
5327,9278,41487
5329,27789,41490
5330,27790,41490
5331,6909,41493
5332,7910,41493
5333,7912,41494
5334,18747,41497
5335,16315,41505
5337,16014,41506
5339,7919,41534
5340,7920,41534
5341,27043,41534
5342,4931,41539
5344,7921,41539
5347,1346,41546
5348,16351,41553
5349,16351,144263
5352,14380,41559
5354,5094,41570
5356,7924,41573
5358,9296,41575
5359,9977,41580
5361,20409,41588
5364,8966,41599
5365,7184,41601
5368,3857,41625
5369,10087,41626
5370,20925,41626
5372,9983,41628
5374,10118,41628
5378,7964,41651
5380,7159,41674
5381,7990,41756
5382,715,41785
5383,19885,41806
5384,15378,41854
5386,9624,41855
5387,10726,41856
5388,13480,41856
5392,9301,41936
5393,10515,41946
5394,3118,41955
5396,717,41992
5397,6464,41993
5398,6465,41993
5399,4773,41994
5401,5875,42049
5403,2646,42052
5404,2646,118833
5405,14598,42052
5406,14598,118833
5407,21959,42052
5408,21959,118833
5409,10465,42071
5410,14553,42071
5411,21784,42095
5412,8153,42167
5414,7857,42171
5416,12072,42185
5417,18248,42185
5418,18024,42208
5422,11788,42274
5423,11788,53805
5424,3218,42296
5428,770,42309
5431,16496,101449
5432,16497,101449
5433,15773,42344
5437,1021,42361
5438,5649,42367
5439,11978,42377
5440,11978,70555
5441,25738,42445
5442,14628,42460
5443,11029,42472
5444,20345,42497
5445,6498,42511
5447,13743,42529
5448,13743,45251
5449,13743,45639
5450,25977,42530
5451,25977,45644
5453,2264,42555
5455,21862,42577
5458,21304,42585
5459,21304,68254
5460,8528,42613
5461,17054,42618
5462,11823,42620
5466,12266,42643
5467,12266,82253
5468,11918,42670
5469,15911,42681
5470,18123,42690
5471,6692,42692
5472,6692,69823
5473,19659,42696
5474,17125,111030
5476,6095,42742
5477,21780,42742
5481,1357,42746
5482,3588,42746
5490,882,42940
5491,15326,43006
5492,15326,105478
5493,19961,43020
5494,25938,43032
5500,5065,43050
5501,93,43061
5503,4528,43106
5505,9217,43196
5506,27393,43196
5508,20106,43209
5509,20106,136832
5510,16136,43209
5511,16136,136832
5512,3571,43210
5517,17787,43301
5518,6102,43303
5519,8327,43303
5520,12254,43303
5521,17375,43303
5522,19171,43311
5523,7008,43314
5524,7008,43315
5527,13338,43314
5528,13338,43315
5529,17092,43314
5530,17092,43315
5531,17104,43314
5532,17104,43315
5533,13892,43316
5536,8331,43318
5537,9600,43318
5541,11461,43343
5542,11461,72301
5557,6053,43393
5558,6053,98303
5559,19549,43400
5560,19549,71941
5561,19549,111598
5562,16169,43404
5564,1462,43405
5565,1462,72647
5566,3371,43406
5567,3706,43406
5568,8067,43437
5569,14906,43437
5570,20299,43447
5571,13946,43454
5574,1120,43564
5577,6666,43564
5578,1726,43568
5579,1726,105589
5580,1726,105594
5591,8345,43610
5592,17621,43617
5593,17621,146144
5596,11016,43619
5601,15500,43630
5604,19153,43630
5605,20014,43630
5606,20206,43630
5607,4259,43660
5609,12956,43669
5610,13534,43669
5611,20410,43669
5614,21963,43685
5617,20231,43722
5618,20231,44693
5619,20231,52039
5620,14617,43722
5621,14617,44693
5622,14617,52039
5623,7083,43777
5626,20596,43782
5627,18832,43790
5630,15809,43798
5631,15809,54505
5632,15550,43798
5633,15550,54505
5636,8043,43821
5637,8043,110298
5640,22432,43821
5641,22432,110298
5642,27357,43861
5643,11383,43883
5644,12501,43906
5645,7143,43916
5646,16374,43916
5647,8548,43925
5648,26776,43925
5651,25760,43937
5652,25760,82230
5653,784,43945
5654,8183,43949
5656,8197,43953
5657,786,43956
5658,1449,43961
5659,21171,43961
5660,21714,43961
5661,2250,43968
5662,10872,43977
5663,8526,43978
5664,5736,43989
5667,27543,44000
5668,27543,45724
5670,12497,44015
5671,400,44023
5672,874,44023
5673,14551,44042
5674,14551,105851
5676,7030,44055
5677,19984,44101
5678,19984,60182
5679,26956,44108
5680,11820,44122
5681,11820,45625
5682,1917,44137
5683,17271,44137
5684,9304,44141
5685,9989,44141
5687,8011,44150
5689,10900,44151
5690,5712,44156
5692,13692,44159
5693,10713,44160
5694,13696,44160
5695,8404,44164
5697,20364,44167
5699,6345,44172
5703,27383,44173
5704,27474,44175
5705,17338,44177
5706,17754,44178
5707,13369,44184
5708,16289,44191
5710,11805,44198
5711,2148,44199
5713,10201,44211
5714,10201,44212
5715,14022,44217
5716,14023,44217
5717,7310,44218
5718,20363,44223
5719,13687,44231
5723,3189,44239
5724,7249,44239
5725,12032,44247
5726,4782,44248
5727,17423,44249
5729,27718,44251
5730,10666,44252
5731,13023,44252
5732,13550,44254
5734,20277,44255
5735,13424,44258
5736,5810,112858
5737,21758,44263
5741,15406,138847
5742,10516,44268
5744,18009,44270
5745,9756,44273
5746,6293,44275
5747,1207,44276
5751,7827,44292
5752,3670,44294
5753,20584,44295
5754,7437,44297
5755,5982,44298
5756,20848,44304
5757,989,44306
5758,17194,44306
5760,3715,44309
5762,4948,44311
5763,13673,44311
5764,12157,44312
5765,25841,44317
5766,19987,44321
5768,7461,44328
5771,3695,44332
5772,9065,44332
5773,16828,44332
5774,16829,44332
5775,19906,44332
5776,18670,44333
5777,13254,44334
5779,17196,44336
5781,9582,44337
5782,10667,44337
5783,16464,89930
5787,11991,89930
5788,11690,44338
5789,20860,44340
5790,4802,44341
5791,22033,44344
5794,13406,44347
5795,27476,44354
5796,27926,44358
5798,13703,44364
5799,22970,169236
5801,8969,44368
5803,6752,44372
5804,20846,44372
5805,6234,44374
5806,20855,44374
5809,20854,44378
5810,18865,44384
5812,13763,44385
5813,13709,44389
5814,1406,44391
5816,27160,44391
5817,12936,44393
5818,4624,44395
5819,9573,44398
5821,9575,44398
5822,11725,44398
5823,20976,44398
5824,20977,44398
5826,14637,44404
5827,6220,44405
5828,13712,44406
5829,12962,44407
5830,27351,44408
5831,6218,44409
5832,13253,44410
5833,3260,44414
5834,20750,44414
5836,27758,44415
5838,19788,44428
5839,10352,44431
5840,18186,44434
5842,7265,44441
5843,5592,44450
5845,16333,44459
5847,3720,44485
5848,2124,44495
5849,8422,44495
5850,9070,44495
5851,20461,44495
5852,26989,44499
5853,2401,44501
5854,2401,55966
5855,2401,123869
5859,16691,44501
5860,16691,55966
5861,16691,123869
5862,17321,44501
5863,17321,55966
5864,17321,123869
5865,20589,44501
5866,20589,55966
5867,20589,123869
5868,1628,44503
5870,13364,44505
5871,13376,44505
5872,16902,44505
5873,4225,44519
5874,8929,44519
5875,25858,44519
5878,14631,44521
5880,1338,44557
5881,1904,44557
5883,8430,44562
5884,8959,44563
5885,8959,52323
5888,12234,44563
5889,12234,52323
5890,388,44575
5891,8436,44575
5893,9554,44579
5894,22340,44579
5895,16633,44580
5897,6158,44584
5898,13282,44584
5899,7156,44655
5900,7156,44658
5901,7392,44659
5902,18965,44659
5903,8440,44674
5904,8441,44676
5905,5439,44679
5906,8443,44679
5908,18835,44687
5909,18835,90419
5910,27783,44687
5911,27783,90419
5923,749,44719
5926,762,44735
5927,2269,44739
5929,21206,44739
5930,21401,44739
5934,21321,44747
5935,21321,118817
5936,15102,44750
5939,8499,44949
5940,3648,44950
5942,15591,44967
5943,22245,44969
5944,22245,66223
5945,18877,44969
5946,18877,66223
5949,15348,44969
5950,15348,66223
5954,1313,45004
5955,11920,45016
5957,20416,45042
5958,14914,45043
5959,20423,45043
5963,2247,45067
5966,8202,45077
5967,8202,89641
5968,804,45081
5974,470,45113
5975,10746,45117
5976,10746,49821
5977,3171,45119
5978,10386,45130
5979,10386,138550
5981,18671,45139
5982,18671,88324
5984,9767,45152
5985,11204,45157
5986,13716,45176
5987,13716,151905
5990,21002,45191
5991,21002,45570
5992,27253,45194
5993,2423,45206
5995,8768,45209
6000,21333,45212
6002,9071,45213
6004,8054,45235
6005,8054,49905
6009,12715,45247
6010,3625,45254
6011,21330,45261
6012,8350,45270
6013,5139,45280
6014,5139,45281
6015,5139,68316
6023,21170,45288
6024,95,45291
6025,2484,45291
6027,27872,45293
6028,27872,45580
6029,21060,45293
6030,21060,45580
6031,4340,45295
6032,27726,45323
6034,8201,45328
6035,22480,45332
6036,10679,90084
6037,10679,150114
6038,10679,150131
6039,10679,201180
6040,9055,61316
6041,9055,61317
6042,2275,90084
6043,2275,150114
6044,2275,150131
6045,2275,201180
6046,15420,90084
6047,15420,150114
6048,15420,150131
6049,15420,201180
6050,18069,45340
6051,20698,45341
6052,8535,45351
6053,11061,45351
6054,11962,45369
6058,13744,45370
6059,13079,45373
6061,1015,45386
6062,1015,114317
6063,1389,45400
6065,19690,45402
6066,8525,45404
6067,8207,45405
6070,4539,45415
6072,1043,45417
6073,1043,45418
6074,1043,118826
6075,9158,45417
6076,9158,45418
6077,9158,118826
6078,21027,45417
6079,21027,45418
6080,21027,118826
6081,21021,45417
6082,21021,45418
6083,21021,118826
6085,25762,45420
6086,25762,45423
6087,25762,62233
6088,9106,45420
6089,9106,45423
6090,9106,62233
6091,8756,199854
6092,3602,45422
6093,4763,45427
6095,11042,45430
6096,11042,71516
6097,1848,45444
6099,14624,45444
6102,4342,45455
6104,12500,45458
6106,9149,45482
6109,7023,45509
6110,7023,45657
6111,7023,49735
6112,15745,45523
6113,15745,45575
6114,1793,45531
6115,10325,45531
6116,15230,45531
6117,1642,45533
6118,18681,45548
6119,765,45549
6121,21968,45551
6122,21968,49594
6123,21211,45552
6124,11869,45553
6125,10633,45554
6126,27147,45554
6127,12006,45556
6128,9799,45557
6129,9800,45557
6130,10680,45557
6131,10681,45557
6134,8155,45567
6135,21097,45567
6136,2263,45572
6138,8794,45576
6139,11365,45578
6141,8079,45581
6143,21863,45584
6144,27137,45586
6146,20754,45588
6147,25845,45588
6148,27247,45589
6149,21787,45590
6150,13457,45591
6151,7388,138211
6152,18582,45594
6153,18583,45594
6154,7389,138211
6155,20685,45595
6157,22509,45597
6158,25778,45599
6159,25901,45599
6160,206,45607
6161,18063,45608
6162,8394,45611
6164,21106,45611
6166,21210,45612
6167,11106,45613
6169,8382,45615
6170,20051,45616
6171,8545,45617
6172,25739,45618
6173,27284,45620
6174,25692,45621
6175,9791,45623
6176,9791,69959
6177,8536,45624
6178,16969,45626
6179,8532,45627
6180,20885,45627
6182,13730,45631
6183,8378,45633
6185,759,45634
6186,760,45634
6187,25672,45634
6188,27760,45636
6189,11822,45637
6190,10688,45638
6191,10688,49502
6192,8393,45640
6193,8393,49731
6194,11684,45640
6195,11684,49731
6198,15063,45642
6199,15063,97614
6200,20112,45645
6201,3830,45646
6202,1285,45648
6204,19689,45650
6205,19689,53252
6206,20347,45650
6207,20347,53252
6209,11249,45654
6210,11817,45654
6211,14223,45654
6215,22030,45659
6216,4534,45660
6217,10677,45663
6218,14843,45666
6219,14843,148467
6224,20346,45667
6225,27283,45668
6230,12201,45670
6231,6766,45671
6232,18724,45671
6235,14243,45673
6236,14243,156407
6237,18558,45673
6238,18558,156407
6239,21782,45673
6240,21782,156407
6241,12265,45673
6242,12265,156407
6243,410,45675
6245,9147,45676
6246,9148,45676
6247,6727,45681
6248,22074,45684
6249,21100,45685
6251,25602,45685
6252,12568,45686
6253,20755,45686
6255,6897,45694
6256,21204,45696
6257,10843,45697
6258,10843,49692
6259,10843,145261
6260,11979,45697
6261,11979,49692
6262,11979,145261
6263,20176,45698
6264,14600,45704
6265,18679,45706
6266,18679,49697
6267,7854,45707
6268,18067,45707
6269,11797,45709
6271,11898,45712
6272,8380,45714
6274,27193,45716
6275,12005,45717
6276,19040,45718
6278,4103,45720
6279,4103,87974
6280,27110,45721
6283,6091,45730
6284,4540,45732
6285,4540,106578
6286,4627,45732
6287,4627,106578
6290,1061,45739
6291,10055,45764
6293,21897,45787
6294,3342,45822
6295,6078,45822
6296,9310,45822
6297,809,45837
6298,5799,45837
6299,28071,45837
6300,14719,45841
6301,16316,45841
6303,9358,45843
6305,17231,45843
6306,2174,45847
6307,17829,45847
6308,9338,45849
6309,9338,80333
6310,18125,45849
6311,18125,80333
6312,810,45850
6313,21438,45850
6315,18316,45851
6316,384,45860
6320,14529,45863
6321,14529,50810
6322,14529,50811
6323,14529,153604
6328,425,45886
6329,425,54596
6330,521,45895
6331,2941,45897
6332,16938,45897
6333,16939,45897
6338,4916,45899
6339,4916,110742
6340,9909,45906
6341,27600,45923
6342,7991,45938
6343,16658,45938
6344,5613,45940
6345,10077,45940
6346,10987,45940
6347,2032,45941
6348,15270,45954
6349,812,46008
6350,7701,46018
6351,7701,46020
6352,19687,46018
6353,19687,46020
6354,1492,46035
6355,7609,46035
6356,5349,46092
6357,18709,46092
6358,19661,46092
6360,4105,46158
6362,22120,46158
6363,8705,46160
6365,5802,46458
6366,3513,46459
6367,15415,46459
6369,5837,46463
6370,6656,46463
6371,19657,46471
6372,19702,46471
6375,12091,46496
6376,12092,46496
6377,12093,46496
6378,16635,46496
6382,5360,46520
6384,8902,46529
6385,16306,46529
6386,26785,46534
6390,13865,46544
6391,27044,46544
6393,7787,46545
6395,7789,46545
6396,6451,46548
6397,6452,46548
6401,7822,46928
6402,7822,53777
6405,2742,46929
6406,2742,59182
6408,5234,46942
6409,16446,46942
6411,27544,46942
6412,8354,46949
6413,20741,46949
6414,10040,46984
6415,10040,101210
6416,10596,46984
6417,10596,101210
6418,11793,46984
6419,11793,101210
6420,12097,46985
6421,8644,46987
6422,8737,46987
6423,22006,46996
6424,25624,46996
6425,25625,46996
6426,25626,46996
6427,11858,47036
6428,18850,47036
6429,16589,47047
6430,817,47051
6432,17972,47080
6433,7226,47111
6436,18718,47116
6437,18718,133965
6438,3871,47131
6440,1002,47171
6441,1416,47171
6443,18265,47171
6444,18266,47171
6449,14582,47237
6450,19908,47237
6451,4703,47254
6452,18899,47254
6455,21192,47395
6456,21904,47395
6457,820,47396
6458,3041,47396
6459,19365,47396
6461,25474,47429
6462,7472,47488
6463,7472,129299
6464,7472,133466
6465,8698,47563
6466,8698,96528
6467,8698,156771
6471,19953,47563
6472,19953,96528
6473,19953,156771
6482,17077,47570
6485,13427,47598
6487,8704,47600
6488,3548,47602
6489,7403,47603
6491,2823,47610
6492,3295,47611
6494,27442,47611
6497,17027,47619
6498,17249,47627
6499,8707,47628
6500,7353,47710
6501,8718,47711
6502,17534,47711
6503,7269,47760
6504,3301,47845
6505,21583,47845
6507,8753,47877
6509,12308,47877
6510,12317,47877
6515,4825,47915
6518,476,47932
6520,6899,47932
6522,15832,47986
6526,24902,193260
6527,24901,193260
6528,25227,193564
6530,25207,193261
6531,4034,193261
6532,11101,48005
6533,25298,193316
6534,25297,193316
6535,4044,193316
6536,7988,48016
6537,10929,48016
6540,3062,48024
6541,11322,48024
6547,11487,48045
6548,1141,48050
6552,16643,48051
6553,16643,102767
6554,166,48051
6555,166,102767
6556,17851,48053
6557,7362,48060
6559,18661,48060
6565,17588,48068
6569,8479,48092
6575,21561,48145
6576,18676,48155
6578,587,48176
6579,1704,48176
6581,21896,48176
6585,15758,48187
6586,19247,48187
6587,4951,48236
6589,27648,48275
6595,2461,48303
6597,18210,48303
6598,1060,48305
6600,17172,48305
6601,3229,48308
6602,7558,48308
6604,9412,48309
6605,4653,48310
6606,9742,48310
6607,383,48314
6608,14395,48314
6609,15621,48314
6610,16327,48314
6611,5494,48317
6612,20874,48317
6613,20875,48317
6614,27590,48317
6616,5831,48343
6617,17942,48499
6618,8835,48806
6621,27740,48830
6624,7055,48967
6627,9049,49022
6631,2369,49035
6633,10222,49059
6634,10223,49059
6636,8790,51645
6637,8790,59526
6638,8791,51645
6639,8791,59526
6640,2060,49134
6650,7864,49165
6651,12110,85929
6653,25308,193256
6654,25153,193256
6655,12885,88069
6658,24903,193273
6660,25315,193272
6662,24993,193272
6665,25040,193267
6666,3714,49225
6670,5192,49238
6671,13451,49238
6673,4302,49239
6676,3370,49240
6677,3362,49243
6678,3363,49243
6679,17086,49243
6680,22351,49243
6681,11959,49261
6682,22305,49262
6683,22305,79809
6684,15292,49264
6685,18295,49264
6686,22230,49264
6688,14100,49282
6689,14100,91660
6690,23061,166224
6691,8881,49419
6692,26865,49430
6693,6939,49433
6694,14619,49436
6697,18549,49456
6699,27607,49464
6700,226,49484
6701,761,49485
6702,10844,49486
6703,10844,49487
6704,10844,49488
6705,10844,62257
6710,123,49516
6711,10734,49516
6714,6248,49548
6715,6248,49641
6716,10883,49563
6718,15100,49576
6719,17841,49614
6720,20991,49623
6721,20991,57775
6722,20991,136413
6723,18721,49623
6724,18721,57775
6725,18721,136413
6726,184,49624
6727,27977,49624
6729,15765,49669
6731,20387,49671
6734,25746,49673
6735,25746,53319
6736,13717,49673
6737,13717,53319
6738,8529,49681
6739,8529,71311
6740,21096,49684
6741,11069,49715
6742,11900,49715
6743,9801,49719
6744,9801,92395
6745,9801,153855
6746,4335,49724
6747,20692,49751
6750,25894,49753
6751,4172,49754
6752,11816,49754
6753,12828,49771
6755,20384,49775
6757,12633,49781
6760,3261,49813
6761,3261,86874
6762,3261,86877
6763,8386,49830
6766,27631,49856
6769,15060,49859
6770,15060,156346
6772,12130,49869
6773,12130,49871
6774,27542,49869
6775,27542,49871
6776,10841,49894
6777,10842,49894
6779,4338,49932
6780,4339,49932
6781,8897,49960
6783,12981,49960
6784,8887,49969
6785,17442,49969
6786,19948,49977
6787,2472,50022
6788,6749,50022
6789,9169,50023
6790,4516,50036
6794,8318,50055
6795,27235,50055
6798,2224,50066
6801,8803,50077
6803,8970,50080
6806,7484,50092
6807,629,50093
6808,629,50094
6809,630,50093
6810,630,50094
6811,5242,50107
6812,5242,53495
6813,9183,50110
6814,25914,50110
6815,10721,50114
6816,14991,50114
6817,27724,50114
6818,9184,50115
6819,9185,50115
6820,9186,50115
6822,19891,50117
6823,7621,50127
6824,8880,50127
6826,16196,50127
6828,17655,50128
6830,25843,50128
6833,17291,50137
6834,17291,51368
6835,5305,50138
6836,5307,50138
6837,2450,50141
6839,15256,50141
6840,22152,50141
6841,9200,50147
6843,16188,50149
6844,839,50156
6846,8277,50156
6848,27647,50158
6849,27221,50159
6851,2445,50161
6853,25972,50161
6856,9206,50182
6857,9206,50183
6860,15300,50184
6861,16766,50184
6863,905,50191
6864,1433,50191
6865,19812,50191
6868,841,50206
6869,841,114081
6870,10035,50209
6872,9050,50229
6873,13289,50229
6874,903,50231
6875,6983,50238
6878,1463,50250
6879,1463,50987
6880,8910,50251
6882,9009,50256
6883,21528,50256
6884,21529,50256
6885,21501,50276
6886,21502,50276
6887,7094,50312
6888,7094,50315
6889,21399,50312
6890,21399,50315
6891,9221,50318
6892,8915,50322
6893,8916,50322
6895,5284,50327
6896,5284,50329
6898,2634,50331
6900,9327,50335
6901,3783,50337
6902,2471,50338
6905,9228,50344
6906,9229,50344
6907,8608,50345
6908,12226,50345
6909,7652,50346
6910,7652,50347
6913,6186,50358
6914,14908,50358
6916,1711,50362
6919,444,50367
6920,444,134200
6921,17340,50367
6922,17340,134200
6923,1431,50375
6924,1431,134207
6925,1431,134242
6926,18405,50375
6927,18405,134207
6928,18405,134242
6930,8943,50379
6931,8943,51394
6932,4147,50379
6933,4147,51394
6935,639,50384
6936,6150,50384
6937,17343,50384
6939,583,50386
6940,2741,50386
6941,20923,50386
6942,9764,50391
6943,17273,50391
6946,2443,50394
6947,21830,50394
6948,694,50409
6950,12207,50416
6951,28028,50416
6952,13000,50417
6953,13001,50417
6954,13002,50417
6955,27312,50417
6957,13032,50429
6958,13032,119896
6959,9238,50432
6960,10145,50432
6961,9621,50440
6962,243,50450
6966,2894,50462
6967,4086,50462
6968,8662,50462
6969,9250,50462
6970,13149,50462
6971,13948,50462
6972,22192,50462
6973,27899,50462
6975,27929,50463
6978,13797,50487
6979,13797,51444
6980,17105,50487
6981,17105,51444
6982,27092,50489
6983,487,50493
6984,10029,50494
6986,11034,50496
6987,8875,50498
6988,8875,60075
6991,11538,50498
6992,11538,60075
6993,349,50505
6994,349,92709
6999,2118,50523
7000,5963,50523
7003,3097,50529
7006,13419,50529
7009,17821,50531
7010,17821,118503
7011,5038,50540
7012,17410,50540
7013,6255,50546
7015,5233,50548
7016,10264,50548
7017,12096,50548
7018,18837,50549
7020,9265,50560
7022,3467,50570
7023,13123,50570
7026,854,50582
7027,854,84593
7030,19717,50582
7031,19717,84593
7032,20892,50582
7033,20892,84593
7034,21483,50582
7035,21483,84593
7036,19166,50593
7037,22318,50593
7038,25627,50593
7041,16737,50612
7042,915,50624
7043,2739,50624
7048,2197,50636
7049,14791,50636
7050,28031,50636
7051,2753,50637
7052,14817,50637
7053,3286,50638
7054,3287,50638
7055,20332,50638
7058,103,50639
7059,1390,50639
7062,274,50642
7063,5541,50642
7064,14119,50642
7065,17409,50642
7068,3080,50644
7071,6876,50646
7076,13328,50661
7077,14778,50661
7079,8142,50662
7080,22344,50662
7081,10076,50664
7083,17174,50671
7084,17175,50671
7085,17176,50671
7092,7682,50686
7093,9288,50686
7095,685,50687
7096,14689,50687
7097,15775,50687
7099,7968,50690
7101,20023,50691
7102,22141,50701
7103,10062,50702
7104,10064,50702
7106,2427,50712
7108,14790,50716
7109,16317,50724
7110,27996,50728
7111,16095,50733
7112,22343,50733
7113,626,50739
7114,626,50743
7117,14690,50740
7118,12084,50741
7120,13874,50752
7121,18215,50752
7122,13017,50760
7123,26976,50761
7124,26977,50761
7126,17110,50763
7128,9322,50767
7129,27710,50767
7130,6,50769
7131,633,50769
7132,13801,50774
7133,18335,50774
7134,3348,50777
7135,3349,50777
7136,9302,50777
7137,11172,50779
7138,8904,50789
7139,20551,50789
7140,1225,50790
7142,14202,50790
7144,1386,50794
7145,1396,50794
7146,15662,50795
7149,9311,50808
7150,9312,50808
7151,4487,50816
7152,4908,50818
7153,16732,50818
7154,238,50822
7157,27646,50826
7158,4406,50828
7159,8010,50834
7161,7644,50851
7163,9321,50851
7164,931,50856
7165,932,50856
7166,5774,50856
7167,7904,50856
7168,18286,50856
7169,18418,50856
7172,7741,50866
7173,9213,50868
7177,25636,96844
7178,17627,96844
7179,15623,96844
7180,15540,96844
7184,16225,50884
7185,22231,50884
7186,10368,50887
7187,8234,50889
7188,17978,50889
7189,1801,50897
7191,14792,50897
7193,27876,50900
7194,25860,50901
7195,7825,50902
7197,4408,50908
7198,8428,50908
7199,11721,50908
7200,25821,50908
7201,9332,50911
7202,20022,50912
7203,27877,50912
7204,9402,50914
7205,9402,51305
7206,9403,50914
7207,9403,51305
7210,13173,50915
7213,6461,50929
7214,13870,50929
7216,3182,50932
7217,3183,50932
7218,10792,50932
7219,3688,50940
7220,9271,50940
7221,8260,50941
7222,8261,50941
7225,1376,50944
7226,1376,84817
7230,9010,50946
7231,8992,50953
7232,9615,50953
7233,18190,50956
7234,3535,50958
7236,9345,50960
7238,12496,50961
7239,12496,63173
7242,20102,50964
7243,7207,50965
7244,2476,50966
7245,6872,50968
7246,6872,113031
7253,14079,50972
7255,9347,50976
7256,10913,50980
7257,11745,50980
7258,22175,50980
7259,22208,50980
7260,22213,50980
7261,5300,50981
7265,20141,50988
7266,22177,50988
7267,27268,50990
7268,27268,51000
7269,16417,50995
7270,17151,50995
7272,857,50998
7274,13488,50998
7275,8082,51002
7277,16380,51002
7279,17154,51016
7281,8100,51017
7282,8911,51019
7283,7294,51020
7284,240,51023
7287,13827,51024
7288,8429,51025
7289,9350,51025
7290,8130,51026
7291,9006,51026
7292,17278,51026
7296,14522,51031
7297,792,51033
7298,13438,51033
7299,652,51035
7300,9032,51036
7301,13182,51036
7302,21492,51036
7303,1099,51037
7304,18111,51039
7305,8706,51040
7306,3598,51060
7307,8580,51060
7309,1598,51066
7310,10107,51066
7311,10488,51066
7312,2809,51067
7316,12166,51068
7317,15692,51068
7318,21936,51073
7319,21936,51079
7320,17281,51073
7321,17281,51079
7324,5450,51073
7325,5450,51079
7326,9360,51075
7327,8917,51077
7328,8917,74991
7329,8918,51077
7330,8918,74991
7333,3492,51082
7334,9814,51082
7339,22206,51087
7340,22206,137248
7341,9059,51087
7342,9059,137248
7343,22205,51087
7344,22205,137248
7347,16981,51093
7348,627,51097
7349,7214,51097
7350,16769,51097
7353,9444,51106
7356,22484,51117
7357,3359,51118
7358,3867,51118
7359,5628,51120
7360,5628,141252
7366,9370,51138
7368,27720,51138
7369,910,51144
7370,2750,51145
7373,20270,51145
7374,20304,51145
7375,13358,51148
7378,9630,51155
7379,13759,51158
7380,15410,51158
7382,28055,51159
7384,9919,51160
7385,9924,51160
7387,9373,51162
7390,28080,51165
7391,607,51169
7392,1058,51169
7393,16364,51169
7394,657,51170
7395,657,68159
7396,2464,51170
7397,2464,68159
7398,25983,51170
7399,25983,68159
7400,474,51172
7401,911,51173
7403,8926,51178
7404,462,51180
7405,9380,51181
7406,9818,51185
7407,25619,51185
7409,15427,51191
7410,17564,51191
7412,9383,51194
7413,1345,51195
7414,18452,51195
7415,27879,51195
7416,4383,51199
7417,15946,51201
7418,6170,51203
7419,908,51204
7420,4994,51204
7422,10332,51215
7423,10332,57134
7424,3804,51215
7425,3804,57134
7427,1637,51235
7428,9242,51235
7431,17844,51236
7432,5397,51238
7433,5948,51238
7434,5949,51238
7436,20339,51238
7437,10153,51239
7439,16586,51241
7440,9388,51243
7442,5249,51244
7444,13877,51247
7445,1258,51252
7446,17173,51252
7447,999,51253
7448,9226,51253
7450,11276,51254
7451,16754,51254
7452,783,51256
7453,19988,51258
7456,806,51261
7457,7109,51261
7459,695,51262
7460,18145,51262
7461,27687,51264
7463,3038,51268
7465,1084,51269
7466,1084,139835
7467,13281,51269
7468,13281,139835
7469,22222,51271
7471,8235,51273
7472,11516,51273
7473,27616,51273
7474,26780,51274
7475,26781,51274
7476,3839,51280
7478,1785,51289
7479,16401,51291
7483,22320,51310
7484,3088,51311
7487,16934,51316
7488,16934,51345
7489,17928,51316
7490,17928,51345
7491,4793,51320
7492,11114,51321
7494,12420,51321
7497,12344,51323
7498,12345,51323
7499,5302,51327
7500,5302,51328
7501,5302,109618
7502,8954,51327
7503,8954,51328
7504,8954,109618
7505,8931,51327
7506,8931,51328
7507,8931,109618
7508,13015,51331
7512,4394,51338
7513,9247,51340
7514,8802,51346
7516,17179,51346
7517,17779,51346
7518,5003,51347
7519,8317,51347
7520,9108,51347
7521,10743,51347
7523,21825,51347
7525,168,51355
7526,2776,51355
7528,7049,51357
7529,3115,51363
7530,9409,51363
7531,11352,51363
7532,9175,51364
7533,14782,51364
7534,18214,51364
7535,13336,51366
7536,14127,51366
7537,26935,51366
7541,20887,51367
7542,20887,146937
7545,651,51372
7546,651,137065
7547,1477,51372
7548,1477,137065
7549,20239,51372
7550,20239,137065
7553,9414,51379
7554,6880,51381
7555,3401,51386
7556,7982,51392
7557,7982,137413
7559,19082,51396
7560,20260,51396
7561,20696,51396
7563,17660,51406
7564,27944,51406
7565,1545,51417
7566,1545,82003
7568,9514,51418
7569,14413,51422
7571,13522,51431
7572,709,51432
7573,9430,51432
7575,13733,51433
7576,26985,51433
7577,27522,51433
7578,18137,51434
7579,7770,51436
7580,10863,51436
7581,11127,51436
7583,27967,51436
7585,2897,51440
7586,3750,51440
7587,13304,51442
7589,16760,51442
7590,18320,51442
7591,3082,51447
7593,21538,51448
7595,16677,51449
7596,22032,51449
7598,12983,51464
7599,17359,51464
7600,17094,51465
7602,8245,51491
7603,8245,81971
7604,9963,51498
7605,25978,51498
7606,3081,51501
7609,13140,51501
7611,22275,51501
7612,7195,51516
7613,18399,51516
7614,21764,51516
7615,26907,51516
7616,9051,51521
7617,22342,51521
7618,13124,51523
7619,13124,81888
7623,8940,51525
7624,8941,51525
7625,1159,51526
7626,22330,51526
7627,22331,51526
7628,1889,51528
7629,21925,51528
7630,396,51529
7631,397,51529
7633,21803,51529
7634,1896,51530
7635,13789,51530
7638,13490,51531
7639,13490,81896
7644,16303,51531
7645,16303,81896
7648,8230,51531
7649,8230,81896
7650,8643,51533
7651,12190,51533
7652,25990,51533
7653,2831,51535
7654,2831,138751
7655,22491,51535
7656,22491,138751
7657,27741,51535
7658,27741,138751
7659,9439,51535
7660,9439,138751
7662,9776,51549
7663,4997,51551
7664,14253,51551
7665,8945,51552
7666,9448,51552
7667,9548,51556
7670,3391,51558
7671,22503,51558
7672,7377,51559
7673,13318,51560
7674,15664,51561
7675,18292,51561
7677,3776,51563
7680,9259,51564
7682,10132,51565
7683,10133,51565
7685,7620,51566
7687,7901,51568
7688,9038,51569
7689,9038,136986
7693,13043,51575
7694,13043,81823
7695,13042,51575
7696,13042,81823
7697,13044,51575
7698,13044,81823
7699,5357,51577
7700,5358,51577
7701,9446,51577
7704,9359,51583
7705,9940,51589
7707,6013,51608
7709,25597,51609
7710,9633,51618
7717,121,51619
7718,121,52536
7721,5070,51619
7722,5070,52536
7723,27829,51622
7726,28039,51632
7732,27118,51644
7733,25650,51655
7735,19592,51658
7737,19621,51670
7738,19621,68704
7740,13116,51705
7742,7755,51707
7743,13220,51707
7745,21947,51731
7747,13738,51735
7748,28010,51735
7749,4154,51736
7750,4154,105705
7751,4154,117677
7752,4154,152611
7753,5845,51740
7754,7796,51757
7755,9458,51757
7756,22200,51843
7757,13756,51846
7758,9469,51847
7762,828,51919
7763,828,51921
7764,828,51922
7765,6776,51919
7766,6776,51921
7767,6776,51922
7771,9487,51980
7772,11789,51984
7773,11789,73809
7774,11789,92753
7775,20547,51984
7776,20547,73809
7777,20547,92753
7781,4544,51984
7782,4544,73809
7783,4544,92753
7787,1351,52015
7788,1351,59094
7789,1351,69412
7790,18870,52015
7791,18870,59094
7792,18870,69412
7797,9492,52038
7799,15223,52044
7800,15223,54599
7801,4208,52047
7802,4208,59355
7805,26831,52047
7806,26831,59355
7807,26992,52047
7808,26992,59355
7809,17201,52064
7810,9499,52066
7812,2143,52069
7814,15602,52069
7816,12627,52073
7817,4461,52084
7818,7112,52115
7819,7112,108521
7820,7112,113829
7821,17447,52115
7822,17447,108521
7823,17447,113829
7826,20429,52134
7827,20429,63127
7828,26943,52150
7830,17856,52153
7832,6407,52164
7833,14218,52186
7834,11243,52187
7835,12717,52187
7838,17919,52200
7840,6326,52261
7843,7498,52262
7844,8867,52271
7845,27239,52272
7846,13602,52280
7847,10434,52281
7848,925,52285
7849,21462,52287
7853,8413,52293
7854,10660,52312
7855,12565,52312
7856,8960,52328
7857,9527,52331
7858,443,52359
7859,1555,52368
7861,10140,52387
7862,27866,52387
7865,10775,52397
7869,7259,52406
7870,17,52407
7872,4796,52407
7876,3836,52412
7877,8180,52413
7878,16308,52413
7879,20572,52414
7883,7932,52421
7884,13652,52426
7885,14861,52426
7886,15254,52426
7887,278,52438
7890,3682,52449
7891,27540,52449
7893,27465,52460
7894,10147,52461
7897,842,52463
7898,13398,52463
7900,27702,52465
7902,17875,52481
7904,26855,52481
7907,16501,52482
7908,16501,86813
7909,7367,52483
7912,9555,52484
7913,9556,52484
7914,6185,52485
7915,1373,52501
7916,1373,52505
7917,14609,52501
7918,14609,52505
7919,9613,52501
7920,9613,52505
7921,3662,52504
7922,14114,52504
7923,862,52506
7925,14399,52506
7926,17363,52506
7927,4926,52507
7928,18099,52511
7930,27477,52511
7931,16452,52515
7932,9587,52519
7934,9510,52526
7935,9565,52526
7936,9566,52526
7937,929,52528
7938,9086,52528
7940,3292,52532
7942,16171,52541
7943,130,52547
7944,130,84363
7945,1799,52547
7946,1799,84363
7947,22350,52548
7948,10399,52553
7949,11574,52553
7950,27982,52557
7951,9569,52558
7952,9569,107157
7954,8962,52560
7955,8973,52560
7956,31,52561
7957,32,52561
7958,3248,52561
7959,5102,52561
7960,27057,52561
7962,9939,52564
7963,9941,52564
7964,17805,52564
7966,5205,52566
7967,11017,52571
7968,12304,52572
7969,13408,52578
7970,5519,52581
7971,9585,52581
7972,10117,52583
7973,14138,52606
7974,14533,52606
7975,5295,52609
7976,9290,52609
7977,22345,52609
7978,5775,52610
7981,17117,52618
7984,5643,52619
7985,5644,52619
7986,9599,52619
7988,2424,52626
7989,5791,52626
7990,22365,52626
7991,20140,52629
7992,20140,54431
7993,7934,52632
7994,15288,52633
7996,28085,52635
7997,22504,52640
7998,27913,52640
7999,18512,52669
8000,18512,153622
8001,22185,52669
8002,22185,153622
8003,22186,52669
8004,22186,153622
8005,3746,52671
8006,7111,52671
8008,10266,52678
8009,15777,52678
8010,9568,52688
8011,9787,52689
8012,3483,52697
8013,14797,52697
8014,8186,52699
8015,22008,52701
8016,22009,52701
8019,371,52718
8020,914,52718
8022,21446,52720
8023,15321,52734
8024,15321,84345
8025,15321,118463
8026,26031,52734
8027,26031,84345
8028,26031,118463
8035,4775,52742
8036,14986,52749
8037,28060,52749
8038,4441,52755
8039,5639,52763
8040,5639,85244
8041,14009,52763
8042,14009,85244
8045,12025,52772
8047,4492,52777
8051,7524,52786
8054,9673,52801
8057,10031,52812
8058,9456,52822
8060,7762,52823
8061,9692,52837
8062,9693,52837
8063,2425,52838
8065,21361,52838
8067,18311,52840
8068,20199,52840
8069,3257,52842
8070,3274,52842
8071,9526,52846
8072,3277,52849
8073,3277,52861
8076,10335,52849
8077,10335,52861
8078,9701,52853
8079,21083,52853
8080,16883,52854
8081,20451,52854
8082,16454,52855
8084,27516,52866
8085,5071,52867
8086,3037,52872
8087,20105,52872
8089,11474,52873
8090,18445,52873
8091,27566,52873
8092,9659,52879
8093,16986,52879
8095,18454,52879
8096,22499,52882
8097,11201,52899
8098,26818,52899
8099,8801,52910
8100,8801,112594
8101,8801,121817
8102,8801,151251
8103,11378,52910
8104,11378,112594
8105,11378,121817
8106,11378,151251
8107,10353,52917
8109,17259,52930
8110,17259,147498
8113,9003,52933
8114,9003,80871
8115,9003,80873
8116,26970,52933
8117,26970,80871
8118,26970,80873
8119,1697,52934
8121,1915,52936
8122,5108,52936
8123,27975,52936
8124,632,52937
8125,15277,52937
8126,3476,52938
8127,14772,52938
8128,18934,52938
8131,9713,52941
8136,970,53063
8137,1201,53064
8138,27585,53064
8139,3784,53070
8140,17223,53098
8155,27857,53203
8156,27857,53204
8157,13635,53238
8158,18108,53238
8159,21581,53238
8160,949,53247
8161,9771,53247
8162,17964,53247
8166,9704,53264
8167,9784,53278
8170,8885,53293
8171,27552,53293
8172,9161,53317
8173,12185,53322
8175,8558,53337
8176,18714,53337
8177,5659,53342
8178,5661,53342
8180,161,53363
8181,275,53363
8182,290,53363
8183,21485,53363
8184,5663,53366
8185,9035,53366
8186,20518,53366
8188,5236,53372
8189,5236,137732
8192,18077,53379
8193,6302,53386
8194,8453,53390
8195,12986,53390
8197,18152,53390
8198,16790,53398
8199,4885,53401
8200,6336,53401
8201,9107,53401
8202,1240,53404
8203,1241,53404
8204,9825,53405
8214,11264,53466
8215,19404,53469
8216,1820,53471
8217,3594,53474
8219,14781,53474
8221,9838,53494
8222,9539,53498
8225,9971,53511
8227,8977,53516
8229,22372,53516
8230,5528,53517
8231,5528,53518
8234,18012,53519
8235,5356,53544
8236,18391,53544
8237,15694,53562
8238,1625,53563
8240,18831,53563
8242,27715,53563
8243,9859,53568
8244,15824,53589
8245,21805,53589
8246,9889,53617
8249,2838,53643
8251,9900,53643
8253,6805,53662
8254,12027,53662
8258,9911,53678
8259,20240,53681
8260,20240,152502
8263,7971,53682
8264,7971,80290
8265,7974,53682
8266,7974,80290
8267,7975,53682
8268,7975,80290
8271,7980,53682
8272,7980,80290
8275,5304,53682
8276,5304,80290
8283,7979,53682
8284,7979,80290
8287,22106,53683
8288,6111,53684
8289,13473,53684
8290,16802,53684
8291,9769,53686
8292,17652,53686
8293,20594,53686
8294,10150,53688
8296,13832,53690
8298,17130,53691
8299,17131,53691
8300,9017,53692
8301,13126,53692
8302,14056,53692
8304,9506,53695
8306,8221,53697
8316,18872,53708
8317,17690,53711
8318,17690,123865
8319,9640,53711
8320,9640,123865
8322,12976,53712
8323,7222,53713
8324,22493,53713
8325,591,53714
8327,11146,53714
8329,5289,53719
8332,9809,53725
8334,9644,53731
8335,9644,137586
8336,11530,53731
8337,11530,137586
8338,9363,53731
8339,9363,137586
8340,13072,53732
8341,13073,53732
8342,13074,53732
8343,13075,53732
8344,14984,53732
8345,3165,53733
8346,22232,53733
8347,7931,53736
8348,25956,53736
8349,13933,53739
8350,13933,59021
8352,15826,53744
8353,20227,53744
8356,27437,53746
8357,27437,54173
8362,8262,53748
8363,8262,54656
8365,8279,53751
8366,8280,53751
8367,8281,53751
8370,22366,53753
8373,9948,53757
8376,9951,53757
8377,19167,53758
8378,19167,59991
8380,3811,53764
8381,3811,53942
8382,3811,59089
8383,3811,152526
8384,3812,53764
8385,3812,53942
8386,3812,59089
8387,3812,152526
8388,27361,53764
8389,27361,53942
8390,27361,59089
8391,27361,152526
8392,13927,53765
8393,14867,53765
8394,14396,53766
8396,14879,53766
8397,14880,53766
8398,1245,53770
8399,26030,53770
8400,18334,53771
8401,19123,53772
8402,19123,124625
8403,19123,137656
8404,19124,53772
8405,19124,124625
8406,19124,137656
8407,19122,53772
8408,19122,124625
8409,19122,137656
8413,5101,53774
8414,5101,59888
8415,15564,53774
8416,15564,59888
8417,17769,53774
8418,17769,59888
8419,20215,53774
8420,20215,59888
8421,20228,53774
8422,20228,59888
8423,12172,53774
8424,12172,59888
8426,13323,53775
8427,13324,53775
8428,13326,53775
8430,20267,53775
8433,12253,53781
8434,12253,59368
8437,4526,53782
8438,5145,53782
8442,7154,53785
8443,8165,53785
8444,10995,53785
8447,18833,53786
8448,18833,59333
8449,9887,53787
8450,4823,53788
8451,4823,63882
8452,11031,53788
8453,11031,63882
8456,15539,53788
8457,15539,63882
8458,6873,53790
8459,9858,53790
8460,13996,53791
8462,16708,53792
8464,18032,53794
8465,5281,53795
8466,9865,53795
8467,9866,53795
8468,27966,53796
8469,14947,53797
8470,14947,89366
8471,14947,92165
8472,10588,53798
8477,17963,53801
8479,4102,53803
8480,4691,53803
8481,4692,53803
8482,7866,53803
8483,19977,53803
8484,1129,53806
8485,10455,53806
8486,11401,53806
8487,886,53807
8488,9019,53807
8489,1075,53808
8490,8699,53808
8491,7149,53809
8492,7809,53810
8493,9904,53812
8494,11815,53812
8497,7096,53815
8498,19761,53815
8499,5055,53816
8501,5909,53817
8503,7891,53817
8504,1529,53818
8507,14506,53819
8508,14506,58932
8510,12250,53822
8512,14103,53823
8513,10582,53824
8517,16033,53825
8518,16034,53825
8519,16328,53825
8521,6832,53827
8522,6832,59380
8523,9041,53827
8524,9041,59380
8525,9905,53827
8526,9905,59380
8528,17218,53829
8529,88,53831
8530,20809,53833
8531,9956,53835
8532,9957,53835
8533,13648,53836
8534,13648,72451
8537,8058,53837
8538,22151,53837
8540,5543,53838
8541,10057,53838
8542,16678,53838
8543,13089,53841
8544,13881,53841
8545,13496,53844
8546,20319,53845
8548,8175,53847
8549,8993,53848
8550,8994,53848
8551,5733,53849
8553,5735,53849
8554,5977,53849
8561,3176,53855
8562,3427,53855
8563,7712,53856
8564,7713,53856
8565,7715,53856
8566,27499,53857
8568,21465,53859
8569,13887,53860
8571,13890,53860
8572,13891,53860
8573,15323,53862
8574,15324,53862
8575,6157,53864
8576,20323,53864
8577,6139,53866
8578,8397,53866
8579,8398,53866
8580,3753,53867
8581,3753,150859
8582,16983,53867
8583,16983,150859
8584,17431,53868
8585,442,53869
8586,27155,53869
8587,502,53870
8588,1476,53870
8589,7692,53870
8590,14071,53874
8591,14693,53876
8593,385,53878
8594,2191,53878
8595,17159,53878
8596,5658,53881
8597,3211,53884
8598,3212,53884
8599,3213,53884
8601,14910,53888
8602,3457,53889
8603,14542,53889
8605,15379,53890
8609,22359,53898
8610,25880,53898
8611,6046,53899
8612,6046,59128
8614,1079,53902
8615,14783,53902
8616,15251,53903
8617,15430,53903
8618,8282,53904
8619,6134,53906
8620,27649,53906
8621,10011,53908
8622,13920,53909
8623,9962,53910
8624,17269,53911
8626,27363,53911
8627,10997,53913
8628,22433,53913
8629,27908,53914
8630,5418,53918
8631,10216,53919
8632,14635,53919
8633,26968,53919
8635,27675,53921
8636,27675,54158
8638,7686,53925
8639,288,53926
8640,9723,53927
8641,17692,53933
8642,9690,53936
8644,13819,53936
8645,13293,53937
8650,22193,53940
8651,22193,155712
8654,20450,53943
8656,7068,53947
8658,11442,53947
8659,18940,53954
8660,7884,53955
8661,9027,53956
8662,673,53957
8663,3426,53958
8667,18613,53962
8668,18613,64128
8669,9042,53965
8671,16313,53965
8673,1809,53967
8675,17976,53967
8676,20440,53967
8677,6197,53969
8678,7874,53971
8680,15370,53972
8681,15372,53972
8682,1496,53973
8684,6192,53979
8685,13163,53979
8686,18389,53979
8687,8104,53981
8688,8106,53983
8689,18396,53983
8690,9988,53984
8691,14788,53985
8692,14724,53989
8693,22020,53989
8694,27176,53989
8695,6753,53990
8696,6753,59337
8697,8582,53992
8698,21482,53992
8699,10126,53993
8700,10126,59985
8701,10126,137591
8702,15206,53993
8703,15206,59985
8704,15206,137591
8705,10784,54001
8706,15638,54001
8707,12183,54005
8710,13298,54006
8712,3243,54008
8714,11896,54008
8716,7480,54009
8720,6081,54013
8721,13681,54013
8722,26787,54013
8724,6169,54015
8725,10099,54016
8726,21893,54025
8727,10008,54026
8729,1601,54027
8730,1601,59084
8731,1601,198387
8732,7706,54027
8733,7706,59084
8734,7706,198387
8735,15092,54027
8736,15092,59084
8737,15092,198387
8738,10377,54029
8739,10377,54030
8740,15914,54029
8741,15914,54030
8742,7218,54029
8743,7218,54030
8744,15273,54029
8745,15273,54030
8746,2628,54032
8759,892,54056
8761,7777,54070
8762,8997,54070
8764,12985,54070
8765,18589,54070
8766,22240,54070
8770,1749,54077
8771,1749,96782
8772,1749,109792
8773,1750,54077
8774,1750,96782
8775,1750,109792
8776,566,54082
8777,566,54084
8778,6449,54082
8779,6449,54084
8780,15492,54083
8781,15492,96078
8784,18313,54083
8785,18313,96078
8786,15425,54087
8787,7947,54122
8788,25607,54127
8792,10189,54132
8796,22053,54135
8797,5363,54140
8799,8953,54140
8800,19860,54141
8802,2817,54146
8803,2817,61840
8804,2817,69406
8805,2818,54146
8806,2818,61840
8807,2818,69406
8808,6108,54146
8809,6108,61840
8810,6108,69406
8811,11938,54147
8812,4960,54148
8813,4960,86533
8814,17239,54148
8815,17239,86533
8818,3199,54151
8820,3201,54151
8821,3205,54151
8822,15568,54152
8823,3448,54153
8824,4371,54153
8826,885,54155
8827,17200,54155
8828,3346,54156
8829,3346,54157
8830,3346,60052
8834,18235,54156
8835,18235,54157
8836,18235,60052
8838,15619,54159
8840,3452,54161
8841,5351,54162
8842,5352,54162
8844,14948,54163
8845,9854,54165
8846,11688,54166
8847,11689,54166
8849,4222,54168
8850,5383,54171
8851,21431,54171
8852,10979,54175
8854,3380,54176
8855,5147,54177
8857,6075,54178
8858,6076,54178
8860,3663,54180
8861,27674,54180
8862,18644,54181
8866,16217,54185
8867,22250,54186
8871,2782,54191
8872,5757,54191
8873,14124,54192
8874,14124,69416
8877,735,54194
8878,5492,54194
8879,16514,54195
8880,10010,54197
8881,3572,54201
8882,6618,54202
8883,6618,54670
8884,3704,54203
8886,18921,54204
8889,13835,54208
8890,13836,54208
8891,15310,54209
8892,15310,94791
8893,14888,54209
8894,14888,94791
8895,14889,54209
8896,14889,94791
8897,65,54210
8900,8578,54211
8901,5207,54213
8903,1730,54214
8905,14511,54218
8907,15649,54219
8908,25697,54220
8909,199,54221
8911,1674,54223
8912,1675,54223
8914,5104,54223
8915,9744,54223
8916,9745,54223
8918,19805,54223
8919,8251,54224
8920,14837,54225
8921,20132,54226
8926,9881,54230
8927,9881,54325
8928,9883,54230
8929,9883,54325
8930,9884,54230
8931,9884,54325
8934,15505,54230
8935,15505,54325
8936,18821,54230
8937,18821,54325
8938,956,54230
8939,956,54325
8940,9885,54230
8941,9885,54325
8942,9882,54230
8943,9882,54325
8944,380,54235
8946,16199,54235
8948,6392,54255
8949,6393,54255
8950,16076,54257
8951,18305,54258
8955,16552,54266
8957,6172,54270
8958,10075,54270
8959,13118,54270
8962,9196,54273
8965,3689,54277
8966,7986,54279
8968,25662,54279
8969,3306,54281
8970,9328,54281
8971,14184,54282
8973,20294,54282
8974,5532,54284
8975,963,54287
8977,8933,54289
8979,2998,54292
8981,7752,54292
8982,18655,54292
8983,18657,54292
8986,25931,54293
8987,25931,121514
8990,10521,54296
8991,22284,54296
8992,27700,54296
8996,1197,54301
8998,3399,54302
9000,20001,54305
9001,10583,54306
9003,22031,54308
9006,20684,54317
9007,3209,54318
9008,3210,54318
9009,3423,54318
9010,13045,54318
9011,17270,54320
9013,9586,54323
9020,18424,54328
9022,4176,54330
9023,15943,54332
9024,20324,54332
9025,5860,54333
9026,8920,54333
9028,11446,54334
9030,5491,54335
9031,10959,54335
9032,20208,54341
9033,2173,54342
9034,9649,54343
9035,10047,54343
9036,2496,54344
9037,2507,54344
9039,17626,54344
9040,22233,54345
9041,22234,54345
9042,18115,54346
9043,20333,54346
9044,20282,54348
9046,16377,54351
9047,10082,54353
9048,10637,54354
9049,22004,54355
9050,1685,54358
9052,11713,54367
9056,15252,54370
9057,3066,54371
9058,3066,137447
9061,26813,54371
9062,26813,137447
9063,9418,54373
9064,9418,86814
9065,9418,147323
9066,10093,54375
9068,9223,54378
9069,13808,54379
9070,11479,54380
9071,27377,54380
9072,3429,54382
9073,6143,54382
9074,20947,54382
9075,27672,54384
9076,12186,54385
9077,7376,54386
9078,13292,54386
9079,3441,54387
9080,22279,54387
9081,21524,54389
9082,14005,54390
9084,6011,54392
9085,6154,54392
9087,10975,54392
9088,21473,54392
9091,16595,54394
9092,16906,54394
9093,3472,54395
9094,4323,54395
9095,13471,54395
9096,9648,54397
9097,10154,54397
9098,14795,54397
9099,3086,54398
9100,3418,54398
9101,8111,54398
9102,9313,54398
9103,10067,54398
9104,16991,54398
9105,11957,54398
9107,10162,54399
9109,16232,54400
9110,8085,54401
9112,26928,54401
9114,27804,54402
9115,14858,54403
9117,11268,54404
9118,3503,54405
9119,10097,54405
9120,27274,54406
9121,4242,54407
9122,10068,54407
9123,13470,54407
9124,20011,54407
9127,11941,54410
9130,3099,54416
9135,22172,54417
9136,9991,54418
9137,16623,54418
9139,13904,54420
9144,8336,54421
9145,8336,107163
9146,18007,54422
9147,18007,141253
9148,9788,54423
9150,11771,54423
9151,3643,54424
9152,9608,54424
9153,14799,54424
9154,16997,54424
9155,26898,54424
9156,26899,54424
9157,20280,54426
9158,7732,54427
9162,7208,54433
9163,27059,54434
9164,27059,63681
9165,11895,54435
9166,13231,54435
9167,20370,54435
9168,22191,54435
9170,14292,54436
9171,17330,54437
9172,10119,54438
9174,14572,54438
9176,3113,54439
9177,3506,54439
9178,6206,54439
9180,10136,54439
9181,3101,54440
9182,7760,54440
9183,18039,54440
9184,18040,54440
9186,7592,54442
9189,6309,54445
9190,7329,54446
9191,26853,54446
9192,16614,54448
9193,21988,54448
9194,26880,54449
9195,26880,133263
9196,20249,54450
9197,20381,54460
9198,20381,140962
9199,7612,54469
9200,7613,54469
9201,7614,54469
9202,15544,54471
9203,10501,54472
9204,15221,54473
9207,8602,54478
9208,4957,54479
9209,4958,54479
9210,14212,54479
9211,13971,54481
9213,13973,54481
9214,7419,54483
9215,15927,54484
9216,15927,147725
9218,20100,54486
9219,27079,54487
9220,27079,86514
9221,19973,54487
9222,19973,86514
9223,20516,54490
9226,15125,54491
9227,18234,54492
9228,4921,54494
9229,5753,54494
9230,17075,54494
9231,18140,54494
9232,14255,54495
9233,4978,54496
9234,4979,54496
9235,10456,54498
9236,10457,54498
9237,17209,54498
9241,17965,54500
9242,17965,91642
9243,17965,197910
9246,3339,54507
9247,10737,54507
9248,12203,54508
9249,14058,54510
9251,16879,54512
9254,6827,54513
9255,16943,54514
9256,16943,147626
9257,16943,198838
9261,26822,54515
9262,26824,54515
9263,15022,54516
9264,18205,54518
9265,20133,54518
9266,7165,54519
9269,10007,54521
9270,10004,54522
9271,10005,54522
9274,10333,54523
9275,10334,54523
9276,17671,54524
9277,17671,147568
9279,9489,54525
9280,9695,54525
9281,18606,54526
9282,6969,54530
9283,7696,54530
9284,14035,54530
9286,8841,54531
9287,22421,54531
9291,16322,54535
9292,16322,92924
9293,16322,100385
9294,14708,54536
9295,18697,54537
9296,18698,54537
9298,7297,54538
9299,13984,54539
9300,15268,54539
9301,14956,54540
9302,10825,54542
9303,8605,54543
9304,13646,54543
9306,15682,54544
9311,17441,54545
9312,17441,113639
9313,17441,113640
9317,7345,54546
9318,14263,54546
9319,27140,54546
9320,19088,54547
9322,14200,54551
9323,14200,147594
9324,7578,54552
9325,7579,54552
9326,14941,54552
9327,17850,54552
9328,20678,54553
9330,6982,54554
9331,14859,54562
9332,14859,94438
9333,17107,54562
9334,17107,94438
9337,10102,54562
9338,10102,94438
9339,16332,54589
9340,16332,59352
9342,2891,54598
9347,997,54604
9348,998,54604
9349,10785,54604
9350,15531,54604
9351,4255,54605
9352,1835,54607
9353,9888,54610
9354,15549,54610
9355,18875,54610
9356,15220,54611
9357,15930,54611
9359,16776,54615
9362,9054,54621
9363,5518,54622
9364,11520,54622
9366,3264,54623
9368,20281,54623
9370,3597,54625
9371,26811,54626
9373,10143,54636
9374,10144,54636
9375,9366,54644
9376,25810,54644
9377,13796,54650
9382,21908,54654
9383,21908,66424
9384,11136,54654
9385,11136,66424
9386,11527,54657
9387,965,54664
9388,5258,54664
9389,6040,54664
9390,16086,54664
9391,22140,54664
9392,5785,54667
9393,8979,54667
9395,3377,54668
9396,6161,54668
9397,17916,54668
9398,18609,54668
9399,9981,54669
9400,4152,54674
9402,22147,54677
9403,3285,54679
9404,3285,110105
9405,3293,54679
9406,3293,110105
9411,1677,54679
9412,1677,110105
9413,27165,54679
9414,27165,110105
9416,10286,54682
9417,10287,54682
9419,9655,54684
9421,15711,54688
9426,12486,74574
9427,13912,54702
9428,25859,54702
9430,10179,54714
9432,20210,54720
9433,20210,54770
9434,1523,54735
9435,1523,102568
9438,1989,54735
9439,1989,102568
9441,11804,54761
9442,11804,54762
9443,20211,54774
9444,15450,54781
9445,15450,139337
9446,15451,54781
9447,15451,139337
9450,16692,54781
9451,16692,139337
9452,13909,54793
9454,3501,54876
9455,3166,54879
9456,6935,54880
9464,18192,55057
9466,4488,55072
9467,21578,55072
9468,19447,55077
9469,21494,55094
9470,21496,55094
9472,25603,55099
9480,15368,55131
9481,10229,55174
9482,10229,85794
9483,10229,85796
9484,11932,55197
9485,27538,55197
9487,20031,55201
9488,2147,55202
9489,1759,55203
9490,2034,55203
9491,4929,55205
9492,848,55206
9496,10534,55234
9497,8194,55271
9498,8194,147406
9499,14494,55271
9500,14494,147406
9501,2412,55272
9502,13975,55272
9503,15456,55272
9505,16266,55272
9506,27589,55272
9509,3046,55316
9510,4293,55316
9511,15216,55316
9513,17433,55316
9514,18374,55322
9515,18374,99046
9519,785,55370
9521,8586,55379
9522,522,55383
9524,606,55413
9527,10278,55413
9530,3242,55431
9533,4877,55439
9534,4877,99273
9535,4878,55439
9536,4878,99273
9537,4879,55439
9538,4879,99273
9539,4880,55439
9540,4880,99273
9541,9379,55444
9542,19663,55452
9544,21299,55452
9545,14695,55456
9549,18428,55459
9551,18430,55459
9553,18432,55459
9555,24918,193243
9557,25007,193243
9559,15504,55479
9570,9517,105456
9573,2593,69135
9575,2595,69135
9585,21604,55933
9587,7634,55934
9589,2845,55940
9590,19338,55971
9591,19338,99280
9592,1062,55980
9593,9131,55981
9594,17625,55981
9598,11859,56010
9599,11859,56019
9600,11859,196740
9601,11860,56010
9602,11860,56019
9603,11860,196740
9604,10329,56016
9605,10329,56017
9606,10329,56018
9607,10329,196091
9608,2088,56016
9609,2088,56017
9610,2088,56018
9611,2088,196091
9612,611,56026
9613,611,56027
9614,612,56026
9615,612,56027
9616,25826,56026
9617,25826,56027
9618,27784,56047
9619,27785,56048
9620,1010,56060
9621,1010,56063
9622,6903,56060
9623,6903,56063
9624,12625,56060
9625,12625,56063
9626,1101,56064
9627,9570,56073
9628,9570,84371
9631,1803,56073
9632,1803,84371
9633,10372,56082
9634,10372,56083
9635,18734,56082
9636,18734,56083
9637,3335,56089
9639,10379,56089
9640,10380,56089
9641,10381,56089
9642,11265,56089
9646,10839,56118
9647,11642,56120
9648,1716,56127
9649,20040,56127
9650,21885,56127
9651,311,56129
9652,311,149207
9653,1864,56132
9654,1864,84272
9655,21244,56132
9656,21244,84272
9657,19407,56139
9658,19407,119495
9661,2805,56143
9662,5904,56149
9664,15538,56182
9665,15538,56311
9666,1993,56192
9667,1993,108168
9668,18910,56192
9669,18910,108168
9670,18909,56192
9671,18909,108168
9673,3692,56201
9677,25187,193579
9678,25224,193579
9679,25223,193579
9681,10416,56257
9682,4494,56265
9683,10419,56274
9684,21181,56296
9685,21182,56296
9687,10362,56300
9689,15861,56301
9690,21325,56301
9691,20581,56312
9700,6606,56502
9701,6606,72404
9702,18322,56502
9703,18322,72404
9707,1765,56516
9708,22474,56516
9709,10236,56526
9710,14920,56526
9711,16662,56526
9713,10443,56542
9714,10444,56542
9715,10445,56542
9716,10446,56542
9717,18372,56542
9718,10452,56548
9720,16940,56567
9721,6884,56577
9722,6884,64635
9723,6884,64636
9724,28038,56577
9725,28038,64635
9726,28038,64636
9727,17806,56577
9728,17806,64635
9729,17806,64636
9733,16681,56577
9734,16681,64635
9735,16681,64636
9740,708,56588
9741,17142,56588
9743,9622,56589
9744,17219,56593
9745,20534,56593
9747,16714,56606
9748,5669,56607
9749,5669,107482
9750,16715,56607
9751,16715,107482
9754,3459,56624
9755,3459,100467
9760,5930,56655
9761,8566,56655
9762,9875,56658
9764,25591,56697
9765,16640,56801
9767,6055,56834
9768,922,56835
9769,923,56835
9770,3317,56835
9771,12321,56835
9775,12262,56859
9776,12262,57239
9777,12263,56859
9778,12263,57239
9779,14146,56861
9780,5312,56868
9781,5312,139651
9784,27398,56887
9785,27398,119203
9788,4392,56889
9790,18369,56889
9792,5840,56910
9793,5840,128741
9794,5840,135503
9795,21063,56910
9796,21063,128741
9797,21063,135503
9798,18037,56927
9799,11269,56947
9800,9029,56948
9801,19933,56948
9802,20644,56948
9803,705,56952
9804,705,56953
9805,7,56968
9806,8254,56968
9807,15349,56970
9808,15349,84545
9810,13201,56995
9811,15233,56995
9813,10498,57004
9814,10499,57004
9815,10500,57004
9816,13481,57004
9817,10797,57005
9818,15854,57010
9819,10034,57031
9820,12039,57031
9821,15405,57031
9823,8516,57051
9825,6495,57061
9826,15892,57073
9827,7225,57074
9828,14701,57076
9829,14701,87115
9830,11183,57076
9831,11183,87115
9832,21419,57076
9833,21419,87115
9834,2480,57076
9835,2480,87115
9836,15715,57077
9837,15715,69476
9839,20605,57085
9840,14070,57111
9842,14162,57115
9844,9151,57116
9845,27232,57116
9851,17246,57167
9852,17246,95926
9853,19936,57167
9854,19936,95926
9855,13649,57174
9856,9982,57195
9857,9438,57201
9859,10339,57205
9860,4858,57216
9861,4858,57217
9862,5452,57218
9863,14507,57219
9864,14507,147538
9865,22428,57219
9866,22428,147538
9869,5112,57262
9871,27699,57328
9872,10525,57340
9876,18181,57384
9878,26867,57385
9880,1006,57396
9886,10540,57403
9887,11175,57403
9888,25582,57405
9889,25582,137434
9890,10541,57415
9892,2292,57434
9893,8508,57434
9894,19374,57434
9895,25617,57434
9896,19766,57435
9897,12145,59197
9899,12144,59197
9900,12573,57439
9901,10993,57441
9902,18743,57445
9904,19498,57460
9905,800,57468
9906,800,135903
9911,16973,109917
9912,16974,109917
9914,10563,57490
9915,10563,57491
9916,10563,57513
9917,10563,131650
9918,10562,57490
9919,10562,57491
9920,10562,57513
9921,10562,131650
9922,16975,109917
9927,10939,57490
9928,10939,57491
9929,10939,57513
9930,10939,131650
9931,9115,57494
9936,3412,57523
9937,18894,57523
9938,19482,57523
9939,19512,57523
9940,20497,139540
9941,20498,139540
9942,20499,139540
9944,10348,57532
9945,10348,72902
9946,20086,57532
9947,20086,72902
9951,5083,57619
9952,12035,57625
9953,10576,57633
9955,10578,57663
9956,15974,57663
9967,1786,57715
9968,12358,57715
9969,17642,57715
9970,19350,57715
9971,2035,57717
9972,5477,57722
9974,3584,57724
9976,488,57725
9977,10698,57725
9978,21920,57725
9979,1956,57726
9980,20587,57726
9981,11012,57727
9983,10354,57728
9984,10579,57745
9985,25726,57757
9986,25726,194849
9989,12037,57791
9990,12037,113906
9996,1029,57798
9997,4927,57798
9998,18836,57798
10001,150,57838
10002,1012,57839
10006,4789,57912
10007,4789,57913
10008,10601,57912
10009,10601,57913
10015,6816,57924
10016,21126,57926
10017,19027,57929
10018,19027,123829
10022,12293,57943
10025,5815,57951
10026,20056,57951
10032,20168,57961
10035,19472,57965
10036,19472,106542
10037,19473,57965
10038,19473,106542
10041,11997,57966
10042,17454,57966
10045,7585,57980
10046,12804,88557
10048,7894,57981
10049,504,58080
10050,504,90280
10051,4466,58080
10052,4466,90280
10053,4733,58080
10054,4733,90280
10055,10625,58088
10056,18044,58088
10057,25611,58088
10058,5399,58089
10063,8156,58104
10068,12521,58118
10069,12521,67569
10070,12521,76914
10071,12521,76958
10072,14681,58119
10073,21577,58119
10074,11005,58120
10077,6575,58124
10083,17473,58173
10085,1842,58205
10086,1842,143199
10097,14680,58207
10103,14261,58210
10105,14758,58213
10115,5889,58274
10116,12647,58274
10124,7892,58593
10125,7892,96764
10126,4889,58593
10127,4889,96764
10128,3416,58595
10129,5166,58595
10132,5967,58596
10133,21360,58596
10136,10652,58703
10137,16484,58703
10138,18745,58759
10139,18752,58759
10141,11686,58780
10142,412,58837
10143,12111,58837
10144,18328,58837
10145,18748,58839
10148,18273,58924
10149,18863,58924
10150,12653,58926
10151,12653,58938
10152,12654,58926
10153,12654,58938
10156,3451,58927
10157,12727,58927
10158,12761,58927
10159,19266,58927
10162,3550,58928
10166,27661,58928
10167,5089,105457
10168,7747,58933
10169,7747,59362
10170,15905,58933
10171,15905,59362
10172,20621,58933
10173,20621,59362
10176,12494,58933
10177,12494,59362
10178,2861,58934
10180,318,58946
10182,2025,58946
10183,2193,58946
10185,17204,58946
10187,19097,58946
10189,9168,58958
10190,9928,58958
10191,5698,58962
10197,10686,58980
10200,1381,58989
10201,13161,58989
10203,18207,58998
10205,707,59004
10206,2023,59004
10208,3079,59009
10209,3705,59009
10210,5537,59010
10211,11176,59010
10212,16019,59010
10214,14121,59015
10215,9215,59024
10220,5388,59026
10221,475,59028
10222,475,59029
10223,624,59028
10224,624,59029
10228,260,59033
10229,16758,59033
10231,3469,59035
10232,3650,59035
10233,27447,59035
10234,13900,59047
10235,15723,59047
10236,15724,59047
10237,15725,59047
10239,2780,59056
10242,1170,59067
10243,20320,59067
10244,26018,59070
10246,4986,59075
10247,4986,59178
10248,7318,59075
10249,7318,59178
10250,12259,59080
10251,6337,59093
10252,15921,59099
10253,18049,59099
10254,18464,59099
10255,22446,59100
10256,10324,59102
10261,2211,59106
10262,8090,59108
10264,26797,59111
10265,3766,59119
10266,20315,59121
10267,20452,59121
10268,27512,59122
10269,3230,59124
10282,27912,59126
10283,27912,59460
10284,27912,137141
10285,13487,59129
10287,16204,59133
10288,2010,59134
10290,3484,59137
10291,7168,59137
10292,10156,59137
10293,13384,59139
10294,13384,137735
10295,15272,59142
10296,15274,59142
10298,15341,59149
10299,22416,59149
10300,27651,59149
10301,27842,59151
10302,22506,59154
10303,22506,60087
10307,9421,59161
10308,13311,59161
10311,8890,59187
10312,18751,59188
10314,12143,59194
10315,21980,59194
10316,12136,59198
10318,14621,59199
10319,20149,59206
10320,5138,59208
10321,18163,59209
10329,18164,59212
10330,18165,59212
10331,17384,59214
10333,3819,59216
10334,4298,59216
10335,12771,59216
10336,5553,59229
10337,5553,59267
10340,8575,59229
10341,8575,59267
10342,10545,59230
10343,10545,96527
10346,7993,59231
10347,7993,76322
10348,10481,59231
10349,10481,76322
10350,10482,59231
10351,10482,76322
10352,15582,59239
10353,15582,74202
10354,17836,59239
10355,17836,74202
10358,10003,59246
10359,4084,59257
10360,8873,59259
10361,14709,59259
10364,9997,59268
10365,9998,59268
10366,12033,59269
10367,196,59270
10368,196,85917
10369,196,85921
10370,15195,59270
10371,15195,85917
10372,15195,85921
10373,17208,59270
10374,17208,85917
10375,17208,85921
10376,1372,59272
10378,15929,59275
10379,15929,59386
10380,15929,157009
10381,6472,59275
10382,6472,59386
10383,6472,157009
10384,8271,59275
10385,8271,59386
10386,8271,157009
10387,15596,59280
10388,15596,86529
10389,201,59280
10390,201,86529
10394,2385,59286
10395,2385,85621
10396,1575,59286
10397,1575,85621
10398,15507,59286
10399,15507,85621
10400,15508,59286
10401,15508,85621
10404,1040,59306
10405,3328,59306
10406,11432,59312
10407,16059,59312
10408,11410,59317
10409,11410,66102
10412,1131,59317
10413,1131,66102
10414,5670,59326
10416,15471,59335
10417,15471,61177
10418,15471,97699
10419,4821,59342
10420,20202,59347
10422,12238,59348
10423,12238,59388
10424,12240,59348
10425,12240,59388
10426,12241,59348
10427,12241,59388
10428,12239,59348
10429,12239,59388
10430,10808,59351
10432,16688,59353
10433,2976,59356
10434,20226,59356
10435,16285,59358
10436,16285,69402
10437,16285,96693
10438,1562,59358
10439,1562,69402
10440,1562,96693
10441,5933,59360
10442,18441,59366
10443,18441,90671
10444,17434,59366
10445,17434,90671
10446,28034,59366
10447,28034,90671
10448,14938,59370
10449,7608,59371
10450,14037,59382
10451,1579,59389
10452,1580,59389
10453,15257,59395
10454,3428,59396
10463,13678,138112
10466,13679,138112
10469,5224,59399
10470,5169,59400
10471,9635,59400
10472,6288,59401
10473,20318,59401
10475,7190,59414
10476,10643,59414
10477,21769,59414
10480,2756,59420
10481,6063,59420
10482,27324,59420
10483,27325,59420
10484,21081,59422
10486,12112,59429
10487,17520,59429
10488,6318,59430
10489,10636,59430
10491,4738,59431
10493,13753,59431
10494,13754,59431
10500,16919,59448
10501,16919,59765
10507,27668,59451
10508,308,59452
10509,308,59524
10510,5178,59452
10511,5178,59524
10514,6093,59452
10515,6093,59524
10516,8496,59452
10517,8496,59524
10520,21816,59452
10521,21816,59524
10522,5124,103287
10523,20220,59455
10524,20221,59455
10526,22138,59456
10529,1837,59457
10532,12704,59458
10533,18218,59458
10534,21579,59458
10537,21795,59459
10541,19133,59482
10542,14602,59491
10543,144,59494
10544,144,59530
10545,4456,59494
10546,4456,59530
10547,17623,59494
10548,17623,59530
10550,8567,59569
10551,8567,78639
10552,9522,59569
10553,9522,78639
10554,1263,59764
10555,11191,59764
10556,21556,59764
10557,21819,59764
10558,27697,59764
10561,255,59768
10562,1242,59768
10563,12507,59768
10564,27999,59768
10565,12125,59769
10566,18058,59769
10567,10766,59770
10568,12812,59770
10569,11248,59771
10572,18881,59773
10573,6664,59774
10574,10646,59774
10576,18991,59775
10577,14085,59777
10578,20495,59777
10579,20496,59777
10580,12683,59777
10581,16065,59779
10582,3347,134317
10584,21087,59781
10585,16035,59784
10586,16035,132754
10587,27627,59861
10588,16391,59872
10589,15472,59914
10590,15472,69530
10593,17693,59916
10594,17693,111413
10595,17694,59916
10596,17694,111413
10597,3332,59967
10598,5646,59967
10599,7539,59967
10600,7540,59967
10602,13237,59967
10604,27716,59967
10606,27557,59972
10607,972,59974
10608,972,114053
10609,972,114060
10612,2980,59983
10615,9686,59984
10616,9686,152055
10619,7969,59989
10620,7969,137581
10621,8975,59992
10622,5590,59993
10623,21753,59993
10624,27891,59993
10625,5991,59994
10626,9955,59994
10627,6604,59995
10628,14525,59995
10630,5893,59996
10631,9558,59996
10632,7555,59997
10634,3675,60002
10635,3676,60002
10637,19720,60048
10638,5215,60056
10639,14132,60062
10640,16286,60062
10641,17243,60062
10643,27185,60062
10644,27682,60062
10646,3702,60063
10648,22229,60064
10651,18759,60070
10654,13169,60077
10655,13169,60111
10656,3762,60078
10657,3763,60078
10659,8965,60080
10660,6712,86491
10661,6716,86491
10662,8874,60083
10663,9579,60085
10664,9580,60085
10665,13299,60086
10666,5273,60088
10667,13883,60088
10669,26984,60090
10670,5117,60091
10671,5118,60091
10672,8110,60092
10673,14544,60092
10674,15687,60092
10675,15688,60092
10676,27439,60093
10679,3493,60098
10680,3494,60098
10681,3862,60100
10682,3863,60100
10683,19863,60100
10684,20328,60108
10685,27418,60108
10687,3449,60113
10688,27504,60113
10691,3473,60115
10693,3068,60116
10695,22286,60116
10701,15386,60125
10702,15386,95224
10703,16839,60128
10705,9734,60133
10706,9734,60147
10709,9735,60133
10710,9735,60147
10711,17383,60136
10713,811,60141
10714,811,60150
10716,7942,60156
10717,7943,60156
10719,6338,60158
10722,6267,60159
10723,4899,60160
10724,4899,76327
10725,21514,60162
10726,5895,60167
10727,8206,60195
10728,6057,61015
10729,15572,61015
10733,10657,61038
10734,21252,61038
10737,3217,61137
10738,8634,61137
10740,8138,61156
10742,11074,61175
10743,22202,61175
10744,10664,61178
10745,10664,147565
10746,15696,61178
10747,15696,147565
10748,10669,61181
10749,10669,141002
10750,2749,61181
10751,2749,141002
10753,9343,61182
10754,10104,61182
10755,18408,61184
10756,18408,81011
10757,27051,61184
10758,27051,81011
10759,9925,61184
10760,9925,81011
10761,17264,61185
10762,5880,61193
10763,9235,61193
10764,10668,61193
10765,25698,61193
10766,18106,61196
10767,18106,80609
10768,18106,122495
10769,18105,61196
10770,18105,80609
10771,18105,122495
10773,1833,61213
10774,17776,61213
10775,18842,61215
10776,9344,61223
10778,10052,61224
10785,10859,61303
10786,10859,84993
10787,10860,61303
10788,10860,84993
10789,1567,61314
10790,8399,61314
10792,6578,61335
10793,8120,61336
10794,17781,61338
10795,6487,61376
10807,10685,61399
10808,27732,61413
10809,12797,61421
10810,20884,61428
10811,4218,61458
10812,2745,193562
10813,25231,193562
10814,25976,193562
10815,19507,61467
10816,14886,61477
10817,22217,61487
10819,18841,61490
10820,4829,61551
10821,8084,61559
10822,9494,61560
10823,9495,61560
10824,9496,61560
10825,9497,61560
10826,3748,61571
10828,11542,61607
10829,12489,101255
10831,13513,61608
10843,10892,61619
10844,12102,61619
10846,2860,61622
10852,25948,61671
10854,3318,61672
10855,5470,61672
10856,10741,61672
10857,27347,61672
10858,27348,61672
10859,10569,61673
10860,27414,61673
10863,27252,61682
10864,26789,61683
10865,6514,61686
10866,27242,61693
10867,1380,61707
10868,16162,61707
10870,23566,61712
10871,23674,61712
10874,10805,61787
10875,10805,64041
10876,10806,61787
10877,10806,64041
10878,5631,61802
10881,15061,61808
10883,1055,61817
10886,21427,61818
10887,21428,61818
10888,17501,61822
10889,16450,61826
10891,12153,61827
10892,16242,61827
10893,12414,61870
10894,14316,61920
10895,18746,61921
10896,26405,61923
10898,26404,61923
10901,6724,61925
10908,19079,61925
10910,6720,61926
10912,12842,61927
10913,16369,61928
10914,5446,61929
10915,5457,61929
10916,18173,61929
10917,21554,61929
10918,3320,61938
10919,11081,61941
10920,11081,123765
10921,12810,61962
10922,5717,61963
10923,5718,61963
10924,12738,69767
10925,12742,61964
10931,8486,61966
10932,3215,61978
10935,15072,61980
10936,3853,62839
10938,1733,62005
10939,2430,62010
10940,2430,117679
10941,2431,62010
10942,2431,117679
10947,21158,62010
10948,21158,117679
10949,7844,62022
10953,699,62043
10954,2321,62043
10955,5382,62043
10957,16653,62043
10958,7148,62054
10959,14821,62054
10960,7861,62057
10961,16098,62057
10962,19013,62057
10963,19628,62057
10964,27131,62067
10965,1910,62073
10968,7233,62080
10969,11263,62089
10970,11584,62089
10971,11585,62089
10974,13179,62100
10975,16183,62101
10976,16793,62101
10978,4965,62104
10980,7637,62132
10981,1992,62210
10982,696,62213
10983,697,62213
10984,3838,62213
10985,22442,62213
10986,11490,62219
10987,26795,62223
10988,27299,139658
10989,4853,139658
10993,19957,62248
10996,15422,62251
10998,25732,62255
10999,20686,62278
11002,11691,62357
11003,11748,62357
11004,21827,62357
11007,13472,62359
11008,26479,62380
11009,8721,62381
11011,2168,62382
11012,2169,62382
11013,20979,62383
11017,5897,62391
11018,11189,62391
11019,6799,62394
11022,21891,62395
11024,21599,62396
11025,21616,62396
11028,8869,62402
11029,2053,62404
11030,14751,62404
11031,14975,62404
11032,5551,76438
11035,10835,62406
11040,2311,62410
11041,1717,62411
11043,11177,62414
11044,15226,62414
11046,10773,81757
11047,9141,62416
11053,15031,62421
11056,19619,62440
11057,19619,129422
11058,21146,62440
11059,21146,129422
11062,10984,62441
11063,14871,62441
11065,22370,62447
11066,7834,62449
11067,21856,62464
11068,21856,62467
11069,20898,62464
11070,20898,62467
11071,20896,62464
11072,20896,62467
11073,3425,62464
11074,3425,62467
11075,2974,62464
11076,2974,62467
11079,18442,62464
11080,18442,62467
11081,10517,62464
11082,10517,62467
11084,11324,62492
11085,2989,62500
11086,3756,62500
11089,8338,62621
11090,8338,148987
11092,17824,62651
11094,17827,62651
11096,4018,193479
11097,24949,193479
11098,6222,62676
11099,947,62679
11100,947,62711
11101,10940,62679
11102,10940,62711
11103,11422,62679
11104,11422,62711
11105,21563,62679
11106,21563,62711
11107,15759,77959
11108,21515,77959
11110,5456,62707
11111,10221,62707
11113,22247,62719
11115,25197,193268
11116,25196,193268
11117,24927,193268
11120,25218,193268
11121,20397,62804
11122,13726,62828
11124,8292,62829
11125,10894,62829
11130,14350,62887
11132,3404,62927
11134,17108,62936
11135,25974,62936
11136,9628,62948
11137,9629,62948
11139,19975,62954
11140,19975,62955
11141,279,62981
11143,16659,62981
11147,21937,62985
11148,15863,62989
11149,18363,62989
11150,19911,63006
11151,1160,63031
11152,2327,63031
11154,7199,63050
11155,2896,63061
11156,22426,63061
11157,7272,63100
11158,7276,63100
11159,10560,63100
11160,12608,63100
11161,28044,63100
11164,16330,63130
11165,16330,76129
11166,16330,96153
11167,4839,63130
11168,4839,76129
11169,4839,96153
11170,18914,63163
11171,18915,63163
11172,6147,63174
11173,613,63180
11175,460,63182
11176,5647,63182
11178,14066,63183
11179,14066,79920
11182,27294,63186
11183,11002,63187
11184,11002,63719
11186,9272,63195
11187,9273,63195
11188,9274,63195
11189,5039,63198
11190,2437,63215
11191,10710,63216
11192,12561,63222
11194,10956,63273
11199,14493,63281
11200,14493,99999
11201,15069,63281
11202,15069,99999
11205,3526,63284
11206,10953,63284
11207,13278,63284
11208,27738,63284
11209,10954,63299
11210,10958,63323
11213,10963,63364
11214,5490,63380
11215,17545,63380
11218,16161,63381
11219,20489,63381
11220,113,63393
11221,1762,63393
11222,12260,63393
11223,18148,63393
11226,1136,63470
11227,1280,63470
11228,2179,63470
11229,15714,63479
11230,9730,63517
11232,10968,63517
11233,10969,63517
11234,10970,63517
11235,10971,63517
11236,8074,63668
11237,12324,63670
11238,6526,63676
11242,10991,63707
11243,10991,80534
11244,3652,63716
11246,2062,63726
11247,10917,63726
11248,11654,63726
11249,21292,63726
11250,12215,63729
11251,8694,63731
11258,6954,63738
11260,7357,63746
11262,19543,63796
11264,19094,63813
11265,19094,92926
11266,11021,63823
11267,3685,63834
11269,13342,63834
11274,1498,63848
11275,1498,63853
11276,2386,63848
11277,2386,63853
11280,11027,63859
11281,11019,63867
11282,11020,63867
11283,11030,63867
11284,26335,63875
11286,9856,63886
11287,12850,63886
11289,12169,63899
11291,17385,63966
11292,27957,63968
11293,4909,63970
11294,6253,63970
11305,17905,63978
11307,9986,64001
11309,230,64021
11310,21042,64021
11311,11044,64022
11312,10802,64025
11313,11045,64025
11317,9021,64032
11318,9022,64032
11320,13309,64032
11324,1740,64049
11326,19777,64057
11327,27432,64057
11328,251,64058
11329,252,64058
11330,18645,64058
11333,13908,64062
11334,27517,64062
11335,27518,64062
11336,704,64063
11337,27584,64063
11339,9433,64074
11340,9433,133300
11341,8278,64074
11342,8278,133300
11343,18404,64074
11344,18404,133300
11346,6043,64109
11347,1819,64113
11348,1819,97593
11349,21950,64113
11350,21950,97593
11351,1166,64126
11352,1167,64126
11353,5957,64126
11354,8843,64126
11358,14534,64130
11359,14534,102319
11360,17090,64130
11361,17090,102319
11362,22143,64130
11363,22143,102319
11364,9083,64131
11365,9083,64153
11366,9286,64131
11367,9286,64153
11368,584,64132
11369,7774,64134
11372,16541,64134
11373,12038,64136
11374,49,64137
11375,27319,64137
11376,12,64138
11377,12,102320
11380,15283,64138
11381,15283,102320
11385,14903,64142
11386,63,64144
11387,919,64144
11388,9353,64144
11389,13348,64144
11390,16070,64144
11391,16402,64144
11392,3733,64147
11395,5965,64148
11396,16542,64148
11397,13268,64149
11399,22280,64149
11400,17258,64150
11401,18303,64151
11403,6124,64156
11404,13821,64156
11405,18384,64156
11407,8366,64167
11408,22164,64177
11409,20243,64198
11410,20243,137948
11411,1654,64198
11412,1654,137948
11414,10531,64515
11415,11121,64515
11416,21369,64515
11417,17528,64522
11418,17529,64522
11423,1107,64592
11424,4875,64592
11425,8976,64592
11426,11155,64592
11428,13003,64592
11429,1979,64614
11430,16901,64614
11431,2273,64629
11432,5544,64629
11433,15949,64629
11434,9445,64637
11435,20924,64637
11437,16782,64641
11438,13484,64643
11440,27419,64643
11442,5970,64668
11445,10587,64706
11449,14117,64744
11450,5066,64754
11451,14919,64754
11452,5571,64755
11453,17719,64764
11454,17719,196130
11456,16679,64781
11457,9392,64782
11458,25891,64782
11461,11202,64810
11462,15262,64810
11463,1113,64814
11464,1113,64817
11465,1113,196361
11466,7354,64814
11467,7354,64817
11468,7354,196361
11470,27430,64823
11471,22225,64851
11472,19531,64889
11475,4662,64991
11476,11093,65041
11477,25798,193565
11478,25797,193565
11479,18712,193565
11480,4266,65143
11481,4267,65143
11484,8363,65153
11485,11447,65153
11486,11448,65153
11487,9203,65186
11488,9203,118778
11489,8755,65186
11490,8755,118778
11491,9211,65186
11492,9211,118778
11494,644,65228
11496,646,65228
11497,25981,65228
11498,2858,65275
11499,6418,65309
11500,6672,65309
11501,11488,65309
11502,13053,65326
11503,17212,65329
11504,21402,65329
11505,12779,65371
11508,17573,65415
11509,3283,65416
11510,8359,65416
11512,8115,65418
11513,11635,65421
11514,12844,65421
11515,1151,65430
11516,5851,65430
11517,8372,65430
11518,3284,65436
11520,11329,65446
11521,11844,65446
11522,27126,65446
11523,27127,65446
11524,447,65469
11525,447,71851
11526,27597,65469
11527,27597,71851
11530,19438,65474
11532,14436,65476
11533,18683,65476
11534,1187,65490
11535,1187,66016
11536,5254,65490
11537,5254,66016
11538,6659,65490
11539,6659,66016
11540,11174,65491
11541,2316,65562
11544,11379,65582
11546,11380,65590
11547,11381,65590
11548,17608,65590
11549,20662,65590
11552,8313,65594
11555,20604,65594
11556,5737,65601
11557,10882,65601
11559,4344,65603
11561,15429,65636
11562,174,65641
11563,423,65641
11564,21452,65642
11565,3560,65643
11566,6398,65643
11577,14615,65907
11578,14616,65907
11579,27086,65907
11580,1493,65908
11581,1493,111761
11585,19388,65912
11588,19669,65924
11595,13467,65987
11596,16039,65987
11597,16170,65987
11599,11116,65997
11600,18149,65997
11601,19026,66024
11602,1130,66030
11606,27154,66030
11607,18985,66065
11608,12718,66072
11609,22353,66075
11610,11438,66153
11611,11438,147653
11612,11439,66153
11613,11439,147653
11614,19052,66153
11615,19052,147653
11616,11449,66157
11617,22287,66157
11618,1384,66158
11619,10274,66158
11620,11450,66158
11621,11571,66158
11623,10073,66161
11624,10074,66161
11625,10763,66161
11626,11451,66161
11627,11452,66161
11629,6658,66179
11631,19815,66209
11632,1470,66212
11633,14587,66212
11635,3175,66217
11636,3251,66217
11637,3604,66217
11638,8703,66217
11640,22270,66218
11641,19889,66219
11642,19889,133707
11643,21526,66220
11644,8065,66222
11646,22218,66224
11647,21460,66227
11648,26878,66228
11649,20212,66271
11650,4950,66279
11651,20200,66279
11652,20201,66279
11653,15615,66281
11654,27550,66281
11655,4785,66285
11656,11568,66285
11658,15469,66285
11659,9893,66300
11661,12934,66310
11662,15823,66310
11664,5190,66311
11665,15488,66311
11666,20600,66312
11667,15802,66313
11668,15828,66313
11669,9650,66324
11670,10373,66324
11681,11475,66385
11699,26238,66405
11700,26239,66405
11706,9222,66416
11707,15325,66425
11708,5213,66426
11709,9162,66436
11711,11482,66473
11717,19497,66633
11718,19497,196467
11719,19700,66633
11720,19700,196467
11721,19493,66633
11722,19493,196467
11723,19389,66637
11724,19389,75634
11725,19389,75656
11726,11514,66652
11727,11517,66654
11728,14401,66654
11729,12621,66664
11730,4636,66693
11731,8257,66714
11732,11544,66716
11734,1102,66759
11735,1102,86412
11740,18176,66759
11741,18176,86412
11742,25286,193572
11745,3360,66839
11746,11154,66840
11748,11557,66840
11749,3460,66841
11751,10425,66859
11752,15141,66859
11757,5834,66937
11758,5834,149230
11763,18420,67022
11764,18420,81933
11767,16755,67022
11768,16755,81933
11770,7110,67023
11771,17786,67268
11773,11672,67277
11774,19251,67277
11777,11710,67346
11778,11710,118371
11779,6481,67391
11782,6210,67410
11784,2406,67433
11785,11787,67433
11787,22160,67480
11788,22187,67480
11790,22189,67480
11791,22190,67480
11794,4649,67487
11795,4649,103533
11796,4649,103681
11797,4649,106192
11798,4649,155205
11799,24975,193303
11801,24976,193303
11802,6000,67510
11805,11826,67551
11806,11826,72218
11807,11828,67551
11808,11828,72218
11813,2102,67612
11814,2103,67612
11815,11864,67612
11816,12152,67612
11817,1937,67630
11818,1937,200122
11819,19221,67646
11820,20033,67739
11821,20033,69475
11822,20033,137603
11823,16784,67749
11824,16784,67750
11825,16785,67749
11826,16785,67750
11827,16786,67749
11828,16786,67750
11829,27561,67749
11830,27561,67750
11833,19461,67861
11834,6660,67900
11837,20265,67907
11838,2156,67916
11840,7087,67957
11843,27883,67960
11844,17674,68006
11846,27484,68006
11847,4593,68098
11848,4594,68098
11849,8267,68106
11851,1122,68152
11853,1154,68179
11855,6874,68179
11856,11683,68179
11857,13096,68179
11858,16558,68179
11860,4985,68195
11861,19613,68195
11865,11242,68198
11866,11242,142602
11869,1604,68301
11870,1604,82226
11873,15956,68322
11874,15956,68813
11875,8668,68322
11876,8668,68813
11877,12549,68393
11884,284,68430
11885,21370,68430
11890,6525,68471
11891,19373,68491
11892,27666,68491
11893,16922,68498
11894,16923,68498
11901,19272,68529
11902,19272,131916
11911,15985,68617
11913,19319,68626
11914,11290,68637
11915,11810,68639
11921,18016,68674
11922,16081,68679
11924,19399,68687
11925,6925,68693
11928,14430,68708
11929,9103,68709
11932,5473,68733
11934,7815,68740
11935,7815,102860
11936,7815,103347
11937,7816,68740
11938,7816,102860
11939,7816,103347
11940,8333,68740
11941,8333,102860
11942,8333,103347
11945,26877,68801
11946,26877,104383
11953,19233,68835
11954,19234,68835
11955,19235,68835
11963,1054,68873
11964,17057,68873
11965,17058,68873
11966,21266,68873
11967,25647,68873
11968,27198,68873
11969,5381,68875
11978,742,68899
11979,5046,68899
11980,15237,68899
11981,12643,68903
11984,19526,68906
11985,16560,68917
11986,16561,68917
11988,14300,68928
12002,27692,68969
12003,27692,89337
12007,26503,68984
12008,1121,69001
12009,22111,69002
12010,18682,69006
12011,21371,69006
12012,11398,69016
12013,16080,69016
12015,24970,193560
12016,25158,193560
12017,25159,193560
12018,25044,193400
12019,12601,69031
12020,12601,104547
12021,19499,69031
12022,19499,104547
12024,21796,69039
12025,27688,69045
12034,12014,69104
12035,21368,69104
12036,20444,69120
12041,1991,69124
12042,17538,69125
12043,19513,69133
12044,19632,69133
12045,21228,69133
12046,4089,69145
12047,4089,103745
12048,4089,104475
12049,4089,104497
12055,16494,69149
12057,16572,69159
12058,16572,132191
12068,26535,69163
12071,17746,69166
12076,10401,69181
12083,13844,69196
12084,13844,103523
12089,19494,69205
12094,27650,69210
12095,27650,103351
12096,27650,103442
12097,27650,103651
12101,4007,69213
12104,24892,69213
12105,19450,69214
12106,3767,69222
12107,19567,69222
12108,2068,69223
12110,10921,69223
12112,28000,69223
12115,8674,69229
12116,15145,69229
12117,6531,69246
12118,6532,69246
12119,6962,69246
12120,12402,69246
12121,12396,69247
12135,19433,69276
12140,18536,69293
12141,18537,69293
12142,19445,69295
12146,2081,69316
12153,19396,69334
12157,11903,69360
12158,11903,69361
12161,17543,69405
12163,20218,69413
12164,20218,136615
12165,16746,69413
12166,16746,136615
12168,8866,69419
12169,2911,69420
12171,15086,69427
12172,22385,90722
12173,18955,90722
12174,14254,90722
12175,9638,69497
12177,17297,69508
12178,22194,69508
12181,10709,69511
12185,16511,69513
12188,3796,69522
12189,11431,69528
12191,14964,69563
12200,16436,69588
12201,16436,105789
12202,16437,69588
12203,16437,105789
12211,5016,69612
12220,12064,69629
12221,12064,72273
12222,12064,132545
12229,19282,69629
12230,19282,72273
12231,19282,132545
12235,26156,69629
12236,26156,72273
12237,26156,132545
12238,19724,69635
12239,6968,69645
12240,6968,114621
12241,6968,114656
12243,16629,69667
12244,16629,105694
12247,136,193424
12251,14757,69718
12253,24841,69718
12254,24842,69718
12256,24731,69719
12257,24732,69719
12258,27743,69724
12260,12061,69749
12261,12061,69757
12262,12061,93212
12263,12060,69749
12264,12060,69757
12265,12060,93212
12266,15088,69749
12267,15088,69757
12268,15088,93212
12273,6538,69764
12274,6538,103880
12275,1026,69770
12277,11226,69791
12278,11226,105435
12279,5921,69801
12282,18081,69801
12283,1028,69804
12284,1028,69822
12287,4301,69809
12288,7819,69813
12289,7819,69900
12297,5828,69818
12302,16585,69837
12303,18629,69837
12304,21254,69843
12305,12579,69847
12306,12579,104402
12307,19444,69847
12308,19444,104402
12309,10689,69847
12310,10689,104402
12311,12277,69850
12315,10774,69860
12318,12553,69861
12319,6221,69868
12320,6550,69868
12321,6929,69868
12322,14550,69868
12327,11500,69883
12331,16713,69893
12332,17718,69893
12333,18917,69893
12334,13437,69901
12335,11836,69904
12336,11837,69904
12340,2366,70003
12341,10922,70003
12342,20343,70003
12343,13632,70004
12347,25902,70032
12348,1779,70038
12351,9356,70060
12352,11947,70061
12353,15791,70063
12354,15791,141003
12357,27775,70076
12360,2930,70078
12361,2930,143402
12362,16102,70083
12363,16104,70083
12371,4268,70106
12372,16993,70106
12373,16994,70106
12375,16996,70106
12377,3638,70109
12378,14573,70111
12379,15661,70112
12380,27709,70112
12381,4795,70113
12382,4795,91354
12383,22054,70113
12384,22054,91354
12385,22273,70113
12386,22273,91354
12387,16757,70114
12388,11723,70115
12389,3468,70119
12391,3708,70121
12392,11785,70121
12393,3321,70124
12394,10141,70124
12395,26983,70126
12396,14094,70128
12398,2182,70132
12399,2183,70132
12400,17823,70132
12401,3866,70133
12402,17429,70133
12403,17784,70134
12404,13206,70137
12405,20744,70142
12406,20744,84581
12407,22178,70142
12408,22178,84581
12409,1773,70144
12410,1774,70144
12411,5536,70144
12420,6679,71063
12421,10492,71063
12422,18843,71063
12423,25744,71063
12425,11980,71065
12426,2261,71087
12427,10899,71087
12428,733,71238
12429,733,71239
12430,4389,71238
12431,4389,71239
12432,8530,71238
12433,8530,71239
12434,8396,71244
12443,6553,71680
12444,6553,76405
12445,6553,126544
12446,10736,71718
12447,10736,88181
12449,12029,71795
12450,15295,71795
12453,18612,71809
12454,3263,71811
12455,3870,71811
12461,4252,71940
12467,21256,71994
12468,21257,71994
12469,3047,71995
12470,12285,71995
12471,22084,71995
12473,19918,72000
12474,19919,72000
12479,8290,72020
12480,8290,72132
12483,3411,72023
12484,3411,72032
12487,13516,72035
12488,13523,72035
12494,17638,72057
12525,22073,101859
12534,19307,72114
12535,19307,139752
12536,19307,143109
12537,19917,72116
12541,6885,72121
12542,6886,72121
12544,5120,72145
12548,16620,72148
12549,17532,72151
12550,24193,72151
12552,19696,72153
12553,12065,72154
12554,12065,72276
12555,12065,72285
12556,12067,72154
12557,12067,72276
12558,12067,72285
12559,25661,72154
12560,25661,72276
12561,25661,72285
12562,7808,72155
12566,3076,72180
12567,5796,72180
12568,6893,72180
12571,12510,72184
12573,15355,72186
12574,21019,72186
12580,1049,72197
12584,16253,72201
12596,14924,72210
12597,14925,72210
12598,8332,72211
12600,5476,72214
12602,12000,72216
12607,5370,72221
12620,6790,72232
12622,12056,72237
12624,11988,72256
12627,6958,72277
12631,15025,72291
12632,15026,72291
12638,15135,72305
12641,1844,72315
12642,18939,72315
12644,12716,72321
12645,14349,72321
12646,14428,148832
12647,14470,77989
12648,14469,77989
12649,6710,101310
12650,5575,101310
12651,18219,81677
12652,16615,101334
12654,11149,142595
12655,6725,108656
12656,14360,81673
12659,132,84718
12660,26155,72390
12662,18233,101515
12663,12773,142695
12664,12773,145102
12667,105,72401
12668,4098,141179
12669,8135,141179
12670,14043,141179
12671,6347,108666
12675,6677,108650
12677,13431,108651
12680,18987,108651
12683,7658,72417
12684,7658,81671
12685,7657,72417
12686,7657,81671
12688,5684,88352
12690,20761,72441
12692,13917,72448
12693,13027,72473
12695,9416,72502
12696,17822,72502
12697,12845,72503
12698,16447,72503
12699,22043,72503
12700,25209,193552
12701,25253,193552
12703,7273,72512
12705,160,72552
12706,1196,72552
12707,12095,72552
12710,8489,124677
12711,8488,124677
12715,17584,72572
12716,10314,72578
12717,10315,72578
12718,10316,72578
12719,18229,88234
12720,12808,88234
12726,15008,118703
12731,17152,72650
12732,1471,72653
12733,1471,84455
12740,9936,72656
12744,6808,72710
12745,6808,72711
12746,13850,72710
12747,13850,72711
12748,20711,72710
12749,20711,72711
12750,22072,72710
12751,22072,72711
12752,12156,72723
12753,15579,72749
12754,15579,96590
12755,16026,72749
12756,16026,96590
12757,13561,72764
12758,13561,87029
12760,8457,72778
12762,17276,72794
12764,23607,72809
12765,440,72839
12767,17184,72839
12769,12401,72841
12770,11775,72842
12771,12182,72844
12772,12660,72844
12773,5308,72850
12774,5308,74926
12775,15389,72850
12776,15389,74926
12777,15493,72850
12778,15493,74926
12779,13868,72862
12780,3668,72865
12781,3669,72865
12782,4347,72865
12783,9427,72866
12784,27849,72867
12785,5082,72870
12786,19980,72873
12787,20372,72908
12789,12196,72933
12794,27378,72973
12795,1541,72991
12796,22168,72991
12797,1200,73009
12798,16293,73009
12799,22135,73028
12800,20087,73048
12801,6521,73107
12802,1447,73571
12803,13515,73572
12806,5010,73580
12811,14532,73679
12812,14532,73682
12813,10149,73679
12814,10149,73682
12815,12235,73679
12816,12235,73682
12818,28012,73683
12819,11786,73707
12826,12242,73742
12828,12244,73743
12830,12245,73756
12833,19974,73760
12834,19974,73766
12837,18411,73767
12839,4355,73768
12843,5811,73792
12844,15001,73840
12846,369,73961
12849,21145,73961
12850,17163,73971
12852,22487,73971
12853,22488,73971
12854,22489,73971
12855,25758,73975
12856,5912,73980
12857,15369,73980
12858,26888,73980
12859,25926,73995
12861,8693,73999
12865,12311,74018
12866,2625,193597
12870,8974,74023
12871,8974,101968
12872,2391,74023
12873,2391,101968
12876,12315,74029
12877,23078,74040
12881,21260,74103
12883,10715,74129
12884,1248,74136
12885,1248,74167
12886,1248,74717
12887,1248,102677
12888,1248,113441
12889,12292,74136
12890,12292,74167
12891,12292,74717
12892,12292,102677
12893,12292,113441
12894,1183,74145
12895,21746,74170
12896,8763,74172
12898,20195,74177
12899,15502,74182
12901,19866,74182
12903,12346,74186
12905,12252,74188
12906,12252,74189
12907,16602,74206
12909,500,74219
12910,501,74219
12911,4426,74219
12913,14885,74219
12915,3103,74220
12916,12348,74221
12917,17592,74221
12918,16133,74222
12919,6378,74232
12921,14958,138526
12925,12219,74289
12926,12219,74890
12927,2067,74289
12928,2067,74890
12931,9024,74309
12934,5027,74376
12935,18784,74376
12946,15875,74452
12947,19609,74452
12952,12421,74469
12953,12421,152326
12955,6831,74474
12957,20661,74474
12958,20599,74478
12959,1377,74490
12960,1377,74501
12961,20618,74494
12962,20939,74494
12963,6438,74495
12966,16941,74495
12967,17214,74498
12969,21559,74570
12974,25499,124480
12978,15139,74625
12979,15139,77315
12982,15140,74625
12983,15140,77315
12984,2546,74627
12985,16621,74629
12986,16621,128441
12987,2064,74654
12988,5047,74654
12989,21179,74683
12992,1909,74693
12997,5434,106308
12998,1632,74740
12999,1632,74741
13000,4465,74742
13001,11436,74806
13002,20811,74806
13004,12374,74810
13005,12373,74817
13007,18323,74839
13009,1233,74900
13010,1233,74904
13011,21147,74900
13012,21147,74904
13013,28014,74900
13014,28014,74904
13018,9064,74922
13022,863,74941
13023,17399,74949
13024,3438,74950
13025,7221,74950
13026,22357,74951
13027,11163,74952
13028,12301,74993
13029,12302,74993
13030,12303,74993
13031,13869,74993
13034,18249,75063
13035,22044,75063
13036,5742,75078
13037,5742,75082
13040,15784,75379
13041,5926,75384
13043,4196,75453
13044,4196,122013
13045,19537,75453
13046,19537,122013
13047,17112,75510
13051,12520,75539
13052,9407,75548
13056,12523,75552
13057,12528,75552
13058,588,75560
13059,16227,75562
13060,4290,75570
13061,4290,147616
13064,22199,75579
13065,9789,75631
13068,6413,75645
13069,6413,147506
13070,9729,75645
13071,9729,147506
13072,17401,75654
13073,17617,75654
13074,9174,75667
13076,1520,75669
13077,13804,75669
13078,27705,75669
13080,6062,75676
13081,2164,75685
13082,7734,75685
13084,26900,75685
13085,18525,75696
13086,9258,75738
13089,6414,75742
13090,27595,75742
13091,7954,75756
13092,17968,75756
13093,5328,75775
13094,12519,75775
13095,9718,75777
13096,17006,75778
13097,17006,196798
13100,6746,75853
13104,27157,75896
13105,27157,75897
13106,27157,89868
13107,2094,75904
13109,3817,75970
13110,3817,116749
13111,27739,75970
13112,27739,116749
13114,19325,76016
13115,19326,76016
13116,21148,76016
13119,6866,76078
13120,1252,76084
13122,3358,76111
13123,7743,76111
13124,10151,76111
13126,12550,76176
13128,20297,76176
13129,10265,76177
13130,17115,76177
13131,17503,76177
13132,20145,76179
13133,7933,76180
13134,10988,76180
13135,10197,76192
13136,9337,76206
13137,1256,76207
13143,12382,76274
13144,16353,76288
13145,16353,147648
13146,5414,76288
13147,5414,147648
13148,26784,76319
13149,4358,76321
13150,4232,76323
13151,4232,96526
13152,15516,76323
13153,15516,96526
13154,12555,76354
13155,12555,76355
13156,12556,76354
13157,12556,76355
13158,12557,76354
13159,12557,76355
13160,14211,76354
13161,14211,76355
13163,12914,76369
13165,7104,76444
13166,4395,76446
13167,13907,76447
13170,14723,76457
13172,19558,76491
13173,14172,76495
13174,14172,107189
13175,26871,76495
13176,26871,107189
13177,25115,193247
13178,9590,76503
13179,5420,76511
13180,12386,76511
13181,14313,76511
13185,12613,76582
13186,6182,76603
13187,6687,76606
13188,6491,76610
13190,5221,76615
13192,12632,76703
13193,1938,76713
13194,21353,76713
13195,8522,76728
13196,25679,76728
13198,21998,76847
13199,3151,76936
13200,8339,76936
13202,10244,76961
13203,10244,76963
13204,19,76996
13207,12708,77002
13208,12720,77141
13210,5441,77165
13211,5442,77165
13212,5443,77165
13214,5445,77166
13217,19252,77219
13218,4330,77233
13219,12728,77234
13220,12729,77234
13221,15104,77234
13223,10486,77247
13225,15950,77301
13230,15770,77342
13232,6536,77378
13236,9305,77462
13237,9306,77462
13238,12756,77462
13240,12758,77462
13241,2844,77463
13243,16110,77463
13244,25608,77463
13245,25609,77463
13246,33,77464
13247,2125,77464
13249,25966,77464
13250,20312,77472
13251,11489,77483
13253,3424,77493
13254,8364,77493
13255,27537,77494
13256,191,77511
13259,10870,131818
13260,10871,131818
13262,17939,120332
13264,17405,77994
13265,12790,78002
13266,12790,78005
13267,3543,78002
13268,3543,78005
13269,12788,78004
13271,14584,78004
13272,544,78021
13273,544,78022
13274,542,78025
13275,543,78025
13276,16493,78025
13277,2226,78034
13278,14735,78043
13279,22021,78043
13280,20152,78053
13284,6376,78060
13285,17339,78068
13286,25968,78068
13287,10937,78070
13288,20000,78075
13289,6555,78078
13290,21269,78079
13291,18154,78081
13292,3807,78082
13294,15004,78085
13295,12796,78086
13296,12799,78090
13297,5778,78093
13298,11088,78096
13302,15152,78119
13303,18711,78119
13304,21781,78119
13305,17505,78152
13306,2771,78153
13307,6780,78153
13308,19798,78164
13310,19077,78216
13312,4642,78224
13313,8419,78224
13314,22171,78224
13315,12821,78258
13316,12821,104674
13317,19602,78261
13318,7806,78264
13319,7806,91130
13320,10915,78264
13321,10915,91130
13322,21423,78269
13323,9821,78270
13325,11319,78282
13330,2370,78367
13331,2370,96372
13332,22109,78367
13333,22109,96372
13334,5706,78444
13335,5706,78446
13338,11047,78536
13339,1292,78538
13340,19306,78549
13341,2045,78552
13342,1841,78555
13343,21868,78555
13344,5697,78573
13347,4049,193594
13348,25032,193594
13350,26882,78670
13353,17145,78797
13354,17145,111141
13355,17934,78797
13356,17934,111141
13357,14699,78806
13358,14699,142667
13359,10648,78807
13367,6239,78932
13370,2624,193604
13371,24906,193604
13372,25215,193604
13373,10395,79148
13375,21386,79175
13376,21387,79175
13377,13616,79274
13378,22260,79274
13379,12938,79276
13380,28089,79279
13382,10344,79294
13383,21987,79297
13384,8037,79301
13388,7309,79311
13389,463,79314
13399,8968,79337
13403,2644,79345
13404,6734,79351
13406,676,79357
13407,4646,79358
13408,7476,79358
13409,18231,79358
13411,14018,79369
13412,1780,79372
13414,26800,79372
13416,27919,79372
13418,1299,79381
13420,1301,79381
13421,8036,79381
13422,13244,79381
13423,12948,79387
13424,12949,79387
13427,19895,79391
13428,8952,79396
13429,12939,79396
13430,247,79404
13435,9708,79412
13437,27445,79415
13438,27513,79415
13439,7135,79416
13440,3487,79417
13442,21763,79417
13443,6343,79418
13444,6463,79419
13445,20413,79420
13446,20415,79420
13449,7342,79422
13451,1539,79423
13452,4777,79423
13454,14047,79424
13455,12957,79430
13457,20822,79431
13459,2870,79442
13462,3562,79443
13463,12960,79445
13464,15963,79447
13466,13087,79459
13467,3162,79461
13469,17788,79462
13470,16825,79463
13471,16826,79463
13472,15242,79465
13473,27298,79465
13478,16241,79470
13479,27370,163770
13480,27426,163770
13481,27425,163770
13483,12998,79490
13485,27390,79493
13486,21751,79494
13489,2399,79506
13490,8816,79507
13491,12969,79508
13492,20908,79510
13493,13390,79512
13494,6953,79513
13495,12940,79515
13496,20829,79515
13497,22058,79515
13499,7859,79517
13500,27260,79525
13504,14477,79538
13505,11881,79540
13506,9707,79542
13507,15219,79543
13509,17722,79547
13510,1308,79549
13511,1403,79549
13512,1620,79549
13513,18599,79549
13514,16212,79553
13515,12971,79558
13516,12184,79559
13520,1003,79578
13521,1004,79578
13522,7546,79578
13523,835,79579
13525,16821,79581
13526,18440,79581
13527,27822,79581
13528,27823,79581
13529,27824,79581
13530,13007,79584
13532,5274,79619
13534,13119,79679
13536,2850,79687
13537,4122,79687
13538,13138,79687
13541,4865,79711
13542,7758,79711
13543,3192,79713
13544,11525,79713
13545,22204,79713
13547,14876,79716
13548,13166,79719
13549,13275,79719
13550,19071,79721
13551,13170,79727
13552,13171,79727
13553,11253,79737
13554,11253,79738
13555,11253,140944
13556,13174,79737
13557,13174,79738
13558,13174,140944
13559,14909,79737
13560,14909,79738
13561,14909,140944
13566,614,79760
13567,1760,79760
13568,7090,79763
13569,13704,79763
13573,18945,79801
13574,12979,79802
13576,16141,79816
13577,16141,118327
13580,22148,79816
13581,22148,118327
13582,10326,79817
13584,11274,79817
13585,16763,79817
13586,6349,79827
13587,17432,79832
13588,3121,79834
13589,3481,79834
13592,7865,79847
13593,18338,80209
13594,4277,80209
13596,7926,79864
13597,178,79869
13598,15948,79875
13599,5433,79890
13600,5964,79890
13601,17632,79890
13603,27654,79890
13605,773,79892
13609,5455,79896
13611,16335,79904
13612,17798,79905
13613,4384,79906
13614,4384,137625
13615,12189,79906
13616,12189,137625
13619,17051,79906
13620,17051,137625
13621,9945,79908
13622,11272,79908
13624,27796,79921
13625,27830,79921
13627,21905,79922
13628,13192,79929
13629,13192,81102
13630,16399,79929
13631,16399,81102
13632,192,79930
13634,9531,79938
13636,6344,79950
13637,7541,79950
13639,13194,79951
13640,13296,79954
13642,957,79956
13644,16305,79959
13646,5140,80000
13647,15659,80000
13650,6051,80009
13653,18412,80020
13654,13319,80023
13655,13320,80023
13657,13795,80025
13659,13205,80033
13662,18242,80034
13664,13012,80041
13665,16346,80047
13666,22156,80047
13667,7077,80056
13668,9592,80057
13672,22219,80061
13673,852,80062
13674,13794,80062
13676,13208,80066
13677,5235,80068
13678,5235,80069
13679,3056,80076
13680,26851,80076
13681,13209,80077
13683,8431,80085
13685,11518,80085
13686,11533,80085
13688,1602,80086
13689,1790,80086
13690,11531,80086
13691,11532,80086
13692,16138,80101
13694,5252,80107
13695,25896,80111
13696,22203,80115
13698,8391,80125
13699,10296,80146
13701,6003,80156
13702,6003,134238
13703,13223,80156
13704,13223,134238
13705,13793,80156
13706,13793,134238
13707,28037,80156
13708,28037,134238
13709,15654,80157
13710,20071,80157
13711,25939,80157
13713,13708,80158
13714,5261,80165
13715,10160,80165
13716,27772,80170
13717,15512,80178
13719,17390,80183
13720,22414,80184
13723,14151,80193
13725,14153,80193
13727,26875,80204
13728,26932,80204
13729,9711,80212
13730,6341,80223
13731,13232,80224
13732,6125,80226
13733,11270,80226
13735,16294,80226
13736,20325,80226
13739,13413,80233
13740,27556,80233
13741,11096,80235
13742,21435,80250
13743,859,80255
13745,577,80259
13746,18146,80259
13749,9535,80271
13750,9536,80271
13751,9985,80271
13752,789,80272
13753,8040,80272
13755,13245,80274
13756,22277,80275
13758,15795,80281
13759,15835,80281
13760,8027,80283
13763,8030,80283
13764,13394,80284
13766,9625,80295
13768,18777,80297
13769,9913,80298
13770,13240,80298
13771,13241,80298
13772,3752,80305
13773,3272,80307
13774,19818,80308
13777,9675,80312
13778,19842,80322
13779,3453,80325
13781,14145,80325
13782,7341,80334
13783,15332,80336
13784,15149,80338
13786,21491,80338
13787,1307,80340
13790,22159,80340
13791,1297,80342
13793,1888,80342
13794,10161,80342
13795,14471,80344
13796,14471,114057
13797,18483,80344
13798,18483,114057
13799,22223,80344
13800,22223,114057
13801,17695,80344
13802,17695,114057
13803,16682,80344
13804,16682,114057
13806,22142,80350
13807,28076,80363
13808,28077,80363
13810,28079,80363
13811,19892,80366
13813,25895,80374
13814,10027,80376
13815,21490,80376
13817,10365,80379
13819,8896,80382
13820,5326,80384
13822,12980,80388
13824,13258,80388
13825,13259,80388
13826,1689,80396
13827,334,80406
13828,2454,80406
13829,13165,80406
13830,17290,80406
13833,79,80411
13835,407,80415
13837,6233,80419
13838,17242,80425
13839,8374,80426
13840,13263,80436
13841,9390,80438
13842,13264,80438
13843,13265,80438
13844,13266,80438
13845,13563,80444
13846,17093,80444
13848,958,80456
13849,20301,80456
13850,13356,80465
13851,1722,80466
13852,8302,80474
13853,13033,80474
13854,27634,80476
13855,13277,80493
13857,22483,80496
13858,17000,80498
13861,9778,80501
13862,10986,80503
13864,9551,80504
13865,14868,80507
13866,14868,90532
13867,17803,80507
13868,17803,90532
13869,19719,80507
13870,19719,90532
13871,18839,80507
13872,18839,90532
13874,11929,80510
13875,9212,80511
13876,13392,80511
13877,3281,80512
13878,13256,80512
13880,4995,80513
13881,824,80516
13882,8689,80516
13884,7940,80526
13885,12649,80527
13887,12651,80527
13890,12988,80552
13893,13148,80557
13895,13190,80561
13896,13191,80561
13897,13291,80561
13898,1810,80564
13899,13236,80564
13900,1882,80565
13901,12982,80565
13902,26794,80565
13903,25786,80568
13904,6085,80586
13905,11132,80586
13910,12975,80589
13911,12975,80590
13912,16233,80592
13913,20787,80592
13914,13329,80598
13915,7939,80599
13917,2028,80600
13918,17404,80601
13919,17404,80602
13920,14800,80601
13921,14800,80602
13922,18194,80606
13923,25877,80606
13924,9365,80607
13927,1488,80689
13929,26971,80689
13931,9980,80728
13932,4,80729
13933,20250,80730
13934,22269,80730
13935,6164,80733
13937,26790,80737
13939,9676,80742
13940,37,80744
13941,38,80744
13944,13197,80747
13945,3737,80756
13946,7959,80756
13947,12995,80758
13949,6317,80759
13951,9612,80763
13952,1133,80766
13953,1073,80775
13954,20906,80775
13955,9810,80783
13957,13303,80783
13959,107,80793
13960,2969,80793
13961,10078,80794
13962,20338,80794
13963,22462,80794
13970,9533,80806
13971,9533,100625
13972,8889,80810
13975,9973,80811
13976,14178,80812
13977,14179,80812
13980,14182,80812
13981,16510,80813
13982,19806,80815
13984,13199,80816
13986,14147,80817
13987,10279,80818
13988,10281,80818
13989,582,80819
13991,10267,80819
13992,6603,80820
13994,17097,80821
13995,1041,80824
13997,27793,80838
13998,27793,80958
13999,27795,80838
14000,27795,80958
14004,8139,80854
14005,27443,80854
14006,8140,80858
14007,8141,80858
14009,27535,80859
14011,8878,80861
14015,13425,80875
14016,13533,80875
14017,20289,80875
14018,250,80878
14019,5523,80878
14020,6992,80878
14021,8981,80878
14023,21836,80878
14025,13478,80884
14026,13974,80884
14027,14907,80884
14028,13006,80885
14029,18272,80894
14030,19141,80894
14031,2467,80903
14032,8299,80903
14033,8105,80904
14034,22358,80905
14036,13672,80911
14037,7082,80916
14038,7778,80924
14039,7778,84591
14040,7779,80924
14041,7779,84591
14042,7780,80924
14043,7780,84591
14044,13931,80924
14045,13931,84591
14048,17895,80945
14049,22259,80947
14050,9192,80953
14051,10122,80953
14052,22149,80953
14053,27210,80953
14054,1432,80954
14055,8995,80954
14057,20638,80954
14058,6589,80966
14059,6590,80966
14060,14150,80966
14061,14429,80966
14062,15407,80974
14065,1271,80977
14066,12168,80977
14067,17096,80977
14068,649,80981
14069,10166,80981
14070,11280,80981
14071,13741,80981
14073,1467,80983
14074,6289,80989
14075,13330,80995
14076,13011,80996
14077,14646,80996
14078,19025,80996
14079,15653,81003
14081,27856,81005
14084,2881,81014
14085,2881,81015
14091,26846,81017
14092,22272,81018
14093,723,81019
14095,22314,81023
14100,392,81029
14101,392,81030
14102,392,81031
14103,1747,81029
14104,1747,81030
14105,1747,81031
14106,1257,81029
14107,1257,81030
14108,1257,81031
14110,12424,81032
14112,8777,81035
14113,21866,81035
14114,3247,81039
14115,3835,81039
14116,11550,81039
14120,14310,81042
14121,14310,81043
14122,14869,81042
14123,14869,81043
14126,15351,81042
14127,15351,81043
14128,21839,81042
14129,21839,81043
14130,27364,81042
14131,27364,81043
14132,27949,81042
14133,27949,81043
14134,13341,81047
14135,18042,81047
14136,13344,81070
14137,13344,81444
14138,13345,81070
14139,13345,81444
14141,7267,81071
14142,10864,81071
14143,16135,81071
14144,13350,81081
14145,16810,81081
14146,3254,81083
14148,20291,81083
14150,2481,81104
14151,6457,81107
14152,21961,81112
14153,13357,81115
14155,16323,81118
14157,13806,81119
14158,17541,81119
14159,3861,81123
14160,1635,81126
14163,7499,81127
14165,3781,81130
14166,19721,81130
14169,21610,81132
14172,16442,81144
14173,13261,81145
14174,26931,81149
14175,3087,81150
14177,3420,81150
14178,11125,81150
14179,1399,81151
14180,3414,81151
14181,8924,81151
14183,3731,81167
14184,27686,81167
14185,27905,81167
14186,27906,81167
14187,7495,81168
14188,492,81172
14189,14402,81172
14191,13371,81173
14193,8989,81188
14195,8991,81188
14196,20522,81190
14197,18659,81191
14200,13702,81200
14203,14053,81204
14204,13377,81207
14205,13377,81208
14206,13378,81207
14207,13378,81208
14208,12876,81209
14210,13501,81224
14211,13501,88021
14212,13500,81224
14213,13500,88021
14215,13381,81229
14216,17217,81230
14218,1255,81232
14219,1255,109942
14221,13383,81242
14223,846,81246
14224,2839,81266
14225,4727,81267
14226,22323,81268
14227,14716,81269
14228,14716,90597
14229,25911,81269
14230,25911,90597
14231,21417,81270
14232,17147,81278
14233,13117,81280
14237,647,81299
14238,648,81299
14239,9008,81299
14240,18744,81299
14242,13024,81300
14243,4996,81302
14244,14306,81306
14245,14306,136806
14248,5974,81309
14249,13396,81309
14250,2458,81314
14251,2458,84544
14252,2459,81314
14253,2459,84544
14255,1460,81316
14256,1694,81316
14269,27399,81333
14270,20907,81334
14271,20907,137273
14276,16021,81349
14277,1719,81350
14278,16055,81350
14280,18336,81350
14281,13352,81351
14282,13353,81351
14283,18213,81352
14287,12475,81383
14289,16749,81390
14290,1588,81397
14291,15680,81404
14292,9364,81405
14293,16954,81405
14295,27931,81415
14296,27167,81416
14299,14476,81418
14300,7344,81419
14301,2888,81422
14302,8715,81423
14304,1499,81427
14305,27397,81431
14306,27478,81431
14309,13031,81445
14311,2479,81454
14312,17583,81454
14313,7769,81483
14314,8645,81483
14316,13421,81500
14317,9257,81504
14318,21425,81504
14319,27497,81504
14321,5820,81511
14322,13176,81511
14323,25927,81511
14324,25942,81511
14330,5130,81526
14331,22333,81526
14332,13662,81528
14333,13401,81538
14335,20845,81540
14336,25910,81540
14337,28030,81541
14341,21463,81632
14342,13435,81633
14345,11441,81645
14346,14107,81645
14347,16131,81645
14348,16759,81645
14349,5298,81647
14351,6199,81647
14354,13970,81649
14355,13970,85004
14356,15524,81649
14357,15524,85004
14360,5042,81665
14361,7785,81665
14362,17266,81665
14363,27327,81665
14364,11625,81694
14365,6701,81698
14366,8570,81698
14368,13450,81698
14369,12114,81718
14371,1990,81727
14375,17127,81745
14376,17146,81745
14378,13460,81747
14379,13460,147599
14380,17581,81747
14381,17581,147599
14383,16392,81756
14388,16896,81794
14389,16897,81794
14390,27563,81794
14391,4769,81796
14393,19068,81800
14394,27030,81800
14397,10130,81818
14398,1132,81819
14399,22153,81819
14400,14369,81828
14403,15697,81840
14405,17262,81851
14406,21457,81851
14407,22285,81857
14409,13284,81862
14410,9267,81871
14411,6135,81882
14412,13046,81882
14413,13047,81882
14416,3612,81884
14417,3612,86755
14418,22308,81884
14419,22308,86755
14420,539,81886
14421,1486,81886
14422,15304,81886
14423,15317,81886
14424,16680,81886
14426,9702,81891
14427,9702,155714
14432,2013,81893
14433,2115,81893
14436,25954,81899
14437,14083,81900
14438,22119,81901
14439,358,81902
14441,16743,81902
14442,7749,81904
14446,936,81913
14450,9325,81915
14451,27308,81915
14453,9683,81928
14454,10148,81931
14455,20631,81932
14456,16057,81944
14460,25909,81952
14461,9138,81957
14464,3749,81962
14465,13497,81962
14466,27431,81962
14467,13498,81963
14468,10108,81982
14469,17166,81982
14470,7301,81984
14471,5186,82019
14472,8072,82019
14473,13464,82019
14474,13799,82019
14476,27530,82021
14477,2358,82022
14479,1446,82031
14480,10181,82031
14481,12154,82031
14482,27174,82031
14483,28022,82031
14485,12078,82034
14488,5107,82063
14489,8108,82063
14490,5153,82064
14491,20487,82064
14492,9208,82065
14493,9208,139405
14494,8736,82065
14495,8736,139405
14496,2632,82091
14497,22338,82091
14498,22339,82091
14499,19783,82092
14500,19783,153948
14504,20095,82096
14505,9819,82100
14508,5653,82110
14510,3843,82118
14511,5164,82118
14512,13506,82118
14513,13507,82118
14514,13508,82118
14515,13509,82118
14516,13510,82118
14518,15763,82119
14519,22161,82121
14520,27930,82121
14521,5061,82170
14523,14045,82186
14524,14230,82186
14526,362,82191
14527,15522,82191
14529,21792,82223
14532,14468,82256
14533,16762,82256
14534,21144,82260
14535,7669,82308
14536,13056,82308
14538,3443,82317
14542,17760,82322
14543,12361,82329
14545,14171,82343
14548,20751,82347
14549,27388,82352
14551,27787,82354
14553,13224,82355
14554,3671,82356
14555,19064,82356
14556,27791,82356
14559,27407,82363
14560,10436,82365
14565,27269,82384
14566,7089,82386
14567,675,82396
14568,5330,82396
14569,13595,82398
14570,13227,82399
14571,9583,82402
14572,13248,82408
14573,20252,82408
14574,27101,82410
14575,1412,82414
14577,13611,82414
14578,27468,82414
14579,16848,82418
14580,16150,82422
14581,7086,82424
14583,26964,82424
14584,17137,82426
14586,15845,82440
14588,10803,82443
14590,21791,82451
14591,5068,82454
14592,13769,82455
14593,26845,82455
14594,27451,82455
14595,27457,82455
14596,5285,82456
14597,27180,82456
14598,3529,82457
14599,4264,82457
14600,8408,82457
14601,16194,82464
14603,3266,82469
14605,20021,82469
14606,3268,82472
14607,20073,82475
14608,20074,82475
14609,20075,82475
14610,3442,82487
14611,16727,82487
14613,634,82495
14615,2308,82496
14618,8103,82511
14620,13100,82512
14621,27379,82512
14622,6588,82514
14623,22449,82516
14624,5724,82518
14629,13535,82528
14631,8585,82532
14633,25946,82543
14634,27494,82543
14635,19737,82545
14637,14096,82550
14638,10893,82554
14640,20027,82573
14641,1325,82591
14642,20420,82595
14643,5195,82597
14644,2129,82608
14645,6236,82624
14646,6237,82624
14647,6238,82624
14649,17552,82628
14650,3250,82629
14651,8098,82629
14652,8099,82629
14654,7647,82645
14655,7648,82645
14657,27466,82647
14660,13576,82655
14661,2887,82665
14662,2887,155812
14665,20867,82667
14667,13064,82669
14669,20554,82672
14670,1217,82676
14671,14021,82676
14673,17846,82679
14674,17848,82679
14675,17849,82679
14676,5197,82680
14678,13580,82687
14679,14016,82687
14680,14017,82687
14681,7210,82693
14682,13625,82693
14683,16836,82694
14685,12635,82712
14686,12635,137349
14689,4166,82713
14690,16827,82714
14691,17148,82719
14692,13858,82720
14694,27882,82722
14701,20582,82725
14702,5325,82727
14703,28017,82733
14704,28018,82733
14705,20151,82738
14706,10461,82744
14707,7545,82749
14708,8590,82750
14709,20258,82751
14710,20259,82751
14711,27416,82752
14712,22252,82753
14713,1673,82754
14714,20886,82755
14717,27003,82757
14718,3518,82759
14720,16175,82759
14722,6412,82766
14723,17794,82768
14724,1068,82775
14726,12961,82779
14727,5198,82784
14729,27454,82786
14731,9603,82788
14732,9604,82788
14735,5676,82789
14736,6292,82790
14737,6853,82790
14738,11700,82790
14740,20276,82791
14741,12465,82793
14742,13600,82794
14743,7084,82797
14744,27381,82799
14746,18667,114833
14749,20419,82806
14750,25935,82807
14751,19841,82811
14752,1349,82812
14753,27778,82819
14755,13610,82823
14756,25707,82826
14757,22000,82829
14759,7478,82830
14761,27017,82835
14762,27900,82835
14764,20537,82837
14765,13226,82840
14766,3653,82851
14767,3653,82852
14768,13619,82851
14769,13619,82852
14770,13620,82851
14771,13620,82852
14772,21073,82851
14773,21073,82852
14775,8785,82855
14777,17927,82857
14779,26008,82859
14780,27187,82859
14781,7823,82861
14783,1214,82872
14784,5080,82872
14785,27632,82872
14786,25903,82885
14787,4891,82887
14790,21994,82898
14792,4717,82901
14794,7160,82920
14797,6486,82945
14798,1206,82947
14799,19636,82947
14801,24146,82960
14804,7893,82985
14805,15752,82994
14806,14342,83054
14807,1310,83059
14808,1358,83059
14811,22422,83059
14812,5945,83099
14814,12484,83099
14815,17777,83099
14816,19125,83099
14817,2852,83099
14818,11754,83100
14819,14195,103064
14820,19520,103064
14821,2278,83101
14822,2278,98517
14823,1660,83128
14824,6755,83128
14827,13428,83163
14828,22334,83163
14829,9634,83168
14834,5584,83178
14835,8773,83179
14838,13755,83192
14839,13554,83199
14840,27037,83203
14841,2942,83205
14842,4104,83215
14843,11158,83216
14849,22451,83232
14850,2146,83236
14851,13608,83239
14852,13609,83239
14854,27498,83242
14855,6566,83244
14858,14543,83256
14859,4604,83261
14861,5029,83270
14862,7753,83270
14863,16820,83270
14865,11893,83288
14866,20836,83307
14867,17408,83310
14868,20915,83311
14869,12937,83314
14870,8412,83316
14872,13295,83327
14873,13295,138181
14874,13661,83332
14875,17421,83332
14877,11732,83341
14878,20047,83343
14881,15679,83362
14882,1219,83363
14886,10306,83370
14888,7227,83373
14889,17425,83374
14894,7230,83392
14895,11307,83401
14898,7542,83416
14902,17011,83441
14903,17012,83441
14905,13373,83446
14907,11315,83447
14909,25704,83448
14910,18949,83451
14911,7725,83452
14912,20866,83452
14913,16393,83453
14914,579,83456
14915,4640,83462
14917,13360,83467
14919,11883,83479
14920,19924,83479
14921,27923,83489
14922,27923,83492
14923,5635,83491
14924,27892,83491
14925,11454,83494
14926,631,83495
14928,10794,83503
14929,5633,83511
14930,22103,83514
14931,25853,83516
14932,18433,83520
14934,4400,83527
14935,4967,83533
14936,21786,83536
14939,8409,83550
14940,27843,83552
14941,2790,83557
14943,27233,83557
14945,27832,83562
14946,13066,83563
14947,27010,83563
14948,7440,83564
14949,11572,83566
14950,25984,83568
14951,26884,83568
14952,19846,83573
14954,25918,83584
14955,10924,83589
14957,13714,83595
14958,13715,83595
14959,19845,83600
14961,8035,83608
14964,26451,83648
14967,18981,83676
14968,781,83677
14969,8087,83679
14972,14891,83683
14973,42,83695
14974,42,83697
14975,42,198197
14976,10629,83695
14977,10629,83697
14978,10629,198197
14979,4360,83700
14980,27444,83700
14983,4812,83710
14985,9087,83718
14987,9725,83718
14988,20904,83718
14989,26834,83718
14991,18626,83773
14992,13894,83816
14993,21432,83816
14994,1360,83826
14996,1825,83905
14997,14110,83905
14999,27145,83908
15000,27145,88539
15001,17162,83908
15002,17162,88539
15006,12363,83913
15008,14504,83916
15010,12284,83923
15011,14829,83923
15012,17480,83923
15013,18471,83938
15014,18471,106600
15015,18472,83938
15016,18472,106600
15020,1246,83969
15021,1247,83969
15022,12603,83969
15023,3322,83970
15024,10631,83970
15025,12387,83971
15028,21573,83971
15029,12178,83980
15030,7858,83981
15031,21010,83981
15033,6545,83998
15034,3197,84012
15035,3198,84012
15036,4402,84012
15037,21810,84012
15038,3193,84013
15039,3194,84013
15040,3195,84013
15041,3196,84013
15042,13077,84013
15043,5587,84016
15044,9845,84017
15045,17274,84017
15046,22346,84017
15047,21184,84040
15050,14760,84050
15051,13852,84079
15052,8044,84087
15053,8044,84096
15054,9906,84087
15055,9906,84096
15056,17931,84087
15057,17931,84096
15058,2833,84093
15059,11440,84114
15060,27311,84117
15062,7622,84133
15063,9287,84139
15064,24,84148
15067,15932,84166
15069,19740,84187
15071,13830,84222
15072,14329,84222
15073,19937,84222
15075,7020,84244
15076,12418,84245
15084,16465,84284
15085,27658,84285
15087,222,84288
15088,222,131936
15091,16632,84288
15092,16632,131936
15093,10131,84301
15094,14406,84310
15095,20119,84310
15096,1370,84315
15097,13862,84315
15098,15294,84315
15100,12993,84318
15101,11273,84325
15102,2019,84333
15103,2019,195249
15104,6019,84333
15105,6019,195249
15106,22369,84338
15107,13147,84348
15108,10043,84349
15109,10044,84349
15110,13873,84352
15111,14570,84352
15117,1192,84362
15120,1800,84362
15122,12087,84362
15124,2892,84366
15125,13014,84369
15126,13879,84369
15127,13134,84375
15128,16218,84375
15129,27001,84378
15131,27440,84380
15132,10717,84382
15134,27847,84383
15137,1453,84391
15138,13144,84391
15139,13145,84391
15141,7152,84393
15142,13884,84394
15143,13136,84399
15147,981,84425
15148,14516,84433
15149,9001,84438
15150,10506,84440
15151,13430,84440
15152,9397,84443
15153,9397,84444
15154,9397,84445
15158,2286,84447
15159,20251,84447
15160,21535,84447
15161,9351,84454
15163,13867,84454
15164,14115,84454
15165,22244,84454
15166,6190,84459
15168,11168,84494
15169,4949,84505
15171,21545,84505
15173,8240,84506
15174,21870,84518
15175,2038,84524
15176,11759,84528
15177,11760,84528
15178,11761,84528
15179,11762,84528
15182,15305,84528
15183,934,84540
15187,1316,84554
15188,6073,84554
15190,3672,84557
15191,4191,84557
15192,4192,84557
15193,8217,84558
15194,13816,84564
15195,13817,84564
15196,13818,84564
15197,4788,84565
15199,5542,84601
15200,7941,84601
15201,17037,84601
15202,126,84617
15203,5656,84618
15204,7313,84629
15206,13409,84632
15207,27060,84642
15208,248,84773
15209,7368,84774
15210,9015,84774
15213,27714,84789
15214,2825,84790
15215,7231,84790
15217,22327,84813
15219,876,84814
15221,15261,84815
15222,7328,84819
15223,13269,84819
15224,1902,84823
15225,21418,84823
15226,10127,84824
15227,15945,84824
15228,6241,84825
15229,8550,84827
15230,14597,84827
15231,14437,84828
15234,13966,84840
15235,16215,84840
15236,17619,84840
15237,4977,84851
15238,4977,96470
15239,4977,96471
15242,15565,84852
15243,15565,84932
15246,4758,84854
15247,13967,84854
15255,15577,84936
15256,27292,84936
15257,808,84939
15259,7174,84939
15260,2415,84940
15261,2415,96472
15264,2090,84940
15265,2090,96472
15272,13978,84947
15273,13978,84949
15275,3440,84959
15276,3440,84961
15277,3536,84959
15278,3536,84961
15279,7985,84959
15280,7985,84961
15283,13980,84975
15284,15497,84975
15286,4922,84991
15288,10356,84991
15289,939,84998
15290,940,84998
15292,2033,84998
15293,13987,85011
15294,13987,85112
15295,17550,85011
15296,17550,85112
15301,15580,85012
15302,15580,147420
15309,6226,85016
15311,8857,85016
15312,9502,85016
15313,15581,85020
15314,13115,85025
15315,13985,85025
15320,1418,85035
15321,1418,96477
15322,22055,85052
15324,18151,85053
15327,2733,85070
15329,5160,85088
15331,9069,85088
15332,15548,85106
15333,15548,147617
15336,17615,85106
15337,17615,147617
15340,4818,85139
15341,27878,85162
15342,21603,85191
15343,21603,131311
15344,21603,152476
15345,21603,153538
15346,819,85191
15347,819,131311
15348,819,153538
15349,19311,85191
15350,19311,131311
15351,19311,153538
15353,14007,85214
15355,17969,85227
15356,17970,85227
15358,9660,85232
15359,27141,85233
15360,27142,85233
15361,27143,85233
15362,8306,85238
15364,14014,85265
15365,13557,85269
15366,16084,85269
15367,13624,85277
15368,6219,85279
15369,22392,85279
15370,12996,85280
15371,12997,85280
15372,12539,85288
15374,12951,85288
15375,6494,85324
15376,14061,85330
15377,14257,85330
15378,7643,85332
15379,11772,85332
15380,3356,85409
15381,1149,85457
15382,3388,85457
15384,10484,85457
15385,25105,193351
15387,4453,85557
15388,10366,85557
15390,11356,85557
15391,17878,85557
15392,27129,85558
15393,18191,85559
15395,10663,85564
15397,10662,85578
15399,6488,85598
15401,19263,85598
15402,14028,85607
15404,6510,85604
15405,14174,85608
15406,13097,85613
15407,14177,85650
15409,6348,85653
15410,9237,85677
15411,16999,85677
15412,14029,85678
15413,17178,85678
15416,19182,85685
15417,19145,85737
15419,13944,85748
15420,13945,85748
15422,8116,85775
15424,21793,85776
15427,2014,85798
15428,2014,200479
15429,6203,85853
15430,7057,85853
15431,14203,85853
15432,26987,85853
15433,14040,85885
15434,14040,147582
15437,5259,85892
15438,5260,85892
15439,4569,85905
15444,4183,85930
15445,4227,85930
15446,8056,85930
15447,8741,85930
15449,11742,85930
15450,10605,85937
15451,11621,85937
15452,25618,85937
15453,11505,85940
15454,21064,85940
15455,19634,85963
15456,21942,85969
15458,14226,85972
15459,14227,85972
15461,2622,193460
15463,24900,193460
15464,6758,85989
15465,21200,85991
15469,3640,86028
15470,5384,86030
15471,5410,86030
15473,20058,86183
15475,4807,86230
15477,19129,107187
15478,21946,86232
15480,18282,109820
15481,18283,109820
15483,19254,86261
15488,2304,86288
15492,18948,86301
15493,4509,86303
15494,7163,86307
15495,10228,86350
15496,7839,86365
15497,19506,86365
15504,5076,86410
15505,5303,86424
15506,14052,86424
15508,2478,86425
15509,17977,86425
15510,22157,86425
15514,21153,86447
15516,11108,86451
15517,25959,86451
15518,4188,86463
15519,4598,86463
15521,16151,86474
15522,16152,86474
15525,10722,86483
15527,9792,86492
15528,11515,86495
15529,22013,86497
15530,5132,86498
15531,13803,86499
15533,5535,86500
15537,10096,86502
15538,21480,86502
15542,10502,86517
15543,6691,86527
15545,6908,86528
15546,14823,86542
15547,7038,86543
15549,27532,86546
15552,352,86645
15553,352,86658
15556,179,86648
15557,179,86649
15564,11597,86661
15565,21023,86661
15566,8498,86686
15567,22226,86686
15568,3225,86692
15569,16957,86695
15570,16957,97629
15571,8692,86695
15572,8692,97629
15575,11612,86706
15576,10836,86707
15577,10836,149948
15578,758,86707
15579,758,149948
15582,5987,86718
15583,6101,86718
15585,12537,86746
15589,7801,86849
15590,15133,86849
15591,15134,86849
15595,1438,86887
15596,20641,86887
15597,10193,86889
15598,13402,86897
15599,4860,86906
15600,4860,86908
15607,16707,86906
15608,16707,86908
15609,5110,86906
15610,5110,86908
15611,67,86915
15612,13185,86932
15614,11367,86955
15615,2616,193252
15617,22182,87010
15619,525,87096
15620,27271,87099
15621,20376,87101
15622,20376,87102
15623,21104,87101
15624,21104,87102
15625,1478,87105
15626,13512,87106
15628,5741,87108
15631,26982,87153
15632,26982,90059
15633,14296,87153
15634,14296,90059
15635,11346,87156
15637,17511,87198
15638,14067,87209
15639,27520,87209
15642,1366,87248
15643,1366,87249
15644,14304,87255
15645,14305,87255
15646,14311,87255
15647,13494,87270
15649,13489,87275
15650,13234,87276
15651,7239,87277
15652,9180,87279
15653,9181,87279
15654,16334,87279
15656,8025,87280
15657,8107,87289
15659,26859,87289
15660,26860,87289
15661,8091,87291
15663,17997,87291
15665,14131,87293
15666,14131,90309
15667,21768,87293
15668,21768,90309
15672,21108,87333
15673,2992,87340
15674,5812,87341
15675,8740,87341
15676,805,87342
15677,12679,87342
15678,7385,87346
15679,11731,87346
15680,12117,87346
15681,14444,87346
15683,19451,87349
15684,19189,87351
15685,19189,102303
15686,19591,87351
15687,19591,102303
15688,1857,87353
15689,1857,138564
15692,12275,87353
15693,12275,138564
15694,5836,87357
15695,5836,116438
15698,8716,87357
15699,8716,116438
15700,8311,87359
15705,21191,87391
15710,2352,87447
15711,24910,193600
15712,25333,193600
15714,1059,193600
15716,2813,87498
15717,20699,87498
15718,25941,87536
15719,3158,87543
15720,3158,87544
15721,20612,87543
15722,20612,87544
15723,27152,87543
15724,27152,87544
15725,10595,87557
15726,10595,125144
15727,10595,200066
15729,14737,87589
15731,14387,87633
15732,14383,87637
15734,26838,87640
15737,15359,87651
15738,9715,87661
15739,19170,87674
15740,14384,87682
15741,1629,87692
15742,19503,87692
15743,7531,87714
15745,14385,87714
15746,11606,87724
15747,19521,87752
15748,19521,129405
15753,8667,87757
15754,11648,87757
15755,21229,87757
15757,14418,87776
15758,14418,145172
15759,14419,87776
15760,14419,145172
15763,10427,87786
15764,10427,95166
15765,5600,87791
15766,5602,87791
15769,5060,87829
15770,22166,87837
15774,26826,87861
15775,26833,87861
15776,5354,87865
15778,2392,87871
15779,5723,87871
15780,12858,87874
15781,14983,87876
15782,2448,87894
15783,2449,87894
15785,13391,87894
15788,21477,87894
15789,22381,87894
15790,15235,87985
15791,14440,88017
15792,14440,197750
15793,19376,88029
15794,19376,88030
15795,19377,88029
15796,19377,88030
15799,11507,88075
15800,11640,88075
15801,19434,88083
15802,19434,104366
15803,19012,88083
15804,19012,104366
15805,802,88085
15806,802,113101
15807,802,125130
15808,10607,88085
15809,10607,113101
15810,10607,125130
15813,628,88092
15814,14443,88121
15815,6179,88138
15816,10157,88139
15817,16787,88139
15818,1861,88146
15819,7411,88146
15829,16844,88171
15830,3818,88173
15831,11919,88173
15832,5056,88184
15834,20758,88184
15835,12445,88188
15836,12446,88188
15837,14450,88188
15838,14451,88188
15839,17635,88189
15842,1277,88233
15843,18732,88233
15844,21113,88233
15845,21114,88233
15846,27200,88233
15847,11244,88249
15848,11244,141147
15849,11245,88249
15850,11245,141147
15853,12108,88250
15854,8162,88258
15855,8162,147578
15856,20802,88258
15857,20802,147578
15858,20198,88259
15859,15267,88279
15861,7022,88346
15862,14088,88346
15864,5685,88359
15865,12725,88363
15867,14465,88363
15868,4246,88365
15869,13825,88365
15870,25719,88365
15874,14277,88437
15875,14481,88437
15876,14482,88441
15877,4131,88461
15880,14472,88464
15883,8630,88468
15887,3821,88494
15888,316,88508
15889,13764,88537
15890,437,88538
15891,10795,88538
15892,2807,88540
15894,22376,88541
15895,13654,88543
15896,14502,88544
15897,14503,88544
15898,18201,88544
15899,5971,88555
15900,17600,88586
15902,3397,88587
15903,16367,88587
15904,4861,88637
15905,21999,88639
15906,27826,88639
15907,21992,88657
15909,19579,88749
15910,27973,88749
15911,8748,88763
15912,14519,88768
15915,14520,88772
15917,12511,88784
15918,27894,88784
15919,18695,88800
15921,10341,102493
15922,18581,102493
15923,16930,88926
15924,4722,88949
15925,6870,88949
15927,20784,88949
15928,718,88950
15929,718,100109
15930,5142,88950
15931,5142,100109
15932,9798,88950
15933,9798,100109
15936,4816,88952
15937,10491,88952
15939,27039,88955
15941,18595,88977
15942,18595,142314
15943,18595,143682
15944,27548,88977
15945,27548,142314
15946,27548,143682
15947,11134,88993
15948,9656,88997
15949,9656,141261
15950,20515,88997
15951,20515,141261
15952,20674,88997
15953,20674,141261
15954,20675,88997
15955,20675,141261
15957,4918,89081
15959,4920,89081
15960,14540,89081
15961,14486,89082
15962,16434,89082
15963,16435,89082
15964,17935,89082
15965,27091,89082
15966,16433,89084
15968,7953,89108
15969,22325,89108
15973,12615,89111
15974,3372,89115
15975,3375,89115
15976,3677,89115
15977,9074,89115
15978,9075,89115
15979,9371,89115
15980,9372,89115
15981,27453,89115
15982,26967,89122
15983,26967,90670
15984,26967,90672
15988,2777,89122
15989,2777,90670
15990,2777,90672
15991,22017,89145
15992,22017,89147
15993,14548,89152
15994,1582,89158
15995,5547,89161
15997,3477,89168
15999,7638,89175
16001,21024,89221
16002,4639,89222
16003,4639,135693
16004,21173,89222
16005,21173,135693
16006,4638,89222
16007,4638,135693
16008,15096,89308
16010,11282,89330
16011,16139,89330
16014,27276,89335
16015,15718,89359
16016,17360,89359
16019,10058,89374
16021,27983,89374
16022,21409,89379
16023,21409,96614
16024,12849,89379
16025,12849,96614
16029,13418,89392
16030,1617,89393
16032,5630,89395
16034,9231,89395
16036,17150,89399
16037,17150,96667
16038,9902,89399
16039,9902,96667
16040,14666,89402
16041,14666,90218
16044,7235,89407
16045,7235,96620
16046,948,89410
16047,10169,89410
16049,70,89415
16050,1318,89415
16051,15762,89415
16055,2324,89441
16056,18211,89496
16057,2869,89509
16058,5268,89509
16059,5269,89509
16060,6703,89509
16061,18222,89509
16062,20389,89509
16063,20390,89509
16064,20391,89509
16065,11739,89510
16066,18184,89510
16068,3617,89513
16069,12197,89559
16070,12198,89559
16071,22378,89562
16072,22378,89563
16073,22378,140961
16074,5359,89565
16082,26748,89573
16085,14595,89585
16086,6682,89593
16087,6682,141100
16088,6682,144498
16089,21125,89593
16090,21125,141100
16091,21125,144498
16097,19469,89618
16098,19469,106525
16099,19469,106526
16100,19469,124551
16103,5228,89693
16105,11194,89730
16106,11194,112436
16109,11196,89730
16110,11196,112436
16113,21766,107591
16119,12502,89749
16120,5023,89750
16121,14275,89753
16125,424,89778
16127,24961,89907
16128,25144,89907
16130,14638,89918
16131,21934,89920
16132,21343,89937
16133,13647,89941
16134,27071,89942
16136,14642,89958
16137,18094,89960
16138,18095,89960
16139,18096,89960
16144,16956,90006
16145,14643,90007
16146,14644,90007
16148,4881,90027
16149,4882,90027
16150,14647,90038
16151,7949,90039
16152,13462,90039
16154,14651,90049
16155,14652,90049
16156,14653,90049
16157,15150,90049
16162,26172,90111
16165,3324,90130
16166,17985,90130
16167,27633,90130
16168,4216,90148
16169,7355,90148
16170,20987,90148
16174,9596,90195
16175,13785,90195
16179,2779,90278
16183,19429,90318
16184,19694,90318
16189,26835,90385
16190,14034,90390
16191,15527,90394
16192,15527,147590
16193,14414,90397
16194,11037,90399
16195,11528,90399
16201,14251,90406
16202,14251,142135
16203,11563,90408
16204,11563,90409
16205,725,90420
16206,5507,90420
16207,6369,90420
16208,8982,90455
16209,8982,129496
16210,8982,155490
16211,10888,90455
16212,10888,129496
16213,10888,155490
16217,2811,90462
16218,19673,90462
16219,19674,90462
16220,20996,90462
16221,6403,90485
16222,15052,90485
16223,16224,90485
16224,2109,90489
16225,2109,117989
16226,19463,90489
16227,19463,117989
16228,27573,90489
16229,27573,117989
16231,6411,90499
16232,14287,90500
16233,22309,90500
16234,7299,90508
16235,7299,120096
16236,14691,90508
16237,14691,120096
16238,14692,90508
16239,14692,120096
16240,19756,90518
16241,2338,90522
16242,1480,90526
16243,1480,132512
16244,1480,132513
16248,13798,90526
16249,13798,132512
16250,13798,132513
16251,21929,90526
16252,21929,132512
16253,21929,132513
16254,1420,90535
16256,21437,90535
16257,15955,90545
16258,25828,90545
16259,13893,90546
16260,15954,90546
16262,1544,90549
16263,14714,90586
16264,21040,119237
16266,12366,90591
16267,3744,90594
16268,14711,90594
16271,14712,90598
16272,3390,90599
16273,13335,90599
16275,6148,90603
16276,17087,90603
16277,1451,90608
16278,17885,90609
16279,17884,90610
16282,9135,90631
16283,9760,90631
16284,17009,90638
16285,17009,96628
16290,16371,90642
16291,16371,102285
16292,7908,90654
16293,9283,90667
16294,16771,90667
16295,8512,90683
16300,16360,90719
16301,26825,90721
16302,15922,90775
16303,20521,90775
16304,18169,90792
16307,17918,90809
16308,28009,90809
16309,21708,90933
16310,14164,101996
16311,16515,90948
16312,19324,90937
16320,16451,90999
16325,14736,91072
16326,14738,91074
16339,3075,91114
16340,3108,91114
16342,19393,91147
16343,19560,91147
16350,26936,142689
16351,18378,142689
16352,27333,91292
16356,13913,91351
16357,16503,91353
16358,3822,91434
16359,3822,91444
16360,3822,197900
16364,19688,91434
16365,19688,91444
16366,19688,197900
16371,1640,91472
16373,9935,91520
16374,17001,91520
16379,5021,91560
16380,14787,91560
16381,15036,91560
16382,15037,91560
16383,16852,91564
16385,14963,91566
16386,14963,147600
16387,4424,91583
16388,9990,91583
16389,18446,91583
16390,5006,91587
16391,5007,91587
16392,5008,91587
16393,18976,91587
16394,20657,91587
16395,17591,91593
16397,11484,91626
16399,13864,91627
16401,27404,91628
16402,581,91631
16403,7205,91631
16404,20131,91632
16405,8367,91641
16406,7262,91646
16407,7875,91646
16409,13141,91647
16412,3589,91651
16413,6307,91665
16414,6308,91665
16415,7169,91665
16418,20446,91666
16419,20447,91666
16420,12428,91667
16422,13815,91667
16423,13212,91668
16424,1342,91672
16425,6558,91672
16426,9164,91672
16427,1223,91681
16428,8573,91681
16431,6842,91703
16432,6842,100656
16437,16856,91703
16438,16856,100656
16439,782,91713
16440,8788,91713
16442,14831,91782
16443,14832,91782
16444,14833,193336
16445,3408,91830
16447,15034,91830
16448,1495,91832
16449,10537,91832
16453,1986,193337
16454,1975,193337
16455,7026,91926
16456,7026,132592
16457,19706,91926
16458,19706,132592
16461,10387,91932
16462,24587,91973
16463,24587,118254
16464,24786,91973
16465,24786,118254
16466,2048,92118
16467,25472,92118
16470,14940,92146
16475,14001,92160
16476,14001,136606
16477,89,92161
16480,19883,92161
16483,25863,92162
16484,25863,107100
16485,25864,92162
16486,25864,107100
16488,14968,92252
16489,14969,92252
16490,15529,92252
16491,16282,92252
16492,10453,92372
16493,15433,92372
16494,20746,92378
16495,19152,92412
16496,780,92587
16498,21278,92616
16500,27591,92616
16506,14905,92653
16507,16425,92669
16508,4297,92685
16509,6662,92685
16512,15483,92762
16513,7394,92763
16516,3581,92772
16517,3581,99171
16518,3581,200081
16519,14074,92772
16520,14074,99171
16521,14074,200081
16525,11332,92788
16526,15040,92810
16527,15041,92810
16528,18569,92811
16529,18569,92812
16530,20785,92811
16531,20785,92812
16532,28001,92811
16533,28001,92812
16535,13235,92814
16536,20371,92814
16546,2186,92838
16547,2186,128066
16548,18182,92838
16549,18182,128066
16550,25649,92838
16551,25649,128066
16554,14898,92883
16555,11905,92930
16557,11907,92930
16559,3850,92964
16561,14462,92964
16563,11232,92970
16564,19481,92970
16565,21710,93060
16566,25708,93142
16567,2816,93144
16569,8663,93147
16570,8663,121275
16575,14454,93173
16576,2759,93237
16578,17424,93237
16581,430,93318
16582,12273,93318
16583,13771,93331
16584,4454,93333
16586,15136,93333
16589,5622,93344
16590,5839,93391
16591,5839,121945
16592,5839,136042
16593,12281,93391
16594,12281,121945
16595,12281,136042
16597,22437,93437
16598,11316,93438
16599,12548,93448
16600,21285,93448
16601,13521,93487
16602,12444,93491
16603,12444,143369
16606,15127,93491
16607,15127,143369
16610,6952,93518
16611,18364,93518
16612,2,93524
16613,4433,93524
16614,11867,93524
16615,21580,93524
16616,11340,93526
16617,19701,93527
16618,14936,93529
16619,19456,93530
16620,21262,93530
16623,21056,93532
16624,12681,148860
16625,18756,148860
16626,14315,148860
16627,19175,93536
16628,19660,93536
16629,4150,93551
16630,19231,93560
16633,11337,93597
16636,18439,93602
16640,597,93628
16641,3803,93628
16642,9480,93628
16644,19017,93628
16647,2784,93675
16651,16036,93677
16652,21771,93677
16660,14579,93790
16661,16414,93790
16662,3684,93793
16663,21527,93793
16664,1542,93800
16665,10998,93800
16666,20617,93800
16667,141,93801
16668,3849,93801
16669,6386,93960
16671,15176,94034
16672,19704,94034
16674,26556,94050
16676,14849,94078
16677,6967,94099
16678,15179,94099
16679,15182,94099
16680,6930,94101
16681,18473,94102
16682,27213,94102
16683,21569,94106
16685,4260,94114
16687,11067,94127
16689,17589,94128
16690,6529,94136
16691,6530,94136
16692,9096,94144
16693,15884,94149
16694,17834,94150
16695,3519,94154
16698,15177,94157
16699,14850,94158
16700,17662,94158
16701,15186,94165
16702,15188,94166
16703,16657,94168
16704,3532,94170
16705,12730,94170
16706,12349,94172
16707,21590,94173
16708,7015,94175
16709,7016,94175
16710,15343,94179
16712,1031,94183
16715,16178,94183
16716,19418,94186
16719,20722,94190
16720,20723,94190
16721,11103,94195
16722,14853,94195
16723,10533,94209
16724,6549,94224
16725,25705,94225
16726,17028,94227
16727,19330,94227
16728,19352,94243
16729,15193,94250
16730,15528,94250
16732,18500,94334
16733,2882,94430
16734,2882,94435
16735,15205,94430
16736,15205,94435
16739,7554,94433
16740,11443,94439
16742,2901,94440
16743,19955,94440
16744,20729,94440
16746,20278,94443
16747,15208,94445
16748,11472,94447
16749,11473,94447
16750,2119,94449
16751,14860,94450
16752,672,94456
16753,8024,94456
16754,17106,94456
16757,10695,94503
16759,11716,94503
16760,4826,94508
16761,6835,94508
16764,7846,123743
16767,17109,94518
16768,5931,94521
16770,26894,94527
16771,6202,94533
16772,15228,94533
16773,15797,94533
16774,27084,94533
16775,15232,94554
16776,5516,94574
16778,14748,94574
16779,20508,94574
16780,20509,94574
16781,20510,94574
16782,15240,94587
16783,15240,94588
16785,6061,94640
16786,15455,94640
16787,16292,94640
16790,10487,94666
16791,20523,94666
16793,15264,94671
16794,14581,94739
16795,10426,94762
16796,3303,94765
16798,22235,94773
16799,8455,94811
16800,9849,94811
16801,15322,94811
16802,3546,94830
16803,20337,94835
16804,10718,94836
16808,18034,94881
16809,18034,137120
16810,19268,94888
16812,26770,94947
16813,14487,148866
16814,3073,148866
16815,25156,193551
16817,25154,193551
16818,25155,193551
16819,15342,95002
16820,27677,95002
16821,19193,95008
16822,14899,95055
16823,1553,95081
16824,10886,95081
16827,22319,95101
16829,15353,95132
16830,1289,95180
16836,17569,95194
16837,17569,112947
16838,17569,112948
16839,17569,112951
16840,17569,137252
16841,17569,140919
16842,26857,95194
16843,26857,112948
16844,26857,112951
16845,26857,140919
16846,9471,95195
16847,17881,95195
16848,7697,95228
16849,14593,95228
16851,4913,95233
16853,15673,95233
16854,8617,95250
16856,8619,95250
16857,15749,95252
16859,26576,95258
16861,6321,95265
16863,11339,95265
16866,12892,95268
16867,12893,95268
16870,20432,95319
16871,8015,95326
16872,8016,95326
16876,3206,95396
16877,3206,95404
16878,15411,95396
16879,15411,95404
16880,1525,95401
16881,14929,95401
16882,5650,95407
16883,14928,95407
16884,27481,95408
16885,8266,95409
16887,6130,95411
16888,6131,95411
16891,3091,95412
16892,3092,95412
16893,13347,95413
16894,1455,95421
16895,6291,95421
16896,17310,95421
16897,20694,95421
16898,15418,95424
16899,26040,95426
16900,27441,95426
16901,2345,95475
16903,21877,95519
16904,19759,95520
16908,3148,95540
16909,3148,132132
16911,9873,95568
16912,15045,95576
16913,5144,95708
16915,13332,95743
16916,13333,95743
16917,5109,95971
16918,11437,95971
16919,18197,95971
16921,26997,96036
16922,7718,96044
16923,7718,108387
16924,15807,96044
16925,15807,108387
16926,8212,96065
16932,17622,96091
16933,17622,96486
16934,26829,96091
16935,26829,96486
16936,15513,96101
16937,15515,96103
16938,16345,96148
16940,26998,96149
16943,10858,96258
16945,18460,96282
16946,22478,96282
16947,1572,96286
16949,17039,96287
16951,1624,96290
16954,18466,96290
16955,9995,96301
16956,15541,96303
16958,16156,96304
16959,19065,96304
16960,12525,96328
16961,19162,96335
16962,15546,96339
16965,17548,96339
16966,6448,96354
16970,1847,96361
16971,14674,96361
16972,535,96362
16973,535,111372
16974,536,96362
16975,536,111372
16976,6423,96362
16977,6423,111372
16978,6424,96362
16979,6424,111372
16981,1025,96365
16982,15489,96370
16984,16179,96383
16985,19871,96403
16986,4944,96405
16987,4945,96405
16988,7818,96405
16989,8314,96405
16991,15555,96406
16992,8660,96410
16993,8660,147505
16994,15556,96410
16995,15556,147505
16996,27763,96410
16997,27763,147505
16998,15537,96411
17000,15607,96431
17003,10378,96434
17004,1374,96436
17005,13952,96436
17006,22419,96436
17007,4873,96450
17009,7303,96463
17010,5664,96469
17013,13992,96474
17016,6906,96476
17017,15798,96476
17018,18237,96476
17019,9753,96478
17021,1603,96479
17023,15460,96479
17024,15827,96479
17025,17185,96480
17026,5674,96483
17028,7415,96491
17031,15571,96500
17032,15573,96513
17033,15574,96513
17034,6923,96517
17035,11792,96517
17037,11718,96521
17038,7133,96524
17039,8700,96524
17040,10196,96524
17041,12383,96525
17042,15245,96525
17043,743,96529
17044,1552,96529
17045,20595,96529
17046,20485,96537
17047,25907,96537
17048,1577,96538
17050,363,96540
17052,4835,96544
17053,10347,96544
17055,17216,96551
17056,6468,96559
17057,8950,96559
17058,8858,96579
17059,7914,96582
17060,15923,96582
17061,5636,96585
17062,7704,96585
17063,14133,96585
17065,2884,96591
17066,2886,96591
17067,7677,96591
17069,7481,96599
17071,9890,96606
17073,2856,96608
17076,15458,96609
17077,9752,96615
17078,14208,96615
17079,14209,96615
17080,20096,96617
17083,1512,96619
17084,1569,96619
17085,10217,96619
17086,1522,96624
17087,14913,96624
17089,16893,96625
17090,14949,96632
17091,14950,96632
17092,14951,96632
17093,15589,96632
17097,15594,96670
17098,5209,96675
17099,5209,96677
17100,5772,96675
17101,5772,96677
17102,27962,96675
17103,27962,96677
17104,27963,96675
17105,27963,96677
17106,16280,96692
17107,16281,96692
17108,16693,96692
17109,16794,96692
17110,17325,96692
17111,15814,96694
17113,5623,96695
17114,5624,96695
17115,5625,96695
17116,6804,96695
17117,1578,96698
17119,20821,96702
17120,9095,96704
17121,14063,96707
17122,14064,96707
17123,25634,96707
17124,25635,96707
17125,14668,96708
17126,15603,96712
17127,15604,96712
17128,15605,96712
17130,16739,96712
17131,26973,96712
17132,66,96713
17133,5069,96713
17134,14309,96713
17135,28036,96713
17136,4804,96720
17137,15804,96720
17138,3219,96739
17139,1571,96741
17140,2987,96741
17142,4258,96744
17144,6571,96745
17145,15820,96745
17146,19730,96746
17147,356,96749
17148,3314,96752
17149,12435,96753
17150,17121,96766
17151,17122,96766
17154,20143,96767
17155,2912,96769
17157,22440,96772
17158,27146,96772
17159,558,96774
17160,3585,96774
17162,1662,96777
17163,12532,96777
17164,18,96778
17166,20592,96778
17167,22429,96778
17168,17595,96788
17169,20590,96789
17172,7653,96793
17173,7653,98727
17175,25613,96797
17176,25614,96797
17178,995,96849
17180,18198,96849
17181,1581,96883
17182,10460,96883
17183,10827,96883
17184,19093,96883
17185,20801,96883
17186,6839,96890
17187,6839,124683
17188,8275,96890
17189,8275,124683
17190,1157,96911
17191,1158,96911
17192,3495,96911
17193,8839,96916
17194,15631,96916
17195,17990,96919
17196,17991,96919
17198,8371,96921
17199,9979,96921
17202,19907,96921
17203,1583,96929
17204,5313,96929
17206,7246,96930
17208,3659,96990
17209,3660,96990
17210,3661,96990
17211,27828,97014
17214,5935,97038
17215,5936,97038
17216,16949,97038
17217,18309,97038
17218,1622,97047
17219,1622,97053
17220,18456,97047
17221,18456,97053
17222,15677,97047
17223,15677,97053
17228,16302,97079
17229,16302,137475
17230,16302,139759
17231,25862,97079
17232,25862,137475
17233,25862,139759
17234,1736,97085
17235,1737,97085
17236,10152,97085
17239,15643,97140
17242,27046,97170
17243,27046,155277
17245,3149,97177
17246,6615,97177
17247,7863,97177
17248,7295,97189
17249,7296,97189
17250,16078,97254
17251,6229,97269
17252,6229,138030
17253,1570,97284
17254,4980,97284
17255,15934,97284
17257,3831,97316
17258,15630,97316
17259,20129,97316
17260,457,97345
17262,16850,97345
17263,15864,97412
17264,17477,97413
17265,4082,97460
17270,4679,97487
17271,11868,97491
17272,11868,123391
17273,21166,97491
17274,21166,123391
17275,21245,97491
17276,21245,123391
17279,328,97514
17280,329,97514
17281,8533,97514
17282,3392,97518
17284,13929,97518
17285,921,97519
17286,9346,97519
17288,13211,97519
17289,11926,97522
17290,1144,97556
17291,9793,97556
17292,15776,97580
17293,364,97631
17294,12017,97631
17296,1454,97642
17297,11317,97643
17298,12362,97647
17299,19586,97647
17301,14715,97673
17303,3072,97674
17304,6305,97674
17306,15334,97739
17307,12279,97748
17308,12279,144296
17309,27054,97782
17310,8344,97789
17311,25639,97789
17313,16027,97793
17314,16992,97793
17315,17761,97975
17316,592,98005
17317,13366,98006
17318,13368,98006
17325,5758,98252
17326,11303,98252
17327,19875,98252
17334,13633,98428
17335,5531,98456
17344,6709,98525
17347,15685,98532
17348,15902,98532
17349,15903,98532
17350,16750,98541
17351,15910,98582
17354,2978,98618
17355,22227,98618
17356,10,98619
17358,14463,98619
17359,5416,98635
17360,8860,98636
17361,11131,98639
17362,6205,98642
17366,18477,98645
17367,18444,98658
17368,865,98679
17370,8503,98679
17371,194,98740
17375,3786,98740
17378,7216,98743
17381,15980,98960
17382,5621,98966
17393,7877,99042
17394,19242,99042
17395,3842,99083
17396,3842,201646
17398,448,99175
17400,2150,99175
17401,5141,99175
17402,9077,99193
17403,19643,99193
17405,4331,99210
17406,17924,99210
17407,9155,99211
17408,8722,99214
17410,16468,99243
17411,16469,99244
17412,21141,99244
17413,19568,99258
17414,27571,99258
17415,16010,99286
17417,12043,99318
17418,16099,99318
17419,24897,193456
17423,7689,99544
17424,7100,99569
17425,7100,147450
17428,7337,99569
17429,7337,147450
17430,16770,99643
17431,1088,99692
17432,7011,99692
17433,8420,99692
17434,1936,99697
17435,615,99717
17436,2184,99717
17438,18482,99717
17440,1626,99718
17443,21456,99724
17444,25770,99724
17445,27711,99724
17446,1687,99725
17450,594,99742
17451,1408,99742
17452,4843,99742
17453,15424,99742
17454,17213,99742
17457,5538,99761
17458,21481,99761
17459,10495,99777
17460,20224,99777
17461,20229,99777
17463,18739,99782
17464,20032,99782
17467,4414,99800
17468,10513,99800
17469,12853,99800
17470,22394,99800
17472,19642,99804
17473,19765,99819
17476,18551,99835
17478,4805,99838
17479,4805,149446
17480,4806,99838
17481,4806,149446
17486,23086,99852
17494,16101,99867
17498,23785,99870
17499,10692,99882
17504,16251,99890
17517,1448,99903
17518,16254,99903
17522,3537,99907
17525,16258,99915
17528,4322,99917
17529,11298,99917
17530,11299,99917
17531,12663,99933
17536,13747,99935
17537,13748,99935
17539,5373,99939
17540,5699,99939
17544,14613,99944
17547,7175,99953
17563,18457,99983
17564,5086,99984
17565,3336,100014
17566,11326,100028
17568,28040,100034
17570,19773,100132
17573,13062,100257
17574,27391,100258
17575,43,100265
17576,8421,100270
17577,8421,100271
17580,14706,100270
17581,14706,100271
17582,9241,100288
17583,9244,100288
17585,4448,100291
17586,906,100298
17587,1690,100298
17588,9255,100298
17589,10172,100298
17591,10321,100329
17594,4444,100349
17595,13503,100351
17596,7005,100363
17598,1843,100367
17599,5515,100367
17600,16017,100367
17601,840,100372
17602,2187,100372
17603,16761,100372
17604,16405,100373
17605,6986,100390
17607,27792,100407
17611,24995,193463
17612,6704,100415
17613,16429,136188
17617,6136,100426
17618,6137,100426
17619,6868,100432
17620,5297,100436
17621,3385,100468
17622,16015,100469
17623,17813,100469
17624,17814,100469
17627,17817,100469
17629,1871,100482
17631,4838,100522
17632,16031,100523
17634,1700,100526
17635,15259,100526
17636,27625,100526
17638,13903,100536
17643,14546,100581
17644,2395,100601
17646,20574,100601
17649,4521,100604
17650,16352,100604
17651,13372,100605
17652,13372,107116
17653,13372,107168
17654,16029,100605
17655,16029,107116
17656,16029,107168
17657,21539,100605
17658,21539,107116
17659,21539,107168
17660,16721,100605
17661,16721,107116
17662,16721,107168
17663,1472,100611
17664,21520,100617
17665,13040,100618
17667,3628,100620
17668,16362,100620
17669,20771,100623
17670,22067,100623
17672,10830,100669
17673,4510,100671
17674,387,100688
17676,5188,100688
17678,22041,100691
17680,9802,100706
17682,25829,100706
17683,4194,100714
17684,16378,100714
17685,18243,100714
17687,25646,100740
17688,25646,117345
17689,5705,100741
17691,10616,100741
17692,165,100747
17694,1607,100763
17697,21957,100763
17698,10046,100770
17699,15558,100770
17700,17943,100770
17701,28035,100771
17703,304,100782
17704,101,100801
17705,2763,100801
17706,4376,100801
17708,6184,100807
17709,21219,100807
17710,13601,100812
17711,27782,100812
17712,5468,100813
17715,16700,100826
17716,16700,101251
17721,5161,100863
17722,7698,100863
17723,9454,100863
17724,11129,101005
17725,11130,101005
17726,26902,101005
17727,20135,101042
17729,17040,101052
17730,21263,101052
17731,13389,101079
17732,22212,101079
17733,19776,101080
17734,20793,101080
17736,5432,101081
17737,27947,101081
17740,9783,101103
17741,10509,101103
17742,15944,101112
17743,22299,101112
17744,1434,101114
17745,1435,101114
17747,16415,101114
17748,16416,101132
17751,15278,101135
17752,18097,101136
17753,1421,101138
17755,17350,101142
17756,18598,101142
17757,1712,101144
17758,15318,101144
17759,17279,101144
17760,25943,101144
17762,8923,101187
17763,18615,101187
17765,2097,101198
17766,19979,101212
17768,12604,101234
17770,3647,101238
17771,10418,101238
17772,14109,101239
17774,19844,101246
17775,7759,101247
17776,8934,101247
17777,5952,101254
17780,20549,101291
17782,27394,101341
17783,6243,101352
17789,14466,101374
17791,20153,101376
17792,7830,101380
17793,17999,101380
17796,1228,101404
17797,3147,101404
17799,21797,101430
17800,21797,145178
17801,2924,101432
17803,2926,101432
17804,12099,101436
17813,164,101637
17814,19859,101637
17817,11456,101640
17820,11260,101679
17822,19480,101710
17824,21003,101728
17825,745,101729
17826,14755,101729
17827,24968,193320
17828,25252,193320
17830,25869,101783
17831,25870,101783
17833,6193,101814
17834,17024,101848
17835,20778,101848
17837,16459,101854
17838,16430,101855
17839,16431,101855
17840,15097,101861
17841,5941,101863
17842,12745,101863
17845,21652,101863
17846,6114,101871
17847,8069,101871
17849,18221,101871
17850,3134,101875
17854,1250,101891
17855,2502,101892
17857,27579,101892
17861,12879,101907
17864,18278,101907
17866,19132,101916
17867,20626,101916
17868,21618,101916
17870,1143,101940
17871,15409,101940
17872,11098,101941
17874,13725,101946
17877,19028,101949
17879,3747,101960
17880,14769,101960
17886,16226,101963
17887,10640,101966
17892,996,101990
17893,2438,101990
17894,4590,101990
17895,4591,101990
17896,14447,101992
17897,14448,101992
17898,7956,102011
17899,16507,102011
17901,8032,102013
17904,2330,102168
17905,2330,102180
17906,2353,102168
17907,2353,102180
17908,3161,102168
17909,3161,102180
17910,5493,102168
17911,5493,102180
17912,16528,102175
17913,16529,102175
17915,18318,102178
17916,2163,102199
17917,15897,102199
17918,25775,102199
17919,595,102226
17921,1410,102226
17923,15459,102226
17924,1215,102237
17925,3273,102237
17926,7322,102239
17927,7550,102239
17928,14307,102239
17929,11758,102243
17930,12120,102243
17931,12123,102243
17932,18047,102255
17933,7158,102256
17934,7167,102256
17935,17835,102256
17936,27282,102256
17937,4161,102257
17938,4163,102257
17939,11094,102257
17940,14051,102257
17941,8337,102265
17944,11058,102305
17945,11058,102306
17947,16073,102307
17948,25615,102307
17949,1085,102314
17950,16543,102314
17951,2408,102315
17952,2408,102321
17955,19781,102315
17956,19781,102321
17957,16071,102329
17958,16074,102329
17960,18048,102383
17961,2196,102392
17962,2196,138186
17963,2880,102402
17964,16547,102403
17965,5478,102436
17966,10243,102455
17967,10243,200221
17968,5899,102456
17969,11636,102456
17971,16462,102457
17972,19477,102458
17973,19477,102479
17974,19477,102481
17975,19477,126913
17977,5520,102483
17978,2633,102484
17979,5961,102484
17982,9880,102486
17984,15113,102508
17986,28011,102511
17987,9057,102524
17989,16548,102524
17990,18692,102532
17992,27799,102540
17993,13761,102549
17994,22150,102570
17995,14019,102576
17996,16554,102580
17997,4576,102632
17998,4577,102632
17999,12572,102632
18000,11359,102642
18001,21713,102642
18002,478,102674
18003,1404,102675
18004,6845,102675
18019,13727,102717
18020,1057,102720
18021,6334,102720
18024,1439,102722
18025,13131,102723
18026,15846,102723
18029,26440,102728
18030,739,102730
18032,10943,102734
18038,12385,102737
18043,1855,102741
18045,5868,102741
18049,13959,102745
18050,22042,102745
18051,18688,102746
18057,1013,102757
18058,3406,102757
18061,1879,102768
18062,16638,102768
18068,1174,102773
18070,2253,102823
18071,2253,103529
18072,2253,104014
18073,10242,102823
18074,10242,103529
18075,10242,104014
18076,18723,102823
18077,18723,103529
18078,18723,104014
18079,11087,151056
18086,1623,102880
18088,10431,102895
18089,16819,102896
18090,5914,102912
18091,10302,102912
18093,7284,102914
18094,7285,102914
18095,7286,102914
18096,7287,102914
18097,14704,102914
18098,19265,102914
18100,3136,102927
18101,3145,102927
18102,19336,102927
18103,20029,102927
18104,15675,102928
18105,15656,102940
18108,26111,102967
18114,6106,106836
18115,10850,106836
18116,17100,106836
18117,19198,102998
18119,12007,103001
18122,1037,103014
18125,2236,103020
18135,5437,108655
18136,8494,108655
18143,15984,103047
18146,10400,103070
18147,19316,103070
18152,21017,103119
18153,2964,103121
18154,7060,103121
18160,10554,103171
18161,14372,103171
18162,19048,103171
18165,14326,108700
18166,14324,108700
18167,14325,108700
18176,11794,103222
18179,12452,103234
18180,1957,103240
18186,2225,103295
18190,14966,103299
18191,19835,103299
18192,12343,103313
18193,19699,103313
18197,11628,103325
18199,6181,103331
18200,25121,193429
18203,894,103340
18204,19475,103342
18205,19475,131903
18210,9453,103344
18211,8293,103360
18212,19341,103362
18213,18918,103363
18214,19645,103363
18218,19357,103383
18224,12794,103401
18231,17081,103410
18232,19491,103410
18234,19554,103411
18235,10901,103414
18237,19273,103452
18238,664,103455
18241,14270,103459
18242,2061,103460
18243,11973,103466
18246,18571,103469
18247,19356,103472
18248,19356,131989
18249,25062,193434
18252,11549,103517
18253,11549,104156
18254,11549,104350
18255,4460,103517
18256,4460,104156
18257,4460,104350
18261,19612,103520
18262,1083,103522
18264,27605,103522
18265,27617,103522
18266,6883,103526
18267,11863,103527
18268,19384,103528
18275,6543,103567
18278,2965,103590
18279,10319,103590
18282,17860,103601
18283,17861,103601
18288,8664,103609
18293,14937,103613
18298,7600,103616
18299,7600,105573
18300,7600,120730
18301,7600,131908
18302,11334,103616
18303,11334,105573
18304,11334,120730
18305,11334,131908
18310,16097,103616
18311,16097,105573
18312,16097,120730
18313,16097,131908
18314,25053,193413
18319,14895,103652
18322,11981,103656
18325,11503,103659
18331,26059,103672
18332,26532,103672
18335,11123,103675
18341,3095,103697
18349,19416,103705
18350,8121,103709
18351,19332,103709
18352,21226,103709
18353,4735,103720
18360,2051,103737
18361,2051,105777
18364,4850,103749
18365,19248,103749
18369,18174,103760
18370,10683,103761
18371,14649,103761
18375,1237,103770
18376,14648,103770
18384,15344,103810
18385,15345,103810
18386,19259,103810
18394,18339,103825
18396,2857,103828
18399,15907,139499
18400,5687,103835
18401,22124,103835
18404,6331,103842
18406,1456,103859
18407,26434,103859
18409,17742,103860
18438,24533,103915
18443,21135,103924
18448,7650,103936
18449,16864,103936
18451,25014,193435
18453,19799,103950
18460,3847,103968
18472,1238,103990
18473,1892,103995
18478,15275,104011
18486,2079,104035
18487,25259,193343
18488,25142,193343
18489,25234,193343
18491,4175,104074
18492,7420,104075
18493,360,104080
18494,19484,104095
18495,19485,104095
18497,8627,104110
18499,44,104118
18501,11936,104124
18503,7426,104125
18504,17451,104125
18507,21777,104126
18508,2922,104132
18509,2923,104132
18516,366,104155
18517,27303,104155
18524,4502,193401
18525,25162,193401
18529,26912,104170
18532,3169,104173
18536,19486,104184
18538,6547,104193
18539,6605,104193
18548,6926,104212
18552,26494,104220
18555,9080,104225
18557,17929,104225
18561,15395,104241
18562,15395,104315
18563,15395,155527
18564,15396,104241
18565,15396,104315
18566,15396,155527
18567,16806,104241
18568,16806,104315
18569,16806,155527
18572,4405,193451
18573,19535,104247
18575,25180,193443
18577,1794,104250
18578,19540,104250
18579,21107,104250
18580,7766,104258
18582,25313,193423
18588,14280,104265
18595,3466,104269
18596,8182,104269
18597,19423,104274
18598,20123,104277
18599,20123,104278
18602,11420,104282
18603,18903,104282
18604,18904,104282
18608,670,104299
18613,14050,104308
18614,21076,104309
18616,22125,104314
18617,8654,104319
18618,21576,104319
18627,11902,104331
18629,10687,104332
18633,8868,104355
18639,4094,193438
18640,4081,193438
18641,4095,193438
18642,3765,104374
18643,25838,104389
18644,12147,134252
18645,1140,104393
18647,18170,118687
18648,10429,104407
18651,7527,104416
18653,18547,104416
18654,22077,104416
18666,6031,104436
18667,10948,104436
18668,15112,104436
18671,19601,104478
18675,9118,104483
18682,4900,104502
18683,5116,104502
18684,5122,104510
18691,20028,104516
18692,4346,193442
18693,19771,104520
18695,19597,104531
18697,19301,104604
18698,19301,132255
18699,19302,104604
18700,19302,132255
18701,19504,104604
18702,19504,132255
18703,3595,104881
18706,5045,104957
18707,18725,105020
18713,466,105381
18715,21620,105387
18716,21620,105560
18718,19465,105395
18722,5474,105404
18723,5475,105404
18724,7586,105404
18725,12010,105415
18730,6932,105433
18731,25182,193415
18732,25250,193415
18733,6374,105448
18734,11994,105448
18735,5049,105449
18736,5050,105449
18737,5051,105449
18744,6675,105469
18745,16652,105469
18747,26324,105477
18748,319,105482
18749,319,134630
18754,16283,105491
18755,19353,105496
18757,21352,105502
18759,6262,105507
18760,17578,105507
18761,1227,105508
18764,8517,105520
18777,10292,105569
18778,10292,131671
18779,10293,105569
18780,10293,131671
18793,6522,105595
18794,6523,105595
18795,25612,105598
18798,19361,105610
18801,26014,105615
18809,6959,105622
18810,6960,105622
18812,16079,105626
18813,16079,105627
18820,25075,193441
18821,21009,105643
18824,6360,105652
18825,21261,105667
18830,6559,105685
18831,6560,105685
18837,3618,105703
18838,20630,105709
18839,10559,105710
18840,16564,105712
18841,25278,193433
18844,25017,193392
18847,21302,105744
18848,11086,105747
18852,22022,105752
18853,25190,193389
18857,11224,105757
18859,1828,105758
18860,25319,193450
18861,224,193403
18862,27652,105768
18863,27653,105768
18864,25045,193408
18865,25666,193408
18866,2620,193408
18867,551,105770
18870,12746,105809
18871,12776,105814
18873,6587,105845
18878,5440,105884
18880,14198,105884
18881,9102,105956
18882,6394,105993
18883,6395,105993
18887,25304,193497
18890,15982,106034
18891,15982,132171
18893,5852,106104
18894,12333,106104
18895,18574,106119
18896,26452,106119
18898,12312,106128
18901,17862,106142
18905,2592,106193
18906,18586,106193
18911,27580,106209
18913,20057,106251
18914,19519,106275
18915,22825,168816
18916,23503,168816
18918,23531,168816
18919,25539,168816
18920,19300,106280
18927,3757,106294
18928,19505,106329
18929,22130,106329
18930,2952,106350
18931,4237,106350
18933,16182,106407
18935,22292,106407
18936,18302,106438
18937,1590,106443
18938,19337,106443
18939,6319,106458
18940,12744,106458
18941,21111,106458
18942,21112,106458
18943,12659,106459
18944,26792,106492
18945,8086,106504
18946,13458,106517
18947,3738,106518
18950,8633,106541
18953,731,106576
18955,5368,106582
18956,8624,106590
18958,2542,106602
18960,15234,106623
18963,18423,106625
18964,1731,106626
18965,1732,106626
18967,27144,106626
18968,15308,106639
18969,2473,106655
18970,17085,106656
18971,15848,106657
18972,10999,106665
18974,17182,106667
18975,19522,106680
18976,2172,106793
18977,8832,106824
18978,9816,106824
18979,19164,106824
18982,25658,106825
18983,15829,106827
18985,16705,106838
18986,18749,106838
18987,18750,106838
18989,19219,106890
18990,19298,106890
18991,9044,106897
18993,1788,106925
18994,5374,106925
18995,18287,107198
19001,377,193319
19002,6504,106968
19004,15155,106988
19005,16121,106988
19006,16122,106988
19009,19528,107024
19014,10528,107054
19015,2241,107058
19017,8283,107058
19018,6654,107061
19019,16120,107061
19020,9607,107092
19021,13216,107092
19022,14585,107092
19023,18138,107092
19024,18139,107092
19025,5053,107101
19026,5053,107496
19027,5054,107101
19028,5054,107496
19029,10376,107101
19030,10376,107496
19031,8365,107105
19032,8365,107111
19033,8865,107105
19034,8865,107111
19035,14214,107105
19036,14214,107111
19037,5627,107105
19038,5627,107111
19039,7717,107107
19041,9597,107117
19042,27916,107117
19043,21429,107118
19044,4292,107141
19045,18193,107141
19048,15227,107143
19050,3824,107146
19051,3824,124048
19052,9687,107148
19053,445,107149
19054,5827,107149
19055,10090,107149
19056,10091,107149
19061,22236,107156
19062,7386,107158
19063,9831,107159
19064,8434,107162
19065,3592,107164
19066,13083,107164
19067,3269,107165
19068,3269,140969
19069,3269,147235
19076,9594,107165
19077,9594,140969
19078,9594,147235
19079,10129,107165
19080,10129,140969
19081,10129,147235
19082,10128,107165
19083,10128,140969
19084,10128,147235
19085,6264,107169
19086,17461,107170
19087,3270,107171
19089,11283,107172
19091,16725,107181
19093,8470,107182
19094,12106,107182
19095,1153,107206
19098,14806,107218
19100,15106,107227
19101,15000,107236
19102,19136,107236
19104,20731,107237
19106,12699,107238
19107,12699,119241
19113,2098,107277
19114,6688,107277
19115,16053,107278
19117,11060,107296
19120,985,107300
19121,985,107301
19122,984,107300
19123,984,107301
19124,16768,107302
19125,16768,107303
19126,27368,107302
19127,27368,107303
19128,16555,107446
19129,13129,107467
19130,16077,107467
19131,20512,107467
19132,16733,107477
19133,3590,107483
19134,3590,107494
19135,19849,107483
19136,19849,107494
19137,19850,107483
19138,19850,107494
19139,19851,107483
19140,19851,107494
19142,9552,107523
19143,9553,107523
19144,14870,107523
19145,16734,107523
19149,20307,107583
19150,20308,107583
19152,13026,107585
19153,16127,107692
19154,5629,107735
19156,9336,107769
19157,15742,107769
19159,7721,107774
19160,18098,107774
19161,27990,107774
19162,6092,107783
19164,27058,107784
19165,7873,107787
19166,599,107802
19167,7189,107802
19168,18056,107815
19169,18555,107815
19170,25594,107815
19171,17284,107823
19172,27703,107823
19173,1413,107824
19174,1413,118942
19177,27934,107827
19178,27934,107834
19179,1647,107828
19182,7972,107840
19184,17263,107840
19185,17966,107847
19188,21696,107906
19190,16147,107992
19191,6439,108003
19194,10702,108022
19195,12020,108022
19196,7871,108052
19197,21613,108052
19198,1703,108067
19200,11662,108098
19201,18700,108098
19202,19713,108141
19203,12287,108142
19204,210,108150
19205,17082,108150
19207,1069,108215
19208,11999,108215
19210,12574,108240
19213,9891,108262
19214,13067,108272
19215,13068,108272
19216,13069,108272
19217,21164,108274
19220,15441,108335
19222,12921,108390
19225,22282,108462
19230,13919,108468
19231,16871,108468
19234,1195,108471
19237,6718,108528
19240,17640,108605
19241,17640,108606
19247,8683,108637
19248,25817,108637
19249,25818,108637
19252,27068,135944
19254,16909,108644
19255,16916,108644
19256,20550,108674
19257,20780,108674
19258,5688,108680
19261,5394,108686
19264,12786,108690
19265,16917,108690
19267,17116,108690
19268,6696,108693
19269,15839,108693
19272,16910,108694
19273,13459,108696
19274,13459,145174
19275,16428,108696
19276,16428,145174
19277,12103,108703
19279,16921,108706
19280,7017,108757
19285,21328,108815
19286,21328,133930
19287,27613,108928
19292,24691,108974
19293,27745,108974
19295,20146,109069
19297,15856,109262
19298,12018,109263
19299,4281,109264
19302,18774,109320
19303,21846,109320
19316,2022,109399
19317,2022,109407
19318,2022,133923
19319,2022,136103
19320,13943,109407
19321,13943,136103
19324,16062,109549
19326,22145,109563
19327,15817,109576
19328,15817,147553
19329,15817,147619
19330,4091,109577
19331,15466,109577
19334,9898,109606
19335,9898,109607
19336,7048,109614
19337,15247,109614
19338,22458,109614
19340,13283,109615
19341,9404,109619
19343,2636,109640
19344,2020,109642
19345,5265,109642
19347,13252,109643
19349,22415,109669
19350,16955,109712
19353,18284,109815
19354,18321,109815
19355,16815,109817
19356,16815,119243
19357,18156,109817
19358,18156,119243
19359,17831,109818
19360,17831,122601
19361,17830,109818
19362,17830,122601
19363,17832,109818
19364,17832,122601
19365,21546,109819
19366,2056,109828
19367,2057,109828
19368,27979,109828
19369,25167,193589
19372,25168,193589
19373,10658,109838
19375,795,109913
19376,15628,109913
19377,17160,109913
19379,6201,109915
19385,16978,109922
19386,16978,147628
19391,20593,109922
19392,20593,147628
19394,9411,109932
19396,22482,109945
19397,20238,109946
19399,16984,109947
19411,16191,110125
19412,17021,110125
19413,25219,193559
19414,25730,110170
19415,7108,110173
19416,16193,110180
19417,17026,110180
19419,17029,110197
19420,775,110218
19421,775,110219
19422,18830,110218
19423,18830,110219
19426,5073,110249
19427,7324,110249
19431,21493,110274
19432,9219,110275
19433,17034,110275
19436,6972,110279
19437,8075,110290
19438,8075,110304
19440,15799,110293
19442,1500,110332
19445,7790,110370
19447,16504,110370
19453,11708,110480
19454,11960,110480
19455,14330,110480
19456,6009,110481
19457,7879,110481
19459,22497,110481
19460,860,110482
19461,861,110482
19464,17361,110482
19466,17056,110484
19467,10374,110491
19468,25733,110491
19472,23166,174543
19473,23204,174543
19478,20538,110506
19482,267,110526
19483,2072,110526
19484,26858,110527
19485,1836,110529
19486,4447,110529
19487,11435,110529
19488,18200,110531
19489,1208,110536
19490,11591,110536
19491,17059,110541
19493,17101,110557
19495,3723,110585
19499,6974,110735
19500,12487,110745
19503,5545,110778
19504,27713,110778
19507,17222,110796
19508,6912,110816
19509,19179,110816
19510,11781,110822
19511,17089,110822
19512,20097,110822
19513,9425,110829
19514,9425,147185
19515,11055,110856
19516,13752,110856
19519,17103,110871
19520,17103,144830
19521,22920,163294
19522,22921,163294
19523,22922,163294
19524,8932,110921
19527,27730,110921
19528,17736,110953
19529,17736,114615
19530,17736,143532
19531,16924,110953
19532,16924,114615
19533,16924,143532
19535,16619,110951
19542,27623,110966
19543,27623,111016
19544,16935,110973
19545,441,110987
19546,11577,110983
19547,11577,114776
19548,17124,110983
19549,17124,114776
19550,18797,110984
19551,17741,110998
19552,108,111002
19553,23271,111007
19554,23272,111007
19558,8628,111042
19559,18144,111064
19560,6195,111079
19562,9694,111079
19563,21930,111079
19564,20936,111080
19565,4438,111090
19566,662,111104
19567,7445,111104
19568,4250,111107
19569,14065,111107
19571,28027,111139
19572,17202,111191
19578,19155,111262
19580,19157,111262
19581,13621,111284
19582,1769,111293
19583,12768,111293
19584,435,111306
19586,17309,111306
19590,6268,111350
19591,26809,111350
19593,4799,111403
19596,17327,111403
19598,3717,111404
19600,10194,111404
19601,20098,111404
19602,195,111410
19603,753,111410
19604,884,111410
19605,14247,111472
19606,14248,111472
19607,14249,111472
19608,17344,111479
19609,17344,111480
19610,9679,111491
19611,13422,111491
19612,13423,111491
19613,21458,111499
19614,1686,111511
19615,1686,146950
19618,1178,111529
19621,17369,111624
19622,17369,111625
19623,13028,111675
19624,25866,111675
19625,16018,111678
19627,17438,111678
19628,22443,111678
19629,5513,111702
19630,12408,111702
19631,3570,111713
19638,18290,111844
19639,18290,131577
19640,18882,111844
19641,18882,131577
19643,24342,111868
19644,24388,111868
19645,24389,111868
19646,16314,111872
19647,20205,111881
19649,20724,111882
19650,3255,111886
19651,17376,111886
19652,8986,111888
19653,12427,111888
19655,27227,111889
19656,3296,111892
19657,17133,111893
19658,16143,111894
19659,9030,111895
19660,17481,112088
19662,19363,112095
19664,6404,112119
19665,16490,112119
19666,16491,112119
19667,17488,112127
19668,17378,112128
19675,17496,112186
19676,17496,129113
19677,17496,141713
19687,7306,112220
19688,19436,112294
19689,19437,112294
19692,9654,112347
19693,5087,112363
19694,19303,112363
19695,19304,112363
19696,17515,112377
19697,11491,112378
19698,17517,112407
19699,17303,112434
19701,5944,112437
19702,11862,112466
19703,17522,112471
19704,9917,112477
19705,9918,112477
19706,1886,112491
19707,3869,112491
19708,2947,112492
19709,15705,112492
19710,17523,112492
19712,17526,112498
19714,1890,112503
19715,1891,112503
19716,16020,112503
19717,1048,193350
19720,25321,193350
19721,6544,112527
19722,25599,112527
19723,5386,112534
19724,5387,112534
19727,18738,112537
19728,15857,112539
19729,3820,112568
19730,3820,139284
19731,3837,112568
19732,3837,139284
19733,9908,112568
19734,9908,139284
19738,17947,112641
19739,6941,112672
19741,17681,112680
19744,3240,112796
19745,5229,112796
19746,5916,112796
19748,6729,112796
19753,11705,112817
19754,5201,112821
19755,11934,112821
19757,7900,112829
19759,17560,112829
19760,17561,112829
19761,17562,112829
19766,19580,112860
19767,21045,112860
19768,12357,112872
19769,27055,112872
19771,1994,112940
19776,18417,112956
19780,25589,193269
19781,25217,193269
19785,20994,113146
19787,14449,113160
19788,15462,113160
19790,7292,113189
19791,13569,113189
19793,17593,113189
19794,2936,113250
19795,2936,116826
19796,2936,135907
19797,2936,154053
19798,433,113285
19799,433,113286
19800,2396,113295
19801,6594,113295
19802,12330,113295
19803,20453,113295
19804,22024,113295
19805,18556,113297
19806,19042,113297
19807,19697,113297
19808,21069,113297
19809,9061,113302
19810,10589,113314
19811,15375,113316
19812,20901,113322
19813,17448,113332
19815,19140,113336
19816,17637,113419
19817,17430,113424
19821,1778,113485
19822,17387,113485
19823,17388,113485
19824,17389,113485
19825,6054,113508
19826,6054,145022
19828,16694,113521
19829,17646,113521
19831,9501,113526
19832,17649,113526
19833,9927,113528
19834,16989,113528
19835,9666,113536
19837,9996,113551
19838,10001,113551
19839,10002,113551
19840,16530,113586
19841,3620,113605
19842,5240,113605
19843,9620,113607
19844,25980,113607
19846,17804,113623
19847,17804,138179
19850,14591,113678
19852,17320,113679
19855,5150,113682
19856,17322,113682
19858,5989,113685
19860,7097,113685
19861,20652,113685
19862,20695,113685
19866,19677,113718
19868,10023,113738
19869,16664,113751
19870,12926,113768
19872,17669,113802
19873,17670,113802
19875,17672,113840
19876,17673,113840
19878,27602,113853
19879,27603,113853
19880,5744,113884
19882,4261,113916
19883,25747,113916
19884,5043,113941
19885,4474,113945
19886,4474,113947
19887,8392,113945
19888,8392,113947
19889,7212,113950
19890,10586,113950
19891,15633,113950
19892,8751,113952
19893,17684,113952
19894,12472,113966
19895,7181,113967
19896,10230,113969
19899,13562,113992
19900,13710,113992
19901,14819,113992
19902,14995,113992
19903,20317,113992
19904,21735,113992
19905,21736,113992
19906,9528,113993
19910,12620,114054
19912,19515,114065
19913,5004,114067
19915,15841,114067
19916,1368,114068
19917,9442,114068
19918,3085,114072
19919,59,114073
19920,21430,114073
19921,17220,114075
19923,13280,114078
19924,20382,114082
19925,20382,156728
19926,1205,114084
19927,6887,114084
19928,17698,114084
19929,8998,114114
19930,19524,114126
19931,2413,114135
19934,2743,114238
19935,5714,114241
19936,7604,114241
19937,8448,114242
19938,14627,114242
19940,27041,114255
19941,16395,114256
19942,8369,114279
19943,15419,114279
19944,10661,114322
19946,17709,114322
19948,10838,114418
19949,21508,114418
19956,4890,114445
19957,4890,133206
19958,12257,114445
19959,12257,133206
19961,5973,114535
19962,9598,114535
19963,327,114543
19964,13466,114585
19965,22216,114592
19966,11933,114593
19967,17729,114593
19968,25023,193480
19969,25022,193480
19972,17119,114686
19974,17743,114710
19975,16927,114735
19976,17373,114740
19977,17739,114740
19978,21966,142607
19979,21965,142607
19980,10731,114755
19981,21142,114755
19983,21785,114755
19985,25674,114765
19988,100,114800
19989,5430,114800
19990,11279,114800
19991,28021,114800
19995,12583,114810
19996,12583,114813
19997,12583,122464
19999,1485,114820
20000,17747,114820
20001,21327,114820
20002,20064,114825
20003,1634,114826
20004,27134,114826
20005,2999,114828
20006,3061,114828
20007,6511,114832
20008,17749,114836
20010,8691,114960
20011,1739,114970
20012,22477,114970
20013,12360,115014
20014,12360,119973
20015,22427,115173
20016,9504,115179
20017,9504,115180
20018,15491,115179
20019,15491,115180
20020,17328,115247
20023,8353,115293
20024,3480,115337
20025,5546,115337
20026,17993,115420
20027,17994,115420
20029,20273,115420
20034,1212,115447
20035,2083,115449
20036,19403,115449
20037,10304,115468
20040,19525,115475
20041,19525,124915
20042,19525,127935
20046,19346,115573
20047,2232,115589
20048,2233,115589
20049,3124,115589
20050,4854,115589
20053,17782,115622
20054,287,115643
20055,1797,115643
20058,6368,115675
20059,6368,119281
20060,6367,115675
20061,6367,119281
20062,18142,115675
20063,18142,119281
20064,6365,115675
20065,6365,119281
20068,5058,115707
20073,2331,115722
20074,2331,115727
20075,2331,152170
20076,5014,115724
20077,5995,115724
20078,3178,115734
20079,937,115750
20081,973,115750
20082,27063,115756
20083,15926,115801
20084,8523,115821
20085,8523,115822
20088,21941,115829
20095,3135,115916
20096,5959,115916
20098,21990,115916
20102,10852,116479
20103,10852,154793
20104,2046,116660
20105,2046,148886
20106,2046,148887
20107,2047,116660
20108,2047,148886
20109,2047,148887
20113,1458,116682
20114,11594,116871
20115,11594,140152
20116,12610,116871
20117,12610,140152
20118,16440,116871
20119,16440,140152
20122,6030,117661
20123,1365,117671
20124,1365,132143
20125,771,117671
20126,771,132143
20127,1692,117808
20128,1692,125684
20130,15510,118027
20139,17406,118155
20141,10889,118274
20142,18572,118280
20143,27948,118280
20144,5256,118281
20146,11634,118281
20147,12791,118281
20148,3774,118283
20149,10336,118283
20150,11647,118283
20152,19822,118305
20153,90,118318
20154,7751,118318
20155,12426,118324
20157,13930,118324
20158,27689,118324
20159,27861,118324
20160,16421,118326
20161,18089,118326
20164,1725,118333
20165,1725,118334
20168,18104,118347
20169,4597,118349
20170,11702,118349
20171,3655,118356
20172,20012,118374
20173,9063,118377
20175,5119,118398
20176,5505,118398
20178,2404,118438
20179,5667,118438
20181,15521,118438
20183,18113,118438
20184,5524,118444
20185,10393,118444
20186,18121,118444
20187,6849,118447
20189,22465,118447
20191,16052,118464
20193,21523,118471
20194,4190,118474
20195,7000,118474
20197,10032,118475
20198,11746,118477
20199,11747,118477
20200,25721,118477
20201,9220,118479
20203,15279,118479
20206,7981,118493
20207,13137,118493
20208,91,118512
20209,92,118512
20211,20900,118512
20212,9876,118513
20213,9877,118513
20214,18150,118524
20217,1268,118525
20221,27161,118526
20222,15885,118544
20223,25,118585
20224,8196,118585
20225,12823,118585
20227,6635,118588
20228,13938,118588
20230,1161,118598
20231,6581,118598
20232,16448,118598
20234,22045,118598
20240,18530,118688
20244,18635,118695
20245,18635,136089
20246,18568,118718
20247,15190,118851
20248,11749,118861
20249,11749,135725
20254,19084,118877
20256,17980,118889
20258,15967,118905
20259,17138,118910
20260,7282,118911
20264,13965,118936
20265,20888,119063
20266,8708,119065
20267,13403,119065
20268,14530,119067
20269,6857,119074
20270,17647,119074
20271,18257,119074
20272,18258,119074
20275,15938,119101
20279,2848,119194
20280,1860,119208
20281,1860,119209
20286,27300,119208
20287,27300,119209
20288,22068,119240
20292,13552,119254
20294,20565,119254
20295,3155,119262
20296,3155,145603
20297,12898,119262
20298,12898,141155
20299,12898,145603
20300,12126,119262
20301,12126,141155
20302,12126,145603
20303,14610,119264
20304,18293,119276
20306,5947,119285
20307,17853,119309
20308,18299,119309
20309,18300,119309
20310,202,119334
20311,204,119334
20312,340,119334
20320,4680,119462
20321,4681,119462
20324,8743,119471
20325,19620,119537
20326,5327,119543
20327,7288,119546
20328,10494,119546
20329,9836,119576
20330,22207,119576
20331,10752,119624
20333,19309,119642
20335,16641,119654
20336,3810,119659
20337,28048,119661
20342,4973,119689
20343,11650,119698
20344,11651,119698
20345,10832,119706
20346,10832,119708
20347,18367,119706
20348,18367,119708
20351,18298,119795
20352,21709,119795
20354,18379,119798
20355,18381,119799
20356,901,119875
20357,3384,119875
20358,20893,119891
20359,1367,119893
20360,15302,119924
20362,22238,119936
20363,22239,119936
20364,27545,119940
20365,7081,119945
20367,7549,119948
20368,13090,119950
20369,13091,119950
20372,13219,119954
20373,22256,119956
20375,6985,119972
20377,18437,119978
20379,16953,119982
20380,18650,119982
20381,18651,119982
20382,18652,119982
20384,5611,119985
20385,11847,119985
20386,19686,119994
20387,19686,134029
20388,25655,119994
20389,25655,134029
20399,20710,120090
20400,20807,120090
20401,20808,120090
20403,19680,120106
20405,9591,120127
20409,17732,120232
20412,25337,193548
20413,1921,120239
20414,2348,120239
20416,6705,120248
20417,15862,120248
20419,11376,120249
20421,25095,193355
20422,9110,120347
20425,19545,120347
20435,14663,120556
20436,18532,120586
20437,18533,120586
20440,21232,120657
20443,18545,120658
20444,18546,120658
20445,17913,120687
20446,4472,120709
20447,6180,120712
20448,6180,194958
20451,11511,120712
20452,11511,194958
20454,11458,120723
20459,22823,120734
20462,19308,120799
20463,19308,153869
20468,20762,120825
20469,4599,120826
20472,21472,120855
20473,13139,120857
20476,2841,120861
20477,13255,120862
20478,8782,120872
20479,18622,120872
20482,6322,120980
20493,18068,121072
20494,787,121099
20496,3262,121099
20499,16807,121179
20500,17033,121180
20501,17641,121196
20502,16166,121221
20504,6507,121223
20505,13724,121235
20506,17766,121235
20507,20379,121245
20510,17792,121250
20511,1606,121253
20513,11840,121253
20514,13772,121254
20516,8368,121261
20517,10703,121261
20520,18666,121265
20521,11857,121268
20524,19417,121274
20525,578,121276
20526,11502,121276
20527,18553,121276
20528,25696,121281
20529,6419,121283
20550,26684,121310
20570,13718,121327
20571,21151,121327
20575,10783,121332
20578,21092,121333
20579,6524,121334
20581,4886,121355
20584,1665,121361
20585,18467,121361
20586,18674,121366
20587,21172,121366
20589,2153,121397
20593,8555,121472
20594,17731,121472
20595,12298,121485
20601,2601,121565
20603,24810,121565
20613,796,121574
20625,2435,121583
20626,2607,121583
20627,24548,121583
20635,2446,121586
20639,24701,121587
20657,2265,121611
20672,24809,121621
20677,4393,121639
20678,11296,121655
20679,6609,121677
20680,17102,121677
20681,12208,121700
20682,12208,199368
20688,7409,121777
20689,8294,121779
20690,8295,121779
20696,18664,121836
20697,18708,121837
20699,15830,121841
20700,19455,121841
20702,6528,121910
20703,11982,121943
20704,11983,121943
20705,1949,121946
20706,19575,121946
20710,18566,122026
20712,2256,122031
20713,25108,193588
20714,6324,122073
20715,11972,122074
20718,18735,122112
20719,21939,122154
20722,17865,122248
20723,9150,122263
20724,18762,122264
20725,2626,193571
20726,1958,122296
20727,1958,122306
20728,1436,122308
20729,5582,122308
20731,6329,122311
20732,9827,122311
20733,7025,122359
20737,9396,122440
20738,19277,122479
20740,21682,122511
20741,12935,122512
20742,6228,122513
20743,21152,122606
20744,15392,122607
20748,2104,122665
20749,20394,122665
20750,11588,122666
20753,10022,122746
20754,10022,122750
20757,17126,122748
20758,18766,122749
20759,5859,122757
20760,8166,122757
20761,20553,122757
20762,1963,122811
20763,1964,122811
20765,18627,122846
20766,22040,122846
20772,15535,123117
20774,4365,123215
20775,17318,123215
20776,20812,123215
20777,993,123390
20778,19555,123390
20779,1997,123459
20780,1998,123459
20781,19457,123459
20783,2144,123623
20785,8844,123657
20787,15536,123659
20788,1269,123673
20789,1649,123673
20792,12743,123673
20793,2162,123708
20794,12754,123711
20798,16216,123783
20799,19034,123824
20802,7605,123846
20803,16661,123846
20805,16502,123862
20806,16022,123868
20807,16337,123868
20808,10331,123892
20813,6441,123984
20817,18864,123993
20818,19046,123995
20819,19047,123995
20820,19050,123995
20822,7772,124001
20823,7773,124001
20824,8564,124001
20825,17272,124001
20829,12447,124068
20830,12448,124068
20831,12449,124068
20832,14092,124085
20833,14093,124085
20834,4952,124150
20835,4952,124151
20836,17601,124150
20837,17601,124151
20840,19483,124253
20847,8747,124269
20848,19085,124388
20849,19086,124388
20850,19087,124388
20851,27721,124388
20852,10523,124467
20854,19722,124515
20855,25815,124516
20859,10781,124552
20860,10926,124554
20861,7886,124556
20863,18291,124562
20864,27695,124587
20865,13440,124588
20866,13440,145159
20867,18878,124588
20868,18878,145159
20869,20091,124626
20875,53,124673
20877,11141,124673
20878,5678,124680
20881,16201,124681
20882,19847,124681
20883,13172,124682
20885,27120,124682
20886,19731,124694
20887,25717,124696
20889,25934,124696
20890,3639,124701
20891,5527,124766
20896,3508,124783
20897,3745,124783
20898,9785,124783
20899,11753,124783
20900,13210,124783
20901,18332,124785
20902,14707,124793
20905,8019,124802
20908,11459,124828
20909,27053,124828
20910,2865,124909
20911,2865,200931
20912,2866,124909
20913,2866,200931
20914,11462,124910
20915,11987,124910
20916,12592,124910
20918,2029,124922
20919,2846,124961
20920,7930,124961
20921,8319,124961
20923,14747,124961
20924,22262,124961
20925,22263,124961
20930,25184,193478
20931,25306,193483
20935,25305,193292
20936,4320,193341
20939,25125,193309
20940,25307,193309
20941,4016,193330
20942,25324,193330
20943,25179,193457
20945,25272,193457
20946,27287,193457
20947,25000,193363
20948,25006,193363
20949,25010,193363
20950,25005,193363
20952,25163,193607
20953,25033,124996
20958,25328,193606
20959,25185,125003
20960,20309,125003
20961,25147,193512
20965,25213,193477
20968,19920,125008
20969,19920,125009
20970,21565,125008
20971,21565,125009
20972,15122,125296
20973,2444,125313
20975,6058,125325
20976,14756,125325
20977,20529,125325
20980,18562,125502
20981,4111,125539
20983,19215,125626
20985,10361,125685
20989,1933,126252
20990,7050,126252
20993,21265,126252
20994,1900,126254
20998,5512,126927
20999,6593,126932
21000,7798,126932
21004,336,127023
21005,25067,127023
21006,5844,127172
21007,5844,127187
21008,12591,127173
21010,2050,127178
21011,11470,127519
21012,11470,136073
21014,7432,127757
21016,21921,127757
21018,608,127761
21019,422,127772
21020,6032,127772
21021,10758,127772
21022,12605,127772
21023,17668,127772
21024,21190,127772
21025,1186,127782
21026,5210,127785
21027,16655,127785
21028,16148,127791
21029,1775,127812
21030,1775,136162
21035,1018,127812
21036,1018,136162
21037,20166,127815
21038,7237,127842
21039,10561,127842
21042,18898,127932
21043,18898,127934
21044,18898,130169
21046,21289,127978
21047,22093,127990
21048,237,127996
21049,6828,127996
21052,27748,128089
21054,10529,128113
21055,10535,128113
21056,2052,128198
21057,19314,128198
21058,25265,193458
21059,18693,128484
21060,19220,128494
21063,19683,128588
21070,4329,128919
21071,10967,128919
21072,15117,128919
21074,19260,128977
21080,2736,129050
21082,389,129077
21083,390,129077
21085,1074,129163
21087,801,129187
21088,801,136055
21089,1306,129248
21090,3775,129248
21092,2078,129352
21093,2343,129352
21096,10910,129476
21097,17514,129484
21098,2066,129502
21099,2066,150454
21100,9104,129502
21101,9104,150454
21102,18458,129502
21103,18458,150454
21109,8798,129801
21110,8798,149826
21111,8799,129801
21112,8799,149826
21118,1870,129840
21121,15869,130083
21122,15870,130083
21124,11633,130346
21125,11214,130354
21134,19237,130589
21135,19238,130589
21140,21180,130954
21141,19344,130959
21142,19344,146957
21143,19344,146959
21144,405,130969
21145,7061,131147
21146,7061,198877
21147,4039,193609
21149,25119,193609
21150,21239,131311
21151,21239,152476
21152,21239,153538
21153,21366,131311
21154,21366,152476
21155,21366,153538
21160,19408,131581
21162,11697,131591
21163,11698,131591
21165,16167,131597
21171,19745,131638
21172,17050,131639
21173,8684,131641
21174,11009,131641
21177,21358,131643
21179,17417,131644
21180,19462,131648
21183,7660,131652
21184,19202,131652
21185,10932,131653
21186,10932,152634
21189,16580,131656
21191,16582,131656
21194,21298,131661
21197,987,131664
21209,3203,131675
21217,28075,131696
21219,25314,193251
21220,1597,131726
21221,19435,131745
21223,11405,131751
21224,19723,131751
21226,14160,131760
21229,19664,131795
21230,19670,131801
21232,8696,131835
21237,19539,131856
21239,26714,131858
21242,6653,131870
21245,4903,131898
21252,5157,131924
21260,1984,131928
21261,19269,131928
21262,21218,131928
21266,1147,131939
21267,21951,131939
21268,27972,131939
21271,21127,131943
21273,21050,131947
21274,21241,131947
21278,12347,131959
21279,13524,131959
21283,19744,132007
21285,19900,132043
21286,19901,132043
21287,155,132050
21292,1479,132064
21293,23224,132064
21294,5079,132074
21300,11348,132079
21302,7363,132080
21304,7365,132080
21315,18052,132087
21317,12248,132089
21319,1092,132090
21321,1385,132092
21322,5830,132092
21335,19943,132107
21336,19944,132107
21342,19131,132114
21350,11901,132123
21353,17740,132126
21354,21250,132126
21363,1441,132136
21365,15047,132136
21367,26569,132138
21370,7567,132145
21371,8134,132145
21372,11289,132146
21373,5727,132150
21374,18702,132150
21379,10966,132153
21381,19703,132155
21382,24282,132156
21388,15973,132162
21393,25987,132167
21395,980,132173
21397,27644,132173
21408,19443,132178
21414,12595,132185
21415,12597,132185
21416,12598,132185
21417,19590,132185
21422,21230,132190
21423,13153,132197
21429,11582,132202
21431,11667,132203
21432,11667,155296
21433,15874,132204
21434,14612,132205
21439,11219,132235
21440,12798,132235
21447,7256,132245
21449,11344,132250
21450,15137,132256
21451,3621,132269
21452,11995,132269
21453,18496,132269
21454,18497,132269
21464,5782,132294
21465,5783,132294
21467,7587,132296
21468,7588,132296
21469,17716,132296
21471,7589,132297
21472,7590,132297
21473,19014,132298
21479,17475,132305
21484,12047,132306
21485,12047,142891
21488,3326,132309
21489,3327,132309
21500,27701,132322
21508,12051,132328
21509,12052,132328
21510,12053,132328
21513,21567,132332
21514,21568,132332
21517,11285,132333
21518,11294,132333
21520,11595,132334
21521,11595,133861
21522,11595,134025
21523,20113,132337
21525,16460,132340
21529,15055,132343
21535,4239,132352
21536,4239,143944
21541,19328,132353
21544,12792,132357
21545,10916,132359
21557,19488,132380
21558,19489,132380
21563,12587,132384
21564,19585,132384
21567,18028,132389
21568,19553,132389
21580,10682,132393
21581,10682,144942
21582,20647,132393
21583,20647,144942
21584,20648,132393
21585,20648,144942
21586,20649,132393
21587,20649,144942
21588,19222,132394
21589,19222,140591
21592,19225,132394
21593,19225,140591
21595,19571,132395
21596,19572,132395
21603,28019,132397
21607,7577,132402
21610,5125,132404
21614,11964,132410
21618,21649,132412
21622,7465,132414
21623,5483,132424
21624,18631,132424
21626,13519,132429
21633,19322,132437
21634,19323,132437
21635,27803,132437
21646,19185,132444
21668,16085,132460
21669,16654,132464
21675,25687,132551
21676,25687,141727
21677,25687,141904
21678,25687,143486
21679,25687,143498
21689,4809,132558
21690,4810,132558
21691,4811,132558
21694,8515,132608
21696,13937,132608
21697,19715,132608
21698,6794,132667
21700,12802,132680
21701,27752,132680
21702,12682,132722
21703,12682,132728
21704,22367,132738
21708,17504,132809
21709,17504,132810
21710,12003,132825
21711,1535,132828
21712,1535,198032
21713,4243,132828
21714,4243,198032
21718,14930,132851
21719,16796,132851
21721,27987,132866
21722,14169,132877
21724,19725,132880
21727,27224,132895
21729,20998,132900
21730,20999,132900
21731,21000,132900
21733,11696,133097
21734,680,133126
21735,5241,133132
21737,15771,133132
21738,25693,133132
21739,9689,133150
21740,19763,133150
21741,3547,133168
21742,3547,155585
21743,8273,133168
21744,8273,155585
21745,16505,133168
21746,16505,155585
21747,18314,133168
21748,18314,155585
21750,8913,133178
21752,2004,133179
21754,2810,133189
21755,10019,133189
21757,17645,133200
21758,365,133203
21759,4819,133203
21761,314,133213
21764,18717,133260
21766,17940,133276
21767,27164,133278
21768,661,133284
21769,2773,133284
21770,3058,133284
21771,3059,133284
21772,9631,133284
21773,16192,133284
21775,27065,133284
21779,1387,133335
21780,1388,133335
21781,14225,133346
21782,3064,133369
21783,8797,133372
21784,18942,133376
21785,19820,133376
21787,2824,133400
21791,182,133424
21794,21268,133472
21795,2009,133505
21797,8119,133525
21799,13776,133525
21800,1190,133529
21801,8541,133534
21803,18130,133536
21804,13414,133555
21805,18143,133555
21806,22492,133555
21807,20683,133567
21808,791,133572
21809,11948,133577
21810,2036,133591
21811,2036,138558
21812,2037,133591
21813,2037,138558
21816,10263,133591
21817,10263,138558
21818,18763,133593
21822,19348,133621
21823,21286,133621
21824,2011,133635
21825,20922,133635
21827,22377,133636
21828,13286,133643
21830,19232,133659
21832,6915,133663
21833,10611,133678
21834,4471,133695
21836,16455,133715
21837,16455,133716
21838,28005,133718
21839,236,133722
21840,1955,133722
21841,4257,133731
21842,15913,133731
21844,5795,133747
21845,5795,143971
21846,15876,133747
21847,15876,143971
21851,11953,133751
21853,19427,133753
21855,21592,133761
21859,1072,133764
21861,12614,133764
21864,12837,133766
21865,22036,133766
21866,242,133768
21867,9457,133768
21870,8675,133858
21871,21601,133858
21872,11414,133864
21873,5174,133866
21874,27093,133866
21875,2956,133868
21876,2956,133870
21877,2957,133868
21878,2957,133870
21879,15534,133868
21880,15534,133870
21881,15611,133868
21882,15611,133870
21885,17628,133868
21886,17628,133870
21887,25487,133876
21889,15657,133909
21890,15658,133909
21891,25713,133909
21892,25715,133909
21894,9045,133937
21896,21909,133937
21897,19909,133938
21898,20310,133938
21899,6947,133947
21902,3533,133957
21904,8328,133958
21905,18961,133961
21906,18961,133986
21907,6945,133966
21908,6946,133966
21911,21287,133989
21914,19172,134008
21916,1757,134016
21918,15965,134016
21919,19281,134016
21920,19916,134016
21921,8676,134017
21924,19652,134177
21925,19760,134185
21927,15314,134209
21932,18649,134232
21933,18649,134233
21934,464,134232
21935,464,134233
21937,11250,134244
21938,1461,134245
21940,14099,134245
21942,18250,134316
21944,12121,134316
21945,14332,134316
21946,12508,134316
21950,18970,134326
21951,4800,134405
21952,4800,154211
21953,21662,134406
21954,22885,134406
21956,3400,134418
21957,12217,134418
21958,19468,134418
21960,920,134498
21962,11309,134511
21967,7803,134581
21968,7804,134581
21974,4666,134739
21975,21828,134739
21977,8101,135617
21978,13928,135617
21979,20025,135682
21981,1621,135688
21983,16030,135705
21984,19639,135705
21986,6577,135709
21990,3809,135724
21993,14452,135724
21994,20745,135724
21995,11349,135732
21996,11624,135732
21997,1728,135893
21998,19420,135893
22001,14408,135912
22002,3500,135913
22003,20039,135921
22004,20039,199722
22005,19739,135926
22009,25233,135933
22010,25012,135933
22011,4128,193349
22013,16929,135942
22014,823,135955
22015,10952,135955
22017,6741,135970
22018,6744,135970
22019,10927,135970
22021,4221,135975
22025,16398,135996
22030,2138,136007
22033,11613,136015
22034,7882,136016
22035,11652,136016
22036,13758,136016
22037,7352,136017
22038,7352,199131
22039,11504,136017
22040,11504,199131
22041,11835,136017
22042,11835,199131
22043,21150,136017
22044,21150,199131
22045,7254,136022
22052,16958,136036
22053,19431,136036
22055,2044,136047
22056,14220,136047
22057,19349,136047
22059,21572,136049
22060,25269,193334
22061,2092,136054
22062,10593,136054
22063,21621,136057
22067,6950,136067
22068,5803,136072
22069,20540,136072
22070,7359,136074
22075,1134,136077
22076,3107,136077
22077,16255,136077
22078,332,136086
22079,6769,136086
22084,2966,136091
22086,12863,136092
22087,19239,136096
22088,1279,136098
22089,7878,136098
22092,5332,136108
22093,5764,136109
22094,568,136110
22098,18636,136133
22099,7828,136143
22100,7828,144096
22101,25702,136143
22102,25702,144096
22103,6516,136147
22104,21865,136147
22106,18625,136151
22108,12689,136183
22109,12689,136184
22111,8291,136193
22112,20136,136193
22113,20089,136220
22114,2134,136223
22115,4159,136223
22116,9256,136223
22117,13175,136223
22118,1401,136226
22123,6934,136269
22124,16466,136270
22126,21279,136272
22127,750,136274
22128,10624,136274
22129,8961,136275
22130,6541,136276
22131,8225,136278
22132,8226,136278
22133,14381,136278
22136,18984,136281
22137,21273,136281
22139,12787,136300
22140,19054,136343
22141,22815,136343
22142,9512,136343
22144,16933,136359
22146,2266,136375
22148,20173,136377
22150,11865,136378
22152,15319,136378
22154,13037,136390
22155,19595,136391
22156,20164,136391
22159,25643,136400
22160,27698,136411
22162,671,136497
22164,20187,136497
22166,3179,136511
22167,3180,136511
22168,20189,136514
22169,20190,136514
22170,15485,136516
22173,5338,136529
22174,21855,136529
22175,10180,136549
22176,20620,136549
22177,4824,136552
22178,8425,136552
22179,15803,136552
22181,14299,136599
22182,17558,136599
22183,20786,136599
22184,20222,136626
22185,7170,136636
22187,25632,136637
22188,16165,136641
22189,18741,136657
22190,20639,136676
22191,4990,136678
22192,17753,136678
22193,7492,136681
22194,7880,136682
22195,15290,136682
22196,17294,136682
22197,21532,136682
22198,4937,136684
22199,10168,136684
22200,20688,136684
22201,7489,136688
22202,3170,136697
22203,27761,136698
22204,7452,136704
22205,20015,136710
22206,17572,136713
22207,22254,136714
22208,27371,136715
22209,20246,136719
22210,3736,136721
22211,17801,136721
22213,3505,136723
22214,27529,136723
22215,3596,136724
22216,9657,136725
22217,12732,136725
22218,19148,136726
22219,21062,136729
22220,3563,136732
22222,3568,136733
22223,6996,136735
22227,27384,136759
22228,746,136761
22229,746,137058
22230,962,136761
22231,962,137058
22234,20017,136763
22235,20918,136766
22237,18618,136769
22238,6216,136771
22239,601,136773
22240,7375,136773
22242,9643,136787
22245,27119,136818
22246,889,136829
22247,8892,136829
22249,9277,136829
22250,15263,136829
22251,27665,136829
22254,900,136842
22255,8255,136843
22257,6829,136845
22258,18195,136845
22259,18196,136845
22261,8891,136850
22262,17288,136850
22263,13306,136851
22264,19910,136853
22265,27576,136854
22266,11186,136857
22267,11186,136859
22269,20256,136864
22271,26876,136888
22273,7460,136893
22274,86,136895
22275,6471,136903
22277,20263,136903
22281,18131,136919
22283,6069,136935
22286,17224,136949
22287,22390,136952
22289,19789,136953
22291,8687,136956
22294,3797,136978
22297,15297,136992
22298,9740,136994
22300,14571,136999
22305,10138,137002
22306,10138,137039
22307,19861,137002
22308,19861,137039
22309,7223,137003
22313,3040,137025
22314,19090,137025
22315,12149,137026
22316,12150,137026
22317,12151,137026
22318,5508,137030
22319,17165,137030
22321,17888,137030
22323,19784,137030
22324,22347,137030
22325,7066,137031
22326,10039,137034
22329,4698,137048
22330,8132,137052
22331,21586,137061
22332,27509,137061
22333,16140,137063
22334,2921,137064
22335,21484,137064
22337,15073,137069
22340,17415,137084
22341,22037,137088
22343,878,137092
22344,15151,137092
22346,14435,137093
22348,11875,137113
22349,11875,137127
22350,3228,137118
22352,26020,137119
22353,4619,137122
22354,25924,137126
22355,26768,137126
22356,20268,137128
22357,20408,137128
22358,27115,137128
22359,9172,137132
22361,106,137133
22362,14425,137133
22363,20083,137135
22365,20242,137137
22368,17099,137138
22372,516,137152
22373,28065,137156
22374,20865,137165
22375,6213,137167
22376,11882,137168
22377,590,137174
22380,11564,137174
22383,18672,137175
22386,9308,137183
22388,9362,137185
22389,20287,137186
22390,15474,137188
22391,16668,137189
22392,3569,137191
22393,5353,137191
22396,17197,137194
22397,17198,137194
22398,27473,137194
22399,7447,137195
22401,13587,137197
22402,17183,137197
22403,27503,137197
22404,3622,137200
22405,13918,137200
22407,20293,137211
22409,25793,137221
22410,9921,137227
22411,9922,137227
22413,18930,137230
22414,5510,137232
22415,16394,137232
22416,13493,137234
22417,4817,137235
22418,27479,137235
22419,27480,137235
22421,10038,137256
22422,10101,137256
22423,26893,137259
22424,13415,137262
22425,9636,137264
22426,3626,137272
22428,18505,137282
22429,28024,137286
22430,6020,137287
22432,10294,137288
22434,6385,137289
22435,10203,137289
22439,10437,137299
22440,13061,137301
22441,26960,137305
22444,13531,137308
22446,16830,137316
22452,13582,137325
22453,6246,137327
22454,20303,137327
22456,21433,137339
22457,7456,137347
22459,21815,137348
22460,18415,137359
22463,9195,137360
22465,19772,137363
22466,14012,137365
22467,14883,137365
22468,9543,137370
22469,13270,137387
22470,27523,137388
22471,3732,137389
22472,6141,137392
22473,3116,137393
22475,11311,137394
22476,3593,137395
22477,3593,147750
22478,21678,137395
22479,21678,147750
22481,14696,137399
22482,22108,137402
22483,10671,137403
22484,17084,137403
22485,16355,137412
22486,13680,137416
22487,13680,155795
22488,2181,137417
22489,7454,137419
22491,16300,137426
22492,3608,137432
22493,8870,137432
22495,14389,137440
22496,13410,137449
22497,20245,137451
22498,20245,147313
22500,14770,137454
22501,17019,137454
22502,22050,137454
22505,9914,137484
22507,10037,137496
22508,15147,137496
22509,15148,137496
22510,17292,137496
22511,2800,137497
22513,11770,137499
22514,917,137507
22515,1383,137507
22516,13420,137507
22519,17253,137508
22522,6563,137518
22523,6564,137518
22524,20037,137541
22525,9841,137542
22526,14276,137546
22528,20424,137551
22529,9270,137552
22530,13187,137553
22531,9426,137575
22532,13041,137575
22533,2829,137580
22534,2830,137580
22535,9294,137580
22537,17568,137582
22538,933,137592
22541,3681,137593
22542,8415,137593
22543,26793,137593
22545,6177,137607
22546,4368,137608
22549,7241,137610
22550,12994,137615
22551,13393,137615
22557,6565,137628
22558,18453,137629
22559,11961,137632
22561,4477,137633
22563,15898,137638
22564,13417,137642
22565,13417,137643
22566,5586,137646
22567,11956,137646
22568,25882,137659
22570,9577,137666
22571,14271,137666
22572,9967,137669
22573,9968,137669
22575,20329,137677
22577,20941,137677
22579,27939,137678
22583,16423,137681
22584,20331,137681
22585,16319,137696
22586,9361,137701
22589,19867,137703
22590,19868,137703
22591,9202,137708
22594,9201,137710
22595,2368,137728
22596,20427,137733
22598,17300,137791
22599,13448,137879
22600,20366,137893
22602,2802,137901
22603,7510,137901
22604,18801,137902
22607,13742,137916
22608,12709,137917
22609,22412,137918
22610,5264,137919
22612,6231,137923
22613,18810,137923
22614,7491,137925
22616,7404,137935
22617,4543,137936
22618,7451,137936
22619,16375,137939
22621,13570,137941
22622,8092,137944
22623,8092,138215
22625,26911,137953
22626,27186,137955
22627,17195,137957
22628,7078,137963
22629,20350,137965
22630,25844,137965
22631,11777,137977
22632,20355,137978
22633,26842,137985
22634,20068,137987
22640,14495,137992
22641,14495,138014
22642,3096,137993
22644,8038,137997
22645,20261,138000
22646,12571,138001
22647,7443,138002
22648,13285,138002
22651,5336,138010
22652,5337,138010
22653,341,138011
22654,22388,138013
22655,13586,138017
22657,2203,138026
22658,9550,138027
22659,27841,138027
22660,21821,138028
22661,505,138034
22663,16443,138035
22664,27305,138037
22665,5677,138041
22668,3599,138048
22669,21733,138048
22670,17574,138049
22671,573,138052
22672,25904,138055
22673,25873,138056
22674,25874,138056
22675,5329,138057
22678,1619,138067
22679,2317,138069
22680,2318,138069
22684,16665,138077
22685,16566,138079
22687,21843,138081
22689,16565,138083
22690,13960,138085
22693,17336,138090
22694,20849,138091
22695,402,138092
22697,13603,138095
22698,13604,138095
22699,13605,138095
22700,23161,138097
22701,3769,138100
22702,12024,138103
22703,14015,138106
22704,13555,138107
22705,1655,138111
22706,7488,138113
22708,27533,138117
22709,14025,138118
22710,16563,138120
22712,16808,138122
22713,2151,138124
22715,13705,138128
22716,7468,138129
22718,5609,138135
22719,6988,138136
22722,7176,138138
22725,7507,138138
22726,13695,138138
22729,7856,138142
22730,1309,138146
22732,17407,138149
22733,15757,138150
22734,16891,138182
22735,17193,138182
22738,610,138187
22739,10202,138187
22740,21955,138188
22741,20501,138189
22742,4581,138198
22743,17710,138199
22745,17758,138204
22747,4992,138209
22748,13407,138212
22751,3635,138216
22753,21995,138216
22754,10322,138217
22756,20443,138217
22758,20913,138224
22759,27108,138225
22761,6417,138226
22762,27618,138227
22763,27114,138230
22764,13400,138242
22765,13086,138243
22766,21683,138245
22767,3559,138260
22768,11891,138260
22769,12469,138265
22771,7268,138268
22772,22047,138272
22774,27231,138277
22775,14489,138283
22776,13598,138285
22777,7334,138288
22780,7088,138293
22781,976,138301
22782,13088,138303
22784,2774,138308
22785,1935,138341
22787,5886,138350
22789,12711,138350
22790,17418,138416
22793,217,138424
22795,2131,138424
22796,2132,138424
22797,11333,138424
22800,15847,138426
22801,1924,138429
22802,13631,138456
22803,11838,138462
22804,2003,138472
22806,13070,138520
22807,15357,138520
22808,18561,138570
22812,12171,138676
22813,15449,138676
22814,27884,138702
22815,1735,138707
22816,8549,138707
22817,8551,138707
22818,10464,138707
22819,15709,138707
22820,21331,138707
22821,20430,138708
22822,20422,138716
22823,13964,138726
22826,10729,138728
22828,10124,138748
22829,8936,138756
22830,8937,138756
22835,1035,138765
22837,8626,138780
22838,8695,138780
22840,19577,138780
22843,5154,138843
22844,7304,138843
22847,17062,138859
22848,20834,138859
22850,2914,139019
22852,13321,139029
22853,13321,140945
22857,27549,139063
22858,20580,139091
22862,6120,139122
22863,740,139152
22864,8719,139153
22867,18640,139159
22868,19174,139159
22870,9813,139192
22871,11434,139192
22873,574,139230
22875,18317,139230
22878,7414,139301
22879,5385,139308
22881,1322,139354
22884,8456,139359
22885,8073,139364
22889,8308,139375
22891,1721,139382
22892,27401,139382
22893,5996,139385
22894,8276,139385
22896,19990,139385
22899,3343,139392
22900,7792,139392
22901,7793,139392
22902,10394,139393
22903,21441,139393
22904,11711,139395
22905,13184,139395
22907,386,139398
22908,16772,139398
22910,17335,139400
22911,21412,139400
22912,13183,139401
22913,8426,139404
22914,16134,139404
22917,22296,139406
22918,6995,139407
22921,12167,139412
22922,8657,139506
22923,12505,139506
22925,16500,139506
22926,17582,139509
22927,17721,139514
22928,14031,139518
22929,9824,139556
22932,17981,139605
22933,17982,139605
22934,17983,139605
22936,22360,139605
22938,8804,139606
22939,20624,139606
22940,20765,139606
22942,1814,139610
22943,20627,139610
22944,20503,139638
22945,7674,139656
22946,13135,139674
22954,6140,139832
22955,20672,139833
22957,15690,139841
22958,25654,139841
22959,27608,139841
22962,14779,139939
22964,15818,139948
22966,5143,139951
22967,18202,139953
22970,21794,140011
22973,4984,140072
22974,6442,140072
22978,22098,140163
22979,3865,140182
22980,9658,140182
22981,2200,140201
22983,12042,140201
22984,20726,140201
22989,12282,140205
22990,21362,140205
22991,1234,140211
22992,1926,140211
22993,21065,140211
22994,5036,140212
22995,15586,140212
22997,20611,140212
22999,16630,140217
23000,4199,140257
23001,20876,140283
23009,10371,140326
23011,3387,140353
23012,12637,140370
23013,14366,140424
23017,11258,140440
23018,11258,144421
23020,6477,140479
23021,6477,142965
23022,6477,142966
23026,18244,140552
23027,12839,140562
23028,13770,140571
23029,21653,140571
23030,10570,140656
23033,8452,140693
23034,21517,140693
23035,19033,140697
23036,21090,140697
23040,20137,140721
23041,19142,140741
23043,21964,140745
23044,2108,140749
23045,19098,140749
23046,20743,140749
23047,12814,140751
23051,12882,140757
23052,17975,140757
23053,18954,140761
23054,18277,140764
23055,11559,140856
23057,3060,140913
23058,10033,140914
23059,10744,140914
23060,13805,140914
23062,17228,140915
23063,17416,140920
23065,13317,140922
23066,16944,140922
23067,22198,140923
23069,4401,140924
23070,13213,140926
23071,13213,140993
23072,17374,140927
23073,17696,140927
23074,13499,140928
23076,7010,140930
23077,9562,140930
23079,11536,140933
23080,9520,140936
23081,11165,140938
23082,3490,140940
23083,18020,140940
23085,8259,140941
23087,27362,140948
23088,3288,140949
23089,9253,140949
23090,18122,140950
23091,25958,140950
23092,3502,140951
23093,3502,152501
23096,20872,140951
23097,20872,152501
23099,8424,140953
23100,17446,140953
23101,18876,140953
23102,6002,140957
23104,3742,140958
23105,18101,140959
23106,5239,140960
23109,22181,140960
23110,22080,140964
23111,4244,140965
23112,10164,140965
23113,16263,140965
23114,9829,140970
23115,9830,140970
23116,15309,140970
23117,21731,140970
23118,7903,140971
23121,25876,140974
23122,3069,140975
23123,3271,140975
23126,25992,140976
23127,6144,140977
23129,11082,140978
23131,27527,140979
23132,11944,140982
23134,25645,140982
23136,16324,140985
23137,9677,140986
23138,13251,140988
23139,25908,140988
23140,9663,140990
23142,18038,140991
23143,21779,140991
23144,3510,140992
23145,9712,140992
23146,18816,140992
23147,27026,140992
23148,6129,140994
23149,3522,140995
23150,3523,140995
23151,3716,140995
23153,17602,140995
23154,10312,140998
23156,11513,141000
23157,14331,141000
23159,5172,141006
23160,10723,141007
23161,10724,141008
23163,7319,141009
23164,27844,141009
23165,8309,141010
23167,27921,141011
23168,2953,141012
23170,20305,141013
23171,3470,141014
23172,3741,141014
23175,9246,141015
23178,12912,141018
23179,12912,145124
23186,18509,141019
23187,18510,141019
23188,27050,141023
23190,22121,141031
23191,22121,145136
23192,8912,141037
23193,8912,153608
23195,19011,141040
23196,18000,141052
23199,5719,141060
23200,5719,141515
23201,5823,141060
23202,5823,141515
23203,11056,141062
23204,11057,141062
23205,6646,141102
23206,6647,141102
23210,21772,141106
23212,12860,141107
23213,17791,141107
23215,13800,141110
23216,5180,141112
23217,27040,141114
23218,14297,141115
23219,20398,141115
23224,8450,141144
23225,16489,141144
23228,8147,141149
23231,18166,141149
23232,14441,141151
23233,6596,141152
23234,14170,141152
23237,17723,141162
23238,17725,141164
23240,22091,141164
23241,19854,141165
23242,17489,141167
23245,14219,141171
23246,14417,141174
23249,7483,141176
23250,10879,141176
23252,17358,141178
23253,13514,142994
23254,8680,141180
23255,8685,141180
23256,17485,141183
23258,8468,141184
23259,12165,141185
23260,14091,141185
23261,14343,141185
23262,20160,141186
23263,5690,141187
23264,7036,141189
23265,22063,141189
23266,8579,141190
23269,14453,141194
23270,16478,141194
23271,17726,141194
23272,17727,141194
23273,18216,141195
23275,8473,141198
23276,8474,141198
23277,8475,141198
23278,3144,141199
23280,18742,141201
23281,4792,141202
23285,17938,141203
23287,19714,141206
23289,17705,141207
23296,7965,141212
23297,19111,141212
23298,19112,141212
23299,4214,141213
23300,21070,141213
23301,20742,141216
23304,3102,141224
23305,25944,141224
23306,3642,141226
23307,3864,141226
23308,3373,141233
23309,27387,141233
23310,21838,141234
23312,13897,141235
23313,25751,141236
23315,8563,141239
23316,10505,141239
23317,27410,141241
23318,13934,141243
23320,18387,141244
23321,9805,141245
23322,9374,141246
23323,3610,141247
23324,18968,141247
23325,27000,141248
23326,3405,141249
23327,3707,141249
23328,6312,141254
23329,20290,141254
23330,11551,141257
23333,10840,141262
23336,5797,141313
23337,5798,141313
23342,6882,141364
23343,6882,142179
23344,6882,155598
23345,21602,141376
23350,7630,145087
23351,18386,145087
23352,4249,145015
23353,20985,145015
23354,5940,145015
23358,16722,142622
23359,21728,142622
23362,13439,141443
23364,11560,141468
23365,11560,144404
23366,11560,145011
23375,21130,141489
23376,21130,143180
23377,12058,141493
23378,12059,141493
23380,18630,141494
23386,6117,142676
23387,6117,145206
23388,18326,142676
23389,18326,145206
23390,14485,142588
23391,14485,145119
23397,19959,141540
23399,12924,141559
23406,5404,141637
23407,16250,141657
23418,19606,141762
23419,19607,141762
23420,19608,141762
23433,5765,141812
23437,12200,141816
23439,8673,141831
23440,13777,141831
23442,14409,141850
23444,6757,141918
23449,11111,142045
23450,20542,142057
23452,7046,142598
23453,7047,142598
23454,11755,142598
23455,11220,142072
23459,16438,142132
23460,6409,142575
23461,12658,142575
23462,25701,142136
23463,27583,142136
23473,5559,142201
23474,5559,142217
23479,16865,142232
23483,12134,142591
23492,16605,142378
23493,14351,142688
23495,5057,142429
23496,7992,142432
23500,16512,142608
23502,19708,193498
23503,14679,142547
23504,20870,142547
23505,4235,142578
23506,4236,142578
23507,10877,142580
23508,12119,142580
23509,12639,142583
23510,17717,142592
23511,5435,142596
23512,12375,142596
23513,19055,142599
23514,19059,142599
23515,19060,142599
23516,16520,142609
23517,17491,142610
23518,16056,142611
23519,11105,142612
23520,17457,142612
23521,19056,142612
23525,22089,142612
23526,12781,142613
23527,15833,142613
23528,5680,142614
23530,16523,142614
23531,21518,142614
23532,12225,142615
23533,19541,142615
23534,197,142617
23539,13154,142619
23540,27020,142619
23542,16723,142623
23547,16485,142626
23551,14694,142627
23553,13034,142670
23554,21455,142670
23555,26863,142675
23556,7339,142677
23558,17961,142687
23559,20439,142687
23561,6651,142697
23562,4274,142699
23563,17702,142699
23564,15144,142700
23565,20403,142700
23566,26767,142700
23567,11850,142764
23576,18703,142832
23585,21095,142865
23586,7889,142868
23592,20120,142898
23595,20543,142963
23612,21124,143011
23614,27067,143011
23615,6060,143031
23616,6811,143033
23622,3758,143091
23627,3361,143134
23629,17948,143147
23630,18796,143147
23642,4815,143185
23646,19245,143207
23647,1213,143217
23648,10552,143217
23651,15128,143220
23655,12793,143256
23658,16925,143280
23670,6689,143342
23671,6689,144522
23672,19583,143345
23673,19583,144191
23677,15132,143368
23678,25204,193338
23679,3027,193338
23680,25061,193338
23681,11496,143374
23682,7860,143378
23685,17479,143387
23689,16252,143413
23709,4256,143526
23710,18447,143526
23713,18798,143545
23715,18800,143545
23720,11555,143569
23721,19370,143575
23723,26816,143578
23726,26999,193528
23727,25292,193528
23728,25126,193528
23739,4643,143641
23746,5081,143667
23756,12054,143700
23757,12392,143700
23758,21694,143706
23759,21695,143706
23764,10602,143773
23773,15834,143847
23774,25340,193504
23781,1789,193517
23782,25130,193517
23783,25037,193517
23784,19032,143978
23786,19626,144005
23791,8632,144052
23792,21850,144052
23800,12581,144067
23801,19678,144073
23803,6207,144083
23804,18924,144088
23805,7051,144089
23806,3410,144098
23813,3382,144109
23816,11599,144143
23817,4612,144146
23820,19565,144147
23821,17419,144164
23828,11227,144179
23829,19616,144179
23835,14348,144186
23836,27029,144186
23844,14412,144213
23852,14176,144253
23853,14344,144253
23854,16265,144259
23855,19767,144259
23856,25029,193527
23857,10508,144273
23862,10548,144283
23868,18907,144307
23869,18908,144307
23872,3616,144313
23873,22001,144314
23878,10580,144322
23884,19218,144342
23885,3576,144356
23886,11003,144356
23888,20737,144365
23893,19369,144398
23897,10271,144415
23898,19333,144415
23899,18493,144416
23900,18494,144416
23902,13108,144433
23906,26799,144440
23907,19711,144442
23908,4155,144443
23912,21122,144443
23917,8286,144456
23918,3728,144457
23919,3729,144457
23932,25024,193514
23933,25181,193514
23934,21238,193516
23937,19675,144549
23941,13838,144553
23943,10557,144560
23944,10558,144560
23946,25071,193324
23947,25070,193324
23951,14636,144582
23954,26229,144597
23966,4296,144679
23967,11387,144679
23972,4119,144721
23973,18895,144721
23974,18719,144735
23976,26398,144747
23977,26505,144747
23986,25091,193503
23989,11295,144767
23990,12585,144767
23991,14376,144767
23992,20734,144769
23993,10928,144771
23994,16259,144773
23998,3785,144781
23999,7575,144781
24003,17458,144797
24008,17734,144842
24011,6335,144908
24013,10553,144910
24014,10567,144910
24015,27069,144910
24028,24921,193510
24033,24973,193301
24038,27757,144992
24039,6340,145003
24048,5686,145016
24049,18220,145017
24052,5681,145019
24053,5716,145019
24055,18015,145050
24057,19853,145050
24059,10760,145170
24060,10760,148852
24061,10759,145170
24062,10759,148852
24063,21086,145170
24064,21086,148852
24066,20732,145262
24069,14985,145265
24071,4343,146097
24072,8210,146097
24073,3726,146103
24074,26955,146107
24075,14500,146137
24080,24920,193521
24084,20889,146181
24087,26946,146185
24089,2249,146202
24090,2249,146206
24092,15009,146209
24095,11583,146514
24099,18962,146568
24100,2985,146575
24101,2985,146576
24104,13736,146575
24105,13736,146576
24108,16118,146578
24109,16231,146578
24113,3245,146593
24114,21609,146593
24118,3093,146716
24120,2110,146737
24121,10388,146737
24122,22136,146737
24123,11107,146749
24124,16837,146765
24125,16838,146765
24126,25937,146765
24128,7814,146766
24129,18416,146767
24130,15735,146784
24131,3374,146801
24132,3167,146892
24134,20835,146899
24141,20871,146915
24144,14629,146948
24146,20568,146967
24147,20570,146967
24148,14894,147005
24149,22201,147007
24151,8513,147021
24152,19552,147021
24155,3795,147050
24156,20891,147053
24157,868,147055
24158,1394,147055
24159,2101,147055
24160,7607,147055
24161,19800,147055
24162,26828,147055
24164,1845,147059
24165,17882,147059
24167,5187,147065
24168,19949,147065
24170,2752,147071
24171,6041,147073
24172,5100,147091
24173,10103,147095
24174,10115,147095
24176,1714,147100
24177,1714,147103
24180,8922,147100
24181,8922,147103
24182,4776,147139
24183,8078,147205
24184,8831,147205
24185,11138,147205
24186,21831,147232
24187,21831,147351
24188,21831,147563
24189,14939,147238
24190,14939,147778
24193,27132,147239
24194,17549,147244
24195,25979,147244
24197,20519,147254
24198,4359,147255
24200,5489,147255
24201,6038,147256
24204,9085,147342
24205,17311,147343
24206,16067,147344
24208,9930,147363
24209,9894,147377
24211,20653,147378
24212,15560,147394
24213,13981,147413
24214,13981,147415
24219,10343,147425
24220,13986,147425
24222,14185,147431
24224,17211,147443
24225,5495,147444
24226,5495,147682
24227,15808,147444
24228,15808,147682
24229,17555,147444
24230,17555,147682
24231,17556,147444
24232,17556,147682
24233,26995,147448
24234,26995,147618
24235,4195,147452
24238,16419,147477
24239,16419,147643
24240,16604,147477
24241,16604,147643
24242,16854,147479
24243,16841,147494
24244,7916,147500
24245,16418,147500
24246,16855,147500
24247,20217,147503
24249,16208,147514
24250,8792,147516
24251,10313,147518
24252,12381,147520
24253,12381,147758
24254,22012,147520
24255,22012,147758
24256,17762,147528
24257,15519,147531
24258,15519,147612
24264,15569,147540
24265,20666,147540
24266,6807,147574
24267,15811,147574
24268,15812,147574
24270,10211,147601
24271,13461,147602
24272,26994,147614
24273,6440,147623
24274,6445,147623
24275,16945,147625
24276,16947,147627
24277,22505,147633
24278,18809,147676
24279,5392,147700
24280,10298,147709
24281,11128,147709
24282,14814,147709
24283,15671,147715
24284,15391,147718
24287,21804,147731
24289,4245,147733
24291,9850,147735
24293,15585,147735
24294,15925,147736
24297,18468,147841
24298,18469,147841
24299,8510,148451
24300,8510,148565
24301,21022,148500
24304,831,148513
24305,831,200715
24306,6513,148513
24307,6513,200715
24310,19658,148513
24311,19658,200715
24312,19432,148514
24313,19432,150518
24314,21025,148514
24315,21025,150518
24318,19824,148537
24320,4762,193558
24321,25008,193558
24328,18648,148599
24329,21355,148600
24331,6539,148609
24332,6540,148609
24333,15123,148609
24334,549,148610
24336,18297,148610
24337,21028,148610
24340,21031,148640
24344,8,148668
24345,3782,148668
24346,8174,148668
24347,2219,148692
24348,6993,148692
24351,22131,148740
24352,22132,148740
24354,10390,148787
24364,21048,148810
24365,3236,148813
24368,14359,148824
24370,27641,148826
24371,17842,148827
24372,18285,148827
24373,22015,148827
24376,3290,148843
24377,14659,148846
24378,14322,148854
24379,11080,148861
24380,11397,148861
24381,18772,148861
24382,18375,148863
24383,18377,148863
24384,16046,148865
24387,282,148875
24388,1804,148875
24390,6629,148875
24393,11050,148966
24394,21109,148972
24395,10536,148985
24396,5123,149001
24398,24904,193276
24399,11600,149209
24400,11600,149237
24401,755,149210
24402,755,149218
24405,11622,149210
24406,11622,149218
24407,18575,149210
24408,18575,149218
24409,12594,149216
24411,19693,149216
24413,1983,149221
24414,2065,149221
24415,14375,149221
24416,12602,149232
24417,7840,149239
24418,19380,149239
24419,25329,193271
24420,25211,193271
24421,5220,149467
24422,5832,149467
24424,21213,149467
24425,10405,149550
24426,12577,149550
24427,12578,149550
24428,14839,149550
24430,376,149731
24431,376,149736
24436,4158,149746
24437,19103,149746
24438,895,149764
24439,10277,149764
24440,15064,149764
24441,20586,149764
24442,21295,149764
24443,5968,149774
24444,3023,193314
24446,25099,193314
24447,11345,149792
24448,7537,149799
24450,1175,149812
24451,7410,149812
24452,4484,149912
24456,16698,149920
24457,10778,149946
24460,25043,193583
24461,25042,193583
24464,2735,150206
24466,15101,150207
24467,9,150241
24471,4476,150305
24474,4740,150306
24476,4999,150306
24477,5000,150306
24478,5001,150306
24479,18887,150306
24480,19508,150313
24482,12825,150330
24483,18504,150330
24486,18654,150343
24488,7291,150352
24492,4972,150386
24493,5969,150386
24495,21349,150386
24496,22114,150386
24497,5113,150427
24499,19622,150453
24503,12334,150493
24504,11416,150497
24506,4294,150515
24511,17531,150522
24512,19313,150539
24523,827,150790
24525,14388,150814
24527,2280,150835
24528,2281,150835
24529,21470,150835
24530,3658,150860
24531,10771,150860
24532,21499,150860
24533,21500,150860
24534,864,150877
24536,6416,150877
24537,22228,150877
24538,2287,150908
24539,25245,193467
24544,19624,151013
24545,21294,151013
24546,21575,151013
24547,27190,151013
24548,22301,151051
24549,1032,151081
24550,1033,151081
24551,6655,151084
24553,11695,151084
24555,19383,151084
24557,11467,151106
24561,1881,151282
24562,10623,151300
24563,21619,151300
24566,13035,151443
24568,5222,151462
24569,5263,151465
24570,17079,151465
24571,17080,151465
24572,20873,151644
24573,20873,151699
24574,7645,151650
24575,16946,151650
24576,27309,151651
24577,21681,151666
24578,9946,151669
24580,14362,151763
24581,14411,151763
24582,21690,151764
24583,21691,151775
24585,19454,151784
24587,8200,151811
24588,8387,151811
24589,10659,151811
24590,19453,151901
24591,16799,151926
24593,25365,152212
24594,14222,152279
24596,12394,152644
24597,12395,152644
24598,1543,152683
24600,9193,152846
24601,15207,152878
24603,19177,153536
24604,8213,153558
24605,8214,153558
24606,18074,153567
24609,14,153628
24610,15,153628
24615,68,153875
24616,4801,153879
24617,6330,153879
24618,14515,153879
24620,13578,153954
24621,13579,153954
24622,7497,153955
24623,11878,153955
24624,27475,153957
24627,9541,153976
24628,19256,153991
24630,9766,154032
24631,25049,193326
24633,19705,154129
24634,4033,193425
24635,297,154559
24636,10415,154559
24637,12590,154559
24639,4226,154570
24642,19464,154714
24645,7835,154762
24647,3712,155548
24652,3751,155695
24654,2456,155707
24656,9975,155707
24657,7946,156580
24658,9815,156580
24659,22297,156636
24660,2468,156640
24662,25945,156644
24664,12457,156686
24665,6800,156692
24670,13757,156708
24671,5634,156716
24672,11171,156718
24673,17255,156719
24674,18110,156719
24675,5773,156720
24676,17697,156723
24679,5745,156725
24685,22311,156736
24687,22406,156770
24688,9153,156773
24689,9154,156773
24691,22425,156902
24692,25653,156902
24694,2927,156924
24695,2943,156924
24696,7300,156941
24697,9747,156964
24699,21408,156964
24700,15918,156965
24701,16004,156965
24702,899,157008
24704,15858,157028
24707,25928,157048
24708,25929,157048
24709,8384,157055
24711,23160,163075
24713,23679,163080
24714,23423,163093
24716,27420,163130
24717,27326,163161
24719,23673,163190
24720,22836,163192
24721,23319,163200
24722,22838,163248
24723,27422,163277
24725,3876,163334
24726,27421,163334
24729,23563,163345
24730,23588,163362
24731,23165,163370
24732,22949,163392
24734,22844,163400
24735,23051,163402
24737,22849,163417
24738,22850,163421
24739,22880,163432
24744,23069,163537
24745,22972,163540
24748,23205,163598
24749,23534,163636
24750,23464,163637
24751,23465,163637
24753,22861,163694
24754,23502,163722
24755,23163,163727
24757,23093,163737
24758,22839,163742
24759,3916,163776
24762,27640,163836
24763,23039,163840
24764,23028,163845
24765,27487,163860
24766,22874,163898
24767,22875,163924
24768,22876,163925
24769,23547,163949
24770,22878,163951
24771,22879,163958
24774,23146,164055
24775,23539,164103
24776,22895,164113
24777,22896,164113
24778,23018,164120
24779,23327,164134
24780,22899,164148
24782,23439,164213
24784,25504,164251
24785,26049,164258
24786,22962,164278
24787,23485,164278
24789,22991,164295
24790,23338,164312
24792,23302,164325
24793,22891,164369
24794,23458,164371
24797,2533,164452
24798,22927,164496
24799,3892,164514
24801,23497,164560
24802,23473,164561
24803,3925,164569
24804,22932,164587
24807,22937,164648
24809,23541,164707
24810,22940,164715
24811,22941,164716
24813,23546,164718
24814,23672,164718
24815,2534,164744
24816,23257,164744
24818,23405,164799
24819,22953,164846
24820,22954,164912
24821,3883,164939
24824,22956,165004
24826,22945,165046
24828,23491,165071
24829,22935,165089
24832,22877,165145
24833,23716,165145
24835,22929,165168
24836,3011,165190
24837,3913,165221
24838,22973,165241
24839,22974,165267
24841,25538,165268
24842,22977,165299
24845,22981,165360
24847,23611,165390
24848,22986,165393
24849,22985,165405
24850,3907,165409
24852,22993,165499
24854,3010,165580
24856,3941,165665
24857,22961,165719
24860,25517,165818
24862,23020,165832
24863,23426,165864
24868,22983,165890
24871,23719,165942
24875,23035,166043
24876,23036,166066
24877,27102,166066
24878,23037,166069
24880,23038,166072
24881,23652,166087
24883,23107,166107
24885,23054,166180
24886,23055,166180
24889,23538,166243
24891,23068,166245
24892,23072,166251
24894,23089,166287
24895,23090,166295
24896,23092,166312
24897,23094,166349
24898,22967,166352
24899,23320,166371
24901,23096,166428
24904,23298,166467
24905,27914,166476
24906,23110,166508
24907,22978,166514
24908,22978,166516
24909,25524,166515
24910,25524,166517
24911,27261,166523
24912,3881,166524
24914,23117,166541
24915,23121,166599
24916,16153,166639
24917,23122,166641
24918,3875,166673
24919,23135,166716
24920,23136,166717
24921,23471,166740
24922,23124,166750
24923,23141,166762
24924,23142,166762
24925,22934,166765
24926,23145,166782
24928,23029,166817
24930,4436,166869
24931,22833,166943
24934,22897,167024
24936,23720,167035
24937,3932,167037
24938,23615,167047
24939,4618,167075
24940,27852,167086
24942,23074,167153
24943,23109,167153
24944,27488,167181
24945,23167,167197
24946,23651,167201
24947,23070,167204
24948,23713,167231
24949,23048,167240
24950,2524,167255
24951,23170,167255
24953,22996,167278
24954,23218,167297
24955,23173,167299
24956,23174,167299
24958,3897,167305
24959,23175,167307
24960,22969,167311
24961,23180,167336
24962,26771,167357
24963,22866,167386
24964,3923,167411
24965,23490,167411
24968,22266,167421
24969,27014,167450
24970,2764,167453
24971,23004,167453
24972,23189,167457
24973,4124,167463
24977,23192,167515
24978,23193,167519
24979,23195,167539
24980,23196,167541
24981,23197,167547
24982,23200,167556
24983,23370,167565
24984,23201,167570
24985,23202,167570
24986,22950,167586
24987,25558,167610
24989,23263,167671
24991,23210,167714
24992,23211,167726
24993,23212,167735
24996,23267,167738
24997,22943,167763
24998,23677,167763
24999,23231,167766
25002,25548,167778
25003,4786,167789
25004,23219,167830
25005,23220,167834
25006,23113,167858
25007,23221,167875
25008,23226,167924
25011,23618,167934
25013,27601,167939
25014,22955,168017
25016,23199,168034
25017,23235,168034
25018,25537,168041
25019,23237,168061
25020,23238,168078
25021,23239,168081
25022,23245,168128
25024,23247,168145
25025,23248,168145
25027,23144,168162
25028,3882,168199
25032,23243,168231
25034,23255,168271
25035,23256,168271
25039,23234,168315
25040,23482,168324
25041,23260,168339
25045,4373,168441
25046,22947,168481
25049,23277,168522
25050,23278,168522
25051,23283,168556
25052,23285,168559
25054,19940,168608
25055,23292,168642
25056,22872,168665
25057,27099,168695
25059,23297,168703
25060,23599,168713
25061,23599,174709
25062,23123,168716
25063,23299,168753
25064,25544,168753
25066,23303,168790
25067,23304,168794
25069,23305,168796
25070,23306,168798
25071,23307,168798
25072,23308,168798
25073,23158,168831
25074,23309,168831
25075,22984,168843
25076,3921,168884
25077,23315,168886
25078,23244,168889
25082,3904,168943
25083,25579,168943
25084,23479,168960
25086,25547,168961
25088,23330,169004
25089,23057,169048
25091,23332,169055
25092,23333,169072
25093,23516,169087
25094,2512,169089
25095,23349,169111
25097,22873,169116
25099,25565,169130
25100,23111,169256
25101,23361,169266
25102,23362,169266
25105,26039,169327
25108,23601,169392
25109,23622,169449
25112,23500,169612
25113,23382,169724
25114,26041,169740
25117,23384,169757
25119,23472,169959
25120,23065,170014
25122,27184,170087
25125,23276,170183
25126,22980,170211
25127,23689,170213
25128,23452,170222
25130,23595,170279
25131,3936,170281
25132,23506,170299
25135,23241,170309
25136,22842,170375
25138,23058,170470
25140,23644,170532
25141,3940,170533
25142,27290,170533
25143,23034,170541
25144,23059,170586
25145,23203,170602
25147,23373,170640
25148,23529,170714
25149,26862,170714
25150,25536,170833
25151,2536,170839
25154,27664,171095
25155,22992,171113
25156,23258,171178
25157,23701,171288
25158,23626,171294
25159,23659,171294
25161,23296,171342
25162,23669,171352
25163,23683,171379
25165,23242,171390
25166,22976,171397
25167,23378,171478
25171,23366,171603
25172,23381,171613
25173,2530,171616
25175,23400,171735
25176,23402,171744
25177,25503,171749
25179,23498,171851
25181,23449,171889
25183,26864,171911
25184,27547,171924
25185,23524,171926
25188,23391,171933
25191,23442,171964
25192,23397,171968
25193,3931,171971
25194,23395,171975
25196,23675,171993
25197,23321,172002
25198,23407,172095
25199,27450,172113
25200,23140,172114
25202,23408,172194
25206,23421,172221
25210,23425,172286
25211,22987,172297
25212,23428,172364
25213,3914,172376
25214,3900,172413
25217,23399,172420
25218,23484,172420
25219,22948,172436
25220,23469,172441
25221,25529,172454
25228,27078,172596
25229,23483,172600
25230,23718,172611
25231,23456,172612
25233,27423,172636
25235,23462,172680
25236,23468,172711
25237,23468,172712
25239,23001,172719
25240,23466,172724
25241,23413,172730
25242,23478,172730
25244,23194,172836
25248,23487,172921
25249,23694,172925
25250,23695,172925
25253,23354,172950
25256,23450,172982
25257,4304,172991
25258,22832,173001
25259,23705,173001
25260,23580,173062
25261,22994,173069
25262,27424,173075
25263,23409,173094
25265,22845,173100
25266,23363,173103
25268,23620,173204
25269,23441,173227
25270,3909,173334
25271,23206,173376
25272,23562,173376
25273,25567,173376
25274,23415,173419
25275,27546,173433
25276,23706,173484
25277,23240,173487
25278,22863,173490
25279,23499,173500
25280,23025,173516
25281,23414,173548
25284,23410,173624
25285,23507,173624
25286,23019,173643
25288,23680,173647
25289,22930,173649
25292,23511,173724
25293,23512,173724
25294,22857,173736
25295,23521,173738
25297,23617,173763
25298,23518,173764
25300,23530,173788
25301,23523,173792
25302,3891,173816
25303,22853,173816
25306,23528,173827
25307,23137,173838
25308,23559,173851
25309,3905,173886
25310,23549,173887
25312,23540,173902
25313,23542,173917
25317,23545,173947
25320,22944,174003
25321,23003,174018
25322,23012,174018
25323,23552,174038
25325,23060,174096
25327,22946,174150
25328,23567,174190
25329,23570,174220
25330,23157,174230
25331,22925,174233
25332,22951,174253
25333,3929,174279
25334,23480,174302
25335,23573,174315
25336,23574,174356
25337,23575,174366
25339,22982,174392
25340,23596,174412
25342,23401,174429
25345,23356,174485
25346,23310,174488
25347,23592,174509
25348,3885,174572
25349,27915,174572
25350,3927,174581
25351,22919,174585
25352,22837,174616
25353,23139,174616
25355,22847,174622
25357,23467,174676
25358,23600,174712
25359,4399,174716
25361,23147,174827
25362,3920,175414
25363,23605,175500
25364,22916,175646
25366,23606,175675
25367,3938,175718
25368,15194,175723
25369,22999,175731
25370,23610,175738
25371,23613,175759
25372,23614,175761
25374,23619,175784
25375,23625,175787
25376,22868,175812
25378,23642,175882
25379,22968,175890
25381,22989,175895
25383,23628,175971
25385,10594,175981
25386,23091,175988
25387,23609,175990
25388,3906,175992
25389,22856,176062
25391,23654,176107
25392,23385,176109
25393,23684,176109
25395,23108,176136
25396,23443,176155
25397,23643,176205
25398,3890,176234
25402,23648,176242
25404,27662,176243
25405,23579,176247
25406,25555,176248
25408,23169,176256
25409,23486,176257
25410,23653,176275
25413,23666,176337
25414,23525,176340
25415,25566,176341
25416,23355,176353
25417,23007,176367
25419,23571,176393
25422,22957,176463
25424,23213,176487
25425,23681,176511
25426,23519,176536
25427,23686,176557
25428,23687,176559
25429,23688,176559
25431,23693,176611
25432,23697,176623
25433,23067,176668
25435,27278,176721
25436,23114,176725
25438,23404,176744
25439,23702,176750
25440,4100,176754
25441,22834,176768
25442,23704,176817
25444,23171,176844
25447,23708,176940
25448,23451,176956
25449,23717,177112
25450,3930,177115
25451,23554,177115
25452,23322,177150
25453,23365,177188
25454,25073,193242
25456,24894,193244
25457,25318,193248
25458,27670,193248
25459,4045,193249
25461,24898,193254
25462,25170,193254
25463,7851,193255
25465,25098,193257
25467,27243,193258
25468,27285,193258
25469,27286,193258
25470,2619,193262
25472,4605,193266
25473,4606,193266
25474,24957,193274
25475,25957,193274
25476,27614,193274
25477,7192,193277
25480,25299,193281
25482,4080,193282
25483,25140,193284
25484,4694,193285
25485,24942,193289
25486,24944,193291
25487,24939,193294
25488,24940,193294
25489,25028,193294
25490,27344,193294
25491,24930,193296
25492,6864,193297
25494,24956,193298
25495,24959,193299
25496,25106,193299
25497,24987,193305
25498,25203,193306
25499,25235,193310
25501,25311,193312
25503,4041,193313
25504,25019,193317
25505,25034,193317
25507,25195,193322
25508,4053,193323
25511,25048,193325
25512,25183,193325
25513,27188,193325
25514,3053,193329
25515,25065,193329
25517,25842,193332
25518,25054,193340
25520,25076,193345
25523,25080,193348
25524,25081,193348
25525,27209,193348
25527,25093,193354
25528,24908,193358
25531,24963,193362
25532,25085,193362
25533,25086,193362
25534,25087,193362
25535,25088,193362
25536,27279,193364
25538,24983,193369
25540,4328,193370
25541,25113,193371
25542,25258,193374
25543,25210,193376
25544,24950,193377
25548,25101,193384
25549,25102,193384
25551,25274,193384
25552,25982,193384
25553,25232,193385
25556,25052,193393
25559,25332,193395
25562,4037,193402
25563,25262,193406
25564,27565,193407
25565,72,193412
25566,4035,193412
25567,4036,193412
25568,25128,193416
25569,25114,193421
25570,25275,193422
25572,25176,193427
25573,24934,193430
25574,25122,193430
25576,24985,193432
25577,3627,193437
25578,25123,193444
25579,23419,193445
25580,25284,193446
25581,25136,193447
25582,25229,193448
25583,25303,193449
25586,4027,193454
25587,25222,193454
25590,25139,193459
25591,25030,193461
25592,25058,193461
25595,25338,193462
25600,24971,193470
25601,25083,193470
25602,25208,193470
25605,25151,193476
25606,25288,193476
25607,4030,193481
25608,4031,193481
25609,4761,193482
25610,25001,193484
25611,25089,193485
25612,25090,193485
25613,25092,193485
25614,4667,193487
25616,27490,193487
25617,25323,193489
25618,24979,193490
25620,25056,193492
25621,24899,193493
25622,25335,193494
25623,25035,193495
25624,25036,193495
25625,25063,193499
25626,25763,193501
25627,24925,193506
25629,25096,193509
25631,25148,193513
25633,25282,193515
25634,25283,193515
25637,4043,193519
25638,25301,193522
25639,4663,193523
25642,27251,193529
25643,25174,193535
25644,25175,193535
25645,4637,193537
25646,4129,193538
25647,25016,193538
25649,24928,193543
25650,25194,193543
25651,25191,193544
25655,25021,193550
25656,24946,193553
25657,4050,193554
25659,25236,193567
25661,25238,193567
25663,25066,193573
25664,25257,193573
25665,25135,193575
25666,27022,193576
25667,25261,193577
25669,25186,193580
25671,25281,193581
25673,24941,193586
25674,27560,193587
25675,25002,193590
25676,25003,193590
25678,25310,193593
25681,25120,193598
25683,24907,193602
25684,24996,193602
25685,25511,193831
25689,25546,193864
25690,25549,193876
25691,25568,193895
25699,19518,194041
25703,17241,194093
25704,134,194953
25705,135,194953
25706,19355,194953
25710,13849,196157
25711,21364,196157
25712,8906,197272
25713,17095,197272
25714,21541,197272
25716,17156,197459
25717,17157,197459
25720,7687,197749
25723,2239,198409
25724,39,199153
25725,41,199153
25726,654,199153
25728,355,199239
25730,2933,199239
25731,2934,199239
25732,2935,199239
25735,19391,199731
25737,14764,201987
25738,14765,201987
25740,18203,201987
25742,25831,202891
